,trial_idx,agent_choices,choice_a0,choice_a1,better_choice,correct_a0,correct_a1,correct_choices,navigation_init_time,navigation_init_idx,navigation_end_time,observer,player,player_choice,observer_choice,poll_probs,prop_touched_polls,reaction_time,reward,reward_time,total_polls,touched_polls,trial_aborted,trial_duration
0,0,[-1.0],-1.0,0,-1.0,1.0,0,[1.0],1679421050.12501,201,8.582084655761719,1,0,-1,0,0.15,0.7333333333333333,[2.5500168800354004],0.0,8.582084655761719,15,11,0,9.581154584884644
1,1,[1.0],1.0,0,-1.0,-1.0,0,[-1.0],1679421060.890885,107,6.882144927978516,1,0,1,0,0.0,0.8,[0.9827399253845215],0.0,6.882144927978516,15,12,0,7.882610082626343
2,2,[-1.0],-1.0,0,-1.0,1.0,0,[1.0],1679421071.524014,111,3.299913167953491,1,0,-1,0,0.15,0.5,[1.049983263015747],1.0,3.299913167953491,4,2,0,4.299630165100098
3,3,[-1.0],-1.0,0,-1.0,1.0,0,[1.0],1679421078.34044,108,5.582632064819336,1,0,-1,0,0.15,0.7272727272727273,[0.9998071193695068],1.0,5.582632064819336,11,8,0,6.582581043243408
4,4,[-1.0],-1.0,0,-1.0,1.0,0,[1.0],1679421087.589098,109,5.249344110488892,1,0,-1,0,0.15,0.7,[1.0163569450378418],1.0,5.249344110488892,10,7,0,6.2500081062316895
5,5,[-1.0],-1.0,0,-1.0,1.0,0,[1.0],1679421096.521583,111,5.616295099258423,1,0,-1,0,0.15,0.9090909090909091,[1.049349069595337],1.0,5.616295099258423,11,10,0,6.615580797195435
6,6,[-1.0],-1.0,0,-1.0,1.0,0,[1.0],1679421105.7709079,109,4.282530784606934,1,0,-1,0,0.15,0.7142857142857143,[1.0161750316619873],1.0,4.282530784606934,7,5,0,5.282373905181885
7,7,[-1.0],-1.0,0,-1.0,1.0,0,[1.0],1679421114.503884,160,4.766001224517822,1,0,-1,0,0.15,0.8333333333333334,[1.866117238998413],1.0,4.766001224517822,6,5,0,5.766892194747925
8,8,[-1.0],-1.0,0,-1.0,1.0,0,[1.0],1679421122.086972,111,4.949596166610718,1,0,-1,0,0.15,0.7777777777777778,[1.0496582984924316],1.0,4.949596166610718,9,7,0,5.949334144592285
9,9,[-1.0],-1.0,0,-1.0,1.0,0,[1.0],1679421130.603488,107,6.915803909301758,1,0,-1,0,0.15,0.6666666666666666,[0.9830849170684814],0.0,6.915803909301758,15,10,0,7.9157469272613525
10,10,[1.0],1.0,0,-1.0,-1.0,0,[-1.0],1679421141.3187132,113,7.000016927719116,1,0,1,0,0.0,0.6666666666666666,[1.083202838897705],0.0,7.000016927719116,15,10,0,7.998971939086914
11,11,[1.0],1.0,0,1.0,1.0,0,[1.0],1679421155.051316,294,8.999121189117432,1,0,1,0,0.15,0.5833333333333334,[4.099388122558594],1.0,8.999121189117432,12,7,0,9.999444246292114
12,12,[1.0],1.0,0,1.0,1.0,0,[1.0],1679421164.7515268,108,4.915730953216553,1,0,1,0,0.15,0.6666666666666666,[0.999427080154419],1.0,4.915730953216553,9,6,0,5.915488004684448
13,13,[1.0],1.0,0,1.0,1.0,0,[1.0],1679421173.716535,133,7.333116769790649,1,0,1,0,0.15,0.8,[1.4161558151245117],0.0,7.333116769790649,15,12,0,8.332575798034668
14,14,[-1.0],-1.0,0,1.0,-1.0,0,[-1.0],1679421184.3824372,109,7.115608215332031,1,0,-1,0,0.0,0.3333333333333333,[1.0159821510314941],0.0,7.115608215332031,15,5,0,8.131898164749146
15,15,[1.0],1.0,0,1.0,1.0,0,[1.0],1679421197.714933,258,7.416034936904907,1,0,1,0,0.15,0.7777777777777778,[3.4995779991149902],1.0,7.416034936904907,9,7,0,8.415616989135742
16,16,[1.0],1.0,0,1.0,1.0,0,[1.0],1679421206.380929,109,6.932877779006958,1,0,1,0,0.15,0.7333333333333333,[1.016333818435669],0.0,6.932877779006958,15,11,0,7.932359933853149
17,17,[-1.0],-1.0,0,1.0,-1.0,0,[-1.0],1679421217.096529,113,7.016197681427002,1,0,-1,0,0.0,0.8,[1.0835649967193604],0.0,7.016197681427002,15,12,0,8.016455888748169
18,18,[1.0],1.0,0,1.0,1.0,0,[1.0],1679421227.729271,107,4.21664571762085,1,0,1,0,0.15,0.8571428571428571,[0.9830687046051025],1.0,4.21664571762085,7,6,0,5.215904951095581
19,19,[1.0],1.0,0,1.0,1.0,0,[1.0],1679421235.562571,109,6.582871198654175,1,0,1,0,0.15,0.5714285714285714,[1.0166380405426025],1.0,6.582871198654175,14,8,0,7.582593202590942
20,20,[1.0],1.0,0,1.0,1.0,0,[1.0],1679421245.811933,107,4.899684906005859,1,0,1,0,0.15,0.7777777777777778,[0.9835479259490967],1.0,4.899684906005859,9,7,0,5.899463891983032
21,21,[1.0],1.0,0,1.0,1.0,0,[1.0],1679421254.37863,109,7.032973051071167,1,0,1,0,0.15,0.7333333333333333,[1.0167598724365234],0.0,7.032973051071167,15,11,0,8.033566951751709
22,22,[-1.0],-1.0,0,-1.0,1.0,0,[1.0],1679421265.093496,107,3.966607093811035,1,0,-1,0,0.15,0.8333333333333334,[0.9835970401763916],1.0,3.966607093811035,6,5,0,4.966774940490723
23,23,[-1.0],-1.0,0,-1.0,1.0,0,[1.0],1679421272.6593869,107,4.232527017593384,1,0,-1,0,0.15,0.7142857142857143,[0.98282790184021],1.0,4.232527017593384,7,5,0,5.232126951217651
24,24,[-1.0],-1.0,0,-1.0,1.0,0,[1.0],1679421280.492255,107,2.8832168579101562,1,0,-1,0,0.15,0.3333333333333333,[0.9832518100738525],1.0,2.8832168579101562,3,1,0,3.8832788467407227
25,25,[-1.0],-1.0,0,-1.0,1.0,0,[1.0],1679421286.94266,109,4.5829362869262695,1,0,-1,0,0.15,0.625,[1.0165600776672363],1.0,4.5829362869262695,8,5,0,5.582178115844727
26,26,[-1.0],-1.0,0,-1.0,1.0,0,[1.0],1679421295.158404,111,4.949783086776733,1,0,-1,0,0.15,0.8888888888888888,[1.049349069595337],1.0,4.949783086776733,9,8,0,5.949041128158569
27,27,[-1.0],-1.0,0,-1.0,1.0,0,[1.0],1679421303.741175,112,7.0490968227386475,1,0,-1,0,0.15,0.8,[1.0663559436798096],0.0,7.0490968227386475,15,12,0,8.048897981643677
28,28,[-1.0],-1.0,0,-1.0,1.0,0,[1.0],1679421315.5232902,173,8.016166925430298,1,0,-1,0,0.15,0.4,[2.0828418731689453],1.0,8.016166925430298,15,6,0,9.015616178512573
29,29,[-1.0],-1.0,0,-1.0,1.0,0,[1.0],1679421326.738924,139,4.766573905944824,1,0,-1,0,0.15,1.0,[1.5164620876312256],1.0,4.766573905944824,7,7,0,5.766891002655029
30,30,[-1.0],-1.0,0,-1.0,1.0,0,[1.0],1679421334.7722518,118,4.748665809631348,1,0,-1,0,0.15,0.875,[1.165172815322876],1.0,4.748665809631348,8,7,0,5.748097896575928
31,31,[-1.0],-1.0,0,-1.0,1.0,0,[1.0],1679421342.987883,108,2.5667929649353027,1,0,-1,0,0.15,0.5,[0.9996340274810791],1.0,2.5667929649353027,2,1,0,3.566542148590088
32,32,[-1.0],-1.0,0,-1.0,1.0,0,[1.0],1679421349.1207502,111,4.283815860748291,1,0,-1,0,0.15,0.5714285714285714,[1.0497539043426514],1.0,4.283815860748291,7,4,0,5.282752990722656
33,33,[-1.0],-1.0,0,1.0,-1.0,0,[-1.0],1679421356.9704452,108,6.949458122253418,1,0,-1,0,0.0,0.6666666666666666,[0.9997010231018066],0.0,6.949458122253418,15,10,0,7.948939085006714
34,34,[-1.0],-1.0,0,1.0,-1.0,0,[-1.0],1679421367.652695,109,7.115679025650024,1,0,-1,0,0.0,0.6666666666666666,[1.0159780979156494],0.0,7.115679025650024,15,10,0,8.115580320358276
35,35,[1.0],1.0,0,1.0,1.0,0,[1.0],1679421378.552486,113,6.984034776687622,1,0,1,0,0.15,0.7333333333333333,[1.0833277702331543],0.0,6.984034776687622,15,11,0,7.983454942703247
36,36,[1.0],1.0,0,1.0,1.0,0,[1.0],1679421389.251793,113,2.6664140224456787,1,0,1,0,0.15,1.0,[1.0842270851135254],1.0,2.6664140224456787,2,2,0,3.6663107872009277
37,37,[1.0],1.0,0,1.0,1.0,0,[1.0],1679421395.367549,107,2.56695294380188,1,0,1,0,0.15,1.0,[0.9827148914337158],1.0,2.56695294380188,2,2,0,3.5656049251556396
38,38,[1.0],1.0,0,1.0,1.0,0,[1.0],1679421401.501777,109,4.916178941726685,1,0,1,0,0.15,0.8888888888888888,[1.0163419246673584],1.0,4.916178941726685,9,8,0,5.916161060333252
39,39,[1.0],1.0,0,1.0,1.0,0,[1.0],1679421410.016628,108,2.2831060886383057,1,0,1,0,0.15,1.0,[0.9997398853302002],1.0,2.2831060886383057,1,1,0,3.2831218242645264
40,40,[1.0],1.0,0,1.0,1.0,0,[1.0],1679421415.816152,107,6.88329005241394,1,0,1,0,0.15,0.6,[0.9829869270324707],0.0,6.88329005241394,15,9,0,7.8822021484375
41,41,[1.0],1.0,0,1.0,1.0,0,[1.0],1679421426.4820669,112,7.165834903717041,1,0,1,0,0.15,0.6666666666666666,[1.066340684890747],0.0,7.165834903717041,15,10,0,8.165494918823242
42,42,[-1.0],-1.0,0,1.0,-1.0,0,[-1.0],1679421437.347733,112,6.965956926345825,1,0,-1,0,0.0,0.6,[1.0684409141540527],0.0,6.965956926345825,15,9,0,7.965667963027954
43,43,[-1.0],-1.0,0,1.0,-1.0,0,[-1.0],1679421447.997264,110,6.950109958648682,1,0,-1,0,0.0,0.9333333333333333,[1.0327727794647217],0.0,6.950109958648682,15,14,0,7.94943904876709
44,44,[1.0],1.0,0,1.0,1.0,0,[1.0],1679421458.647697,109,4.58310079574585,1,0,1,0,0.15,1.0,[1.016629934310913],1.0,4.58310079574585,8,8,0,5.582530975341797
45,45,[1.0],1.0,0,-1.0,-1.0,0,[-1.0],1679421466.81251,107,6.932687997817993,1,0,1,0,0.0,0.7333333333333333,[0.983299970626831],0.0,6.932687997817993,15,11,0,7.932492017745972
46,46,[1.0],1.0,0,-1.0,-1.0,0,[-1.0],1679421477.545161,113,6.999176979064941,1,0,1,0,0.0,0.8666666666666667,[1.0840818881988525],0.0,6.999176979064941,15,13,0,7.9990479946136475
47,47,[-1.0],-1.0,0,-1.0,1.0,0,[1.0],1679421488.227948,111,3.749919891357422,1,0,-1,0,0.15,0.4,[1.048957109451294],1.0,3.749919891357422,5,2,0,4.749661207199097
48,48,[-1.0],-1.0,0,-1.0,1.0,0,[1.0],1679421495.4940429,107,6.2157580852508545,1,0,-1,0,0.15,0.7692307692307693,[0.9829001426696777],1.0,6.2157580852508545,13,10,0,7.2158191204071045
49,49,[-1.0],-1.0,0,-1.0,1.0,0,[1.0],1679421505.476574,112,4.333403825759888,1,0,-1,0,0.15,0.42857142857142855,[1.0665767192840576],1.0,4.333403825759888,7,3,0,5.332759857177734
50,50,[-1.0],-1.0,0,-1.0,1.0,0,[1.0],1679421513.3932202,110,7.132673025131226,1,0,-1,0,0.15,0.7333333333333333,[1.0326597690582275],0.0,7.132673025131226,15,11,0,8.132484674453735
51,51,[-1.0],-1.0,0,-1.0,1.0,0,[1.0],1679421524.226018,109,5.916394948959351,1,0,-1,0,0.15,0.8333333333333334,[1.017672061920166],1.0,5.916394948959351,12,10,0,6.916177988052368
52,52,[-1.0],-1.0,0,-1.0,1.0,0,[1.0],1679421533.7746181,107,3.916343927383423,1,0,-1,0,0.15,0.6666666666666666,[0.983618974685669],1.0,3.916343927383423,6,4,0,4.91628098487854
53,53,[-1.0],-1.0,0,-1.0,1.0,0,[1.0],1679421541.307359,108,6.2501068115234375,1,0,-1,0,0.15,0.7692307692307693,[1.00018310546875],1.0,6.2501068115234375,13,10,0,7.249430894851685
54,54,[-1.0],-1.0,0,-1.0,1.0,0,[1.0],1679421551.223326,107,5.566319227218628,1,0,-1,0,0.15,0.8181818181818182,[0.9831080436706543],1.0,5.566319227218628,11,9,0,6.566194295883179
55,55,[-1.0],-1.0,0,-1.0,1.0,0,[1.0],1679421560.556496,114,7.200401782989502,1,0,-1,0,0.15,0.6,[1.1000237464904785],0.0,7.200401782989502,15,9,0,8.198944568634033
56,56,[-1.0],-1.0,0,1.0,-1.0,0,[-1.0],1679421571.356124,108,6.982288837432861,1,0,-1,0,0.0,0.6,[0.9992151260375977],0.0,6.982288837432861,15,9,0,7.981750011444092
57,57,[1.0],1.0,0,1.0,1.0,0,[1.0],1679421582.0552058,108,3.250699758529663,1,0,1,0,0.15,1.0,[0.9997761249542236],1.0,3.250699758529663,4,4,0,4.250301122665405
58,58,[1.0],1.0,0,1.0,1.0,0,[1.0],1679421588.8705878,108,2.93218994140625,1,0,1,0,0.15,1.0,[0.9996969699859619],1.0,2.93218994140625,3,3,0,3.932267904281616
59,59,[1.0],1.0,0,1.0,1.0,0,[1.0],1679421595.353882,108,3.932960033416748,1,0,1,0,0.15,0.6666666666666666,[1.0000202655792236],1.0,3.932960033416748,6,4,0,4.933134078979492
60,60,[1.0],1.0,0,1.0,1.0,0,[1.0],1679421602.886789,107,4.249721050262451,1,0,1,0,0.15,0.7142857142857143,[1.000007152557373],1.0,4.249721050262451,7,5,0,5.2494120597839355
61,61,[1.0],1.0,0,1.0,1.0,0,[1.0],1679421610.754959,109,4.249890089035034,1,0,1,0,0.15,0.8571428571428571,[1.016413927078247],1.0,4.249890089035034,7,6,0,5.2497029304504395
62,62,[1.0],1.0,0,1.0,1.0,0,[1.0],1679421618.568755,107,2.899843692779541,1,0,1,0,0.15,1.0,[0.9828627109527588],1.0,2.899843692779541,3,3,0,3.8995866775512695
63,63,[1.0],1.0,0,1.0,1.0,0,[1.0],1679421625.018492,108,6.966285228729248,1,0,1,0,0.15,0.8,[1.000157117843628],0.0,6.966285228729248,15,12,0,7.966210126876831
64,64,[1.0],1.0,0,1.0,1.0,0,[1.0],1679421636.117394,133,2.7323288917541504,1,0,1,0,0.15,1.0,[1.4156160354614258],1.0,2.7323288917541504,1,1,0,3.731983184814453
65,65,[1.0],1.0,0,1.0,1.0,0,[1.0],1679421642.000709,109,6.93308687210083,1,0,1,0,0.15,0.8666666666666667,[1.0166609287261963],0.0,6.93308687210083,15,13,0,7.932603120803833
66,66,[1.0],1.0,0,1.0,1.0,0,[1.0],1679421652.666264,111,5.949864864349365,1,0,1,0,0.15,0.8333333333333334,[1.049710988998413],1.0,5.949864864349365,12,10,0,6.949275016784668
67,67,[1.0],1.0,0,1.0,1.0,0,[1.0],1679421662.248905,108,6.899559020996094,1,0,1,0,0.15,0.8666666666666667,[0.999748945236206],0.0,6.899559020996094,15,13,0,7.899274110794067
68,68,[-1.0],-1.0,0,1.0,-1.0,0,[-1.0],1679421672.865669,110,6.932593822479248,1,0,-1,0,0.0,0.8,[1.0332298278808594],0.0,6.932593822479248,15,12,0,7.932874917984009
69,69,[-1.0],-1.0,0,1.0,-1.0,0,[-1.0],1679421683.4482079,107,6.965497732162476,1,0,-1,0,0.0,0.6,[0.98282790184021],0.0,6.965497732162476,15,9,0,7.9652838706970215
70,70,[-1.0],-1.0,0,-1.0,1.0,0,[1.0],1679421694.2136111,112,2.9663732051849365,1,0,-1,0,0.15,0.3333333333333333,[1.0659561157226562],1.0,2.9663732051849365,3,1,0,3.965496063232422
71,71,[-1.0],-1.0,0,-1.0,1.0,0,[1.0],1679421700.6471229,107,3.882836103439331,1,0,-1,0,0.15,0.6666666666666666,[0.9828171730041504],1.0,3.882836103439331,6,4,0,4.8826539516448975
72,72,[-1.0],-1.0,0,-1.0,1.0,0,[1.0],1679421708.145817,109,3.9333159923553467,1,0,-1,0,0.15,0.8333333333333334,[1.0163209438323975],1.0,3.9333159923553467,6,5,0,4.933064937591553
73,73,[-1.0],-1.0,0,-1.0,1.0,0,[1.0],1679421715.679329,109,6.949754953384399,1,0,-1,0,0.15,0.6666666666666666,[1.0159199237823486],0.0,6.949754953384399,15,10,0,7.949563980102539
74,74,[-1.0],-1.0,0,-1.0,1.0,0,[1.0],1679421726.328127,108,2.9336278438568115,1,0,-1,0,0.15,0.3333333333333333,[0.9996347427368164],1.0,2.9336278438568115,3,1,0,3.932378053665161
75,75,[-1.0],-1.0,0,-1.0,1.0,0,[1.0],1679421732.811278,108,5.5832366943359375,1,0,-1,0,0.15,0.6363636363636364,[0.9998469352722168],1.0,5.5832366943359375,11,7,0,6.582908868789673
76,76,[-1.0],-1.0,0,-1.0,1.0,0,[1.0],1679421742.09395,110,6.299533843994141,1,0,-1,0,0.15,0.7692307692307693,[1.0336008071899414],1.0,6.299533843994141,13,10,0,7.29924464225769
77,77,[-1.0],-1.0,0,-1.0,1.0,0,[1.0],1679421752.109872,112,3.9661717414855957,1,0,-1,0,0.15,0.5,[1.068018913269043],1.0,3.9661717414855957,6,3,0,4.965957880020142
78,78,[-1.0],-1.0,0,-1.0,1.0,0,[1.0],1679421759.64303,110,2.59965181350708,1,0,-1,0,0.15,1.0,[1.0330398082733154],1.0,2.59965181350708,2,2,0,3.599890947341919
79,79,[-1.0],-1.0,0,-1.0,1.0,0,[1.0],1679421765.95882,122,3.8666276931762695,1,0,-1,0,0.15,0.6,[1.2351317405700684],1.0,3.8666276931762695,5,3,0,4.866386890411377
80,80,[-1.0],-1.0,0,-1.0,1.0,0,[1.0],1679421773.208002,110,4.266264200210571,1,0,-1,0,0.15,0.8571428571428571,[1.0336263179779053],1.0,4.266264200210571,7,6,0,5.265516042709351
81,81,[-1.0],-1.0,0,-1.0,1.0,0,[1.0],1679421781.45728,133,6.365623950958252,1,0,-1,0,0.15,0.5,[1.4158329963684082],1.0,6.365623950958252,12,6,0,7.366188049316406
82,82,[-1.0],-1.0,0,1.0,-1.0,0,[-1.0],1679421791.073292,107,6.899533748626709,1,0,-1,0,0.0,0.8666666666666667,[0.9831359386444092],0.0,6.899533748626709,15,13,0,7.899751901626587
83,83,[-1.0],-1.0,0,1.0,-1.0,0,[-1.0],1679421801.705867,109,7.000260829925537,1,0,-1,0,0.0,0.7333333333333333,[1.0158579349517822],0.0,7.000260829925537,15,11,0,7.998703718185425
84,84,[1.0],1.0,0,1.0,1.0,0,[1.0],1679421812.3885598,107,2.583245038986206,1,0,1,0,0.15,1.0,[0.983361005783081],1.0,2.583245038986206,2,2,0,3.582906723022461
85,85,[1.0],1.0,0,1.0,1.0,0,[1.0],1679421818.504508,107,2.9168319702148438,1,0,1,0,0.15,0.6666666666666666,[0.982914924621582],1.0,2.9168319702148438,3,2,0,3.9160449504852295
86,86,[1.0],1.0,0,1.0,1.0,0,[1.0],1679421824.971582,107,6.882612943649292,1,0,1,0,0.15,0.8,[0.9833121299743652],0.0,6.882612943649292,15,12,0,7.8821868896484375
87,87,[1.0],1.0,0,1.0,1.0,0,[1.0],1679421835.6035469,109,2.3164987564086914,1,0,1,0,0.15,1.0,[1.0163848400115967],1.0,2.3164987564086914,1,1,0,3.316248893737793
88,88,[1.0],1.0,0,1.0,1.0,0,[1.0],1679421841.4198499,107,5.215847730636597,1,0,1,0,0.15,0.7,[0.9826228618621826],1.0,5.215847730636597,10,7,0,6.215707778930664
89,89,[1.0],1.0,0,1.0,1.0,0,[1.0],1679421850.31965,109,2.6001009941101074,1,0,1,0,0.15,0.5,[1.0163688659667969],1.0,2.6001009941101074,2,1,0,3.5996479988098145
90,90,[1.0],1.0,0,1.0,1.0,0,[1.0],1679421856.418737,107,5.916862964630127,1,0,1,0,0.15,0.6666666666666666,[0.9832592010498047],1.0,5.916862964630127,12,8,0,6.916593074798584
91,91,[1.0],1.0,0,1.0,1.0,0,[1.0],1679421866.035,109,4.283676862716675,1,0,1,0,0.15,0.5714285714285714,[1.016887903213501],1.0,4.283676862716675,7,4,0,5.283114910125732
92,92,[1.0],1.0,0,1.0,1.0,0,[1.0],1679421873.8850272,107,3.9339170455932617,1,0,1,0,0.15,0.5,[0.9832141399383545],1.0,3.9339170455932617,6,3,0,4.9335691928863525
93,93,[1.0],1.0,0,1.0,1.0,0,[1.0],1679421881.7678049,128,3.582658052444458,1,0,1,0,0.15,0.75,[1.3329310417175293],1.0,3.582658052444458,4,3,0,4.582427024841309
94,94,[1.0],1.0,0,1.0,1.0,0,[1.0],1679421888.6667562,112,2.3001599311828613,1,0,1,0,0.15,1.0,[1.066537857055664],1.0,2.3001599311828613,1,1,0,3.2999138832092285
95,95,[1.0],1.0,0,1.0,1.0,0,[1.0],1679421896.732534,246,9.215976238250732,1,0,1,0,0.15,0.6666666666666666,[3.299673080444336],0.0,9.215976238250732,15,10,0,10.215594053268433
96,96,[-1.0],-1.0,0,-1.0,1.0,0,[1.0],1679421907.483857,109,4.583790063858032,1,0,-1,0,0.15,0.875,[1.0171620845794678],1.0,4.583790063858032,8,7,0,5.582741022109985
97,97,[-1.0],-1.0,0,-1.0,1.0,0,[1.0],1679421915.647923,107,4.582686901092529,1,0,-1,0,0.15,0.625,[0.9828710556030273],1.0,4.582686901092529,8,5,0,5.582505226135254
98,98,[-1.0],-1.0,0,-1.0,1.0,0,[1.0],1679421923.8313532,107,2.54986310005188,1,0,-1,0,0.15,1.0,[0.9836101531982422],1.0,2.54986310005188,2,2,0,3.5495591163635254
99,99,[-1.0],-1.0,0,-1.0,1.0,0,[1.0],1679421929.913651,107,4.883074045181274,1,0,-1,0,0.15,0.5555555555555556,[0.9831011295318604],1.0,4.883074045181274,9,5,0,5.883277177810669
100,100,[-1.0],-1.0,0,-1.0,1.0,0,[1.0],1679421938.446377,109,2.3500139713287354,1,0,-1,0,0.15,1.0,[1.016526699066162],1.0,2.3500139713287354,1,1,0,3.3494226932525635
101,101,[-1.0],-1.0,0,-1.0,1.0,0,[1.0],1679421944.31251,108,2.932988166809082,1,0,-1,0,0.15,0.6666666666666666,[0.9995372295379639],1.0,2.932988166809082,3,2,0,3.9327690601348877
102,102,[-1.0],-1.0,0,-1.0,1.0,0,[1.0],1679421950.812611,109,7.1152708530426025,1,0,-1,0,0.15,0.5333333333333333,[1.015627145767212],0.0,7.1152708530426025,15,8,0,8.131717205047607
103,103,[-1.0],-1.0,0,-1.0,1.0,0,[1.0],1679421963.194984,201,5.1333911418914795,1,0,-1,0,0.15,0.6,[2.549927234649658],1.0,5.1333911418914795,5,3,0,6.13272500038147
104,104,[-1.0],-1.0,0,-1.0,1.0,0,[1.0],1679421970.494573,113,3.316986322402954,1,0,-1,0,0.15,0.5,[1.0839321613311768],1.0,3.316986322402954,4,2,0,4.316598176956177
105,105,[-1.0],-1.0,0,-1.0,1.0,0,[1.0],1679421977.327133,110,3.599382162094116,1,0,-1,0,0.15,0.6,[1.0329012870788574],1.0,3.599382162094116,5,3,0,4.5992162227630615
106,106,[-1.0],-1.0,0,-1.0,1.0,0,[1.0],1679421984.509829,110,6.998800992965698,1,0,-1,0,0.15,0.6666666666666666,[1.0329129695892334],0.0,6.998800992965698,15,10,0,7.998955011367798
107,107,[-1.0],-1.0,0,-1.0,1.0,0,[1.0],1679421995.342268,117,7.249083995819092,1,0,-1,0,0.15,0.5333333333333333,[1.149350881576538],0.0,7.249083995819092,15,8,0,8.248904943466187
108,108,[-1.0],-1.0,0,-1.0,1.0,0,[1.0],1679422006.241576,112,6.6494128704071045,1,0,-1,0,0.15,0.7857142857142857,[1.0663669109344482],1.0,6.6494128704071045,14,11,0,7.649573802947998
109,109,[-1.0],-1.0,0,-1.0,1.0,0,[1.0],1679422017.358002,158,7.9332311153411865,1,0,-1,0,0.15,0.6666666666666666,[1.8331351280212402],0.0,7.9332311153411865,15,10,0,8.932196140289307
110,110,[-1.0],-1.0,0,-1.0,1.0,0,[1.0],1679422028.2235498,110,4.266823053359985,1,0,-1,0,0.15,0.7142857142857143,[1.0331799983978271],1.0,4.266823053359985,7,5,0,5.266688108444214
111,111,[-1.0],-1.0,0,-1.0,1.0,0,[1.0],1679422036.140248,113,5.315591096878052,1,0,-1,0,0.15,0.8,[1.0843429565429688],1.0,5.315591096878052,10,8,0,6.315791130065918
112,112,[-1.0],-1.0,0,1.0,-1.0,0,[-1.0],1679422045.0388632,110,7.133127212524414,1,0,-1,0,0.0,0.5333333333333333,[1.032984972000122],0.0,7.133127212524414,15,8,0,8.13231110572815
113,113,[1.0],1.0,0,1.0,1.0,0,[1.0],1679422056.004747,117,3.1002931594848633,1,0,1,0,0.15,1.0,[1.1498491764068604],1.0,3.1002931594848633,3,3,0,4.099980115890503
114,114,[1.0],1.0,0,1.0,1.0,0,[1.0],1679422062.5378659,109,4.3661932945251465,1,0,1,0,0.15,0.5714285714285714,[1.0161850452423096],1.0,4.3661932945251465,7,4,0,5.365864992141724
115,115,[1.0],1.0,0,1.0,1.0,0,[1.0],1679422070.4704971,107,2.5661699771881104,1,0,1,0,0.15,0.5,[0.9829549789428711],1.0,2.5661699771881104,2,1,0,3.5658838748931885
116,116,[1.0],1.0,0,1.0,1.0,0,[1.0],1679422076.738942,107,6.949770927429199,1,0,1,0,0.15,0.6666666666666666,[0.9828779697418213],0.0,6.949770927429199,15,10,0,7.948931932449341
117,117,[1.0],1.0,0,1.0,1.0,0,[1.0],1679422087.472328,111,3.9495418071746826,1,0,1,0,0.15,0.8333333333333334,[1.0503606796264648],1.0,3.9495418071746826,6,5,0,4.949591875076294
118,118,[1.0],1.0,0,1.0,1.0,0,[1.0],1679422094.9876978,109,5.64951491355896,1,0,1,0,0.15,0.8181818181818182,[1.0160629749298096],1.0,5.64951491355896,11,9,0,6.649118900299072
119,119,[1.0],1.0,0,1.0,1.0,0,[1.0],1679422105.203924,163,4.149585962295532,1,0,1,0,0.15,1.0,[1.9165477752685547],1.0,4.149585962295532,4,4,0,5.1494317054748535
120,120,[1.0],1.0,0,1.0,1.0,0,[1.0],1679422112.053813,109,6.9319281578063965,1,0,1,0,0.15,0.7333333333333333,[1.015491247177124],1.0,6.9319281578063965,15,11,0,7.931750297546387
121,121,[1.0],1.0,0,1.0,1.0,0,[1.0],1679422122.769035,113,2.9830410480499268,1,0,1,0,0.15,0.6666666666666666,[1.0843849182128906],1.0,2.9830410480499268,3,2,0,3.9826769828796387
122,122,[1.0],1.0,0,1.0,1.0,0,[1.0],1679422129.201785,107,3.0162930488586426,1,0,1,0,0.15,0.6666666666666666,[0.9831769466400146],1.0,3.0162930488586426,3,2,0,4.016211986541748
123,123,[1.0],1.0,0,1.0,1.0,0,[1.0],1679422135.769274,108,3.566659927368164,1,0,1,0,0.15,1.0,[0.9995589256286621],1.0,3.566659927368164,5,5,0,4.566158056259155
124,124,[1.0],1.0,0,1.0,1.0,0,[1.0],1679422142.968524,111,2.2993907928466797,1,0,1,0,0.15,1.0,[1.0496690273284912],1.0,2.2993907928466797,1,1,0,3.2991058826446533
125,125,[1.0],1.0,0,-1.0,-1.0,0,[-1.0],1679422149.3672352,145,7.615569114685059,1,0,1,0,0.0,0.8666666666666667,[1.616150140762329],0.0,7.615569114685059,15,13,0,8.615482091903687
126,126,[-1.0],-1.0,0,-1.0,1.0,0,[1.0],1679422160.083366,108,7.116014003753662,1,0,-1,0,0.15,0.4666666666666667,[1.000128984451294],0.0,7.116014003753662,15,7,0,8.11620807647705
127,127,[-1.0],-1.0,0,-1.0,1.0,0,[1.0],1679422171.2654898,129,3.582866907119751,1,0,-1,0,0.15,0.5,[1.3494360446929932],1.0,3.582866907119751,4,2,0,4.583424806594849
128,128,[-1.0],-1.0,0,-1.0,1.0,0,[1.0],1679422178.148559,112,2.9658150672912598,1,0,-1,0,0.15,0.6666666666666666,[1.0657939910888672],1.0,2.9658150672912598,3,2,0,3.965405225753784
129,129,[-1.0],-1.0,0,-1.0,1.0,0,[1.0],1679422184.581099,107,2.8830666542053223,1,0,-1,0,0.15,1.0,[0.983273983001709],1.0,2.8830666542053223,3,3,0,3.8828887939453125
130,130,[-1.0],-1.0,0,-1.0,1.0,0,[1.0],1679422191.0480561,110,2.6162400245666504,1,0,-1,0,0.15,1.0,[1.0335967540740967],1.0,2.6162400245666504,2,2,0,3.6161389350891113
131,131,[-1.0],-1.0,0,-1.0,1.0,0,[1.0],1679422197.3636968,119,3.766472816467285,1,0,-1,0,0.15,0.6,[1.183931827545166],1.0,3.766472816467285,5,3,0,4.765996694564819
132,132,[-1.0],-1.0,0,-1.0,1.0,0,[1.0],1679422204.5463738,109,3.6163902282714844,1,0,-1,0,0.15,0.6,[1.0167090892791748],1.0,3.6163902282714844,5,3,0,4.616316080093384
133,133,[-1.0],-1.0,0,-1.0,1.0,0,[1.0],1679422211.712754,107,3.233423948287964,1,0,-1,0,0.15,0.5,[0.9832849502563477],1.0,3.233423948287964,4,2,0,4.23309588432312
134,134,[-1.0],-1.0,0,-1.0,1.0,0,[1.0],1679422218.529352,109,2.60019588470459,1,0,-1,0,0.15,0.5,[1.0164408683776855],1.0,2.60019588470459,2,1,0,3.59973406791687
135,135,[-1.0],-1.0,0,-1.0,1.0,0,[1.0],1679422224.6455429,108,3.633060932159424,1,0,-1,0,0.15,0.8,[1.000260829925537],1.0,3.633060932159424,5,4,0,4.632791996002197
136,136,[-1.0],-1.0,0,-1.0,1.0,0,[1.0],1679422232.411427,141,7.549463748931885,1,0,-1,0,0.15,0.6666666666666666,[1.5492298603057861],0.0,7.549463748931885,15,10,0,8.549236059188843
137,137,[-1.0],-1.0,0,-1.0,1.0,0,[1.0],1679422244.143862,169,3.666355848312378,1,0,-1,0,0.15,1.0,[2.016313076019287],1.0,3.666355848312378,2,2,0,4.666138648986816
138,138,[-1.0],-1.0,0,-1.0,1.0,0,[1.0],1679422250.41008,110,3.266345977783203,1,0,-1,0,0.15,0.75,[1.032761812210083],1.0,3.266345977783203,4,3,0,4.266594648361206
139,139,[-1.0],-1.0,0,-1.0,1.0,0,[1.0],1679422257.226601,109,6.916230916976929,1,0,-1,0,0.15,0.6666666666666666,[1.0164580345153809],0.0,6.916230916976929,15,10,0,7.916033029556274
140,140,[-1.0],-1.0,0,-1.0,1.0,0,[1.0],1679422267.942091,114,5.6668407917022705,1,0,-1,0,0.15,0.45454545454545453,[1.0996408462524414],1.0,5.6668407917022705,11,5,0,6.666815996170044
141,141,[-1.0],-1.0,0,1.0,-1.0,0,[-1.0],1679422277.191596,109,7.033566951751709,1,0,-1,0,0.0,0.7333333333333333,[1.0165622234344482],0.0,7.033566951751709,15,11,0,8.049909114837646
142,142,[-1.0],-1.0,0,1.0,-1.0,0,[-1.0],1679422288.174103,123,7.34945821762085,1,0,-1,0,0.0,0.7333333333333333,[1.2496371269226074],0.0,7.34945821762085,15,11,0,8.349806070327759
143,143,[1.0],1.0,0,1.0,1.0,0,[1.0],1679422299.823581,158,5.732332944869995,1,0,1,0,0.15,0.6666666666666666,[1.8342969417572021],1.0,5.732332944869995,9,6,0,6.73245906829834
144,144,[1.0],1.0,0,1.0,1.0,0,[1.0],1679422308.406094,109,3.6494882106781006,1,0,1,0,0.15,0.4,[1.0164470672607422],1.0,3.6494882106781006,5,2,0,4.649263143539429
145,145,[1.0],1.0,0,1.0,1.0,0,[1.0],1679422315.6228979,107,6.549091100692749,1,0,1,0,0.15,0.6428571428571429,[0.9821779727935791],1.0,6.549091100692749,14,9,0,7.548393964767456
146,146,[1.0],1.0,0,1.0,1.0,0,[1.0],1679422325.8884668,108,6.898959159851074,1,0,1,0,0.15,0.4,[0.9989809989929199],1.0,6.898959159851074,15,6,0,7.898274183273315
147,147,[1.0],1.0,0,1.0,1.0,0,[1.0],1679422336.5209239,109,2.9157629013061523,1,0,1,0,0.15,0.6666666666666666,[1.0158629417419434],1.0,2.9157629013061523,3,2,0,3.915792942047119
148,148,[1.0],1.0,0,1.0,1.0,0,[1.0],1679422342.988039,108,4.282599925994873,1,0,1,0,0.15,0.7142857142857143,[1.0003609657287598],1.0,4.282599925994873,7,5,0,5.282418966293335
149,149,[1.0],1.0,0,1.0,1.0,0,[1.0],1679422351.019611,117,6.732358932495117,1,0,1,0,0.15,0.7142857142857143,[1.1492130756378174],1.0,6.732358932495117,14,10,0,7.732341051101685
150,150,[1.0],1.0,0,1.0,1.0,0,[1.0],1679422361.435602,116,3.3829448223114014,1,0,1,0,0.15,0.75,[1.1335299015045166],1.0,3.3829448223114014,4,3,0,4.3824968338012695
151,151,[1.0],1.0,0,1.0,1.0,0,[1.0],1679422368.251727,108,6.950350046157837,1,0,1,0,0.15,0.6666666666666666,[0.9996201992034912],0.0,6.950350046157837,15,10,0,7.949333190917969
152,152,[-1.0],-1.0,0,1.0,-1.0,0,[-1.0],1679422379.234831,127,7.282819032669067,1,0,-1,0,0.0,0.8666666666666667,[1.3163540363311768],0.0,7.282819032669067,15,13,0,8.282075881958008
153,153,[-1.0],-1.0,0,1.0,-1.0,0,[-1.0],1679422389.967613,110,6.965979337692261,1,0,-1,0,0.0,0.7333333333333333,[1.033252239227295],0.0,6.965979337692261,15,11,0,7.965755224227905
154,154,[1.0],1.0,0,1.0,1.0,0,[1.0],1679422400.617076,108,6.898883819580078,1,0,1,0,0.15,0.8,[0.9992828369140625],0.0,6.898883819580078,15,12,0,7.898610830307007
155,155,[1.0],1.0,0,1.0,1.0,0,[1.0],1679422413.049101,218,8.399352788925171,1,0,1,0,0.15,0.8571428571428571,[2.8330578804016113],1.0,8.399352788925171,14,12,0,9.399230003356934
156,156,[1.0],1.0,0,1.0,1.0,0,[1.0],1679422423.4145741,109,3.2498061656951904,1,0,1,0,0.15,0.5,[1.0164179801940918],1.0,3.2498061656951904,4,2,0,4.249972343444824
157,157,[1.0],1.0,0,-1.0,-1.0,0,[-1.0],1679422430.5640981,128,7.432405948638916,1,0,1,0,0.0,0.6666666666666666,[1.3329429626464844],0.0,7.432405948638916,15,10,0,8.432883977890015
158,158,[1.0],1.0,0,-1.0,-1.0,0,[-1.0],1679422441.646718,123,7.14916205406189,1,0,1,0,0.0,0.6,[1.2495481967926025],0.0,7.14916205406189,15,9,0,8.148988962173462
159,159,[-1.0],-1.0,0,-1.0,1.0,0,[1.0],1679422452.445848,119,2.7658607959747314,1,0,-1,0,0.15,1.0,[1.1827919483184814],1.0,2.7658607959747314,2,2,0,3.765692949295044
160,160,[-1.0],-1.0,0,-1.0,1.0,0,[1.0],1679422458.596298,109,3.283479690551758,1,0,-1,0,0.15,1.0,[1.016859769821167],1.0,3.283479690551758,4,4,0,4.282841682434082
161,161,[-1.0],-1.0,0,-1.0,1.0,0,[1.0],1679422465.4116201,107,6.882820129394531,1,0,-1,0,0.15,0.8666666666666667,[0.9832572937011719],1.0,6.882820129394531,15,13,0,7.882554292678833
162,162,[-1.0],-1.0,0,-1.0,1.0,0,[1.0],1679422476.04531,110,2.6164350509643555,1,0,-1,0,0.15,1.0,[1.032810926437378],1.0,2.6164350509643555,2,2,0,3.6162540912628174
163,163,[-1.0],-1.0,0,-1.0,1.0,0,[1.0],1679422482.194261,109,6.965829133987427,1,0,-1,0,0.15,0.5333333333333333,[1.0164580345153809],0.0,6.965829133987427,15,8,0,7.966409921646118
164,164,[-1.0],-1.0,0,-1.0,1.0,0,[1.0],1679422492.8932369,110,2.6332991123199463,1,0,-1,0,0.15,1.0,[1.0331392288208008],1.0,2.6332991123199463,2,2,0,3.633150100708008
165,165,[-1.0],-1.0,0,-1.0,1.0,0,[1.0],1679422499.043079,108,2.5832161903381348,1,0,-1,0,0.15,1.0,[0.9997761249542236],1.0,2.5832161903381348,2,2,0,3.582862138748169
166,166,[-1.0],-1.0,0,-1.0,1.0,0,[1.0],1679422505.225667,111,2.6329219341278076,1,0,-1,0,0.15,0.5,[1.0489330291748047],1.0,2.6329219341278076,2,1,0,3.63175892829895
167,167,[-1.0],-1.0,0,-1.0,1.0,0,[1.0],1679422511.358458,108,5.232748985290527,1,0,-1,0,0.15,0.9,[0.9992690086364746],1.0,5.232748985290527,10,9,0,6.249138116836548
168,168,[-1.0],-1.0,0,1.0,-1.0,0,[-1.0],1679422520.558057,126,7.216386079788208,1,0,-1,0,0.0,0.6666666666666666,[1.2996621131896973],0.0,7.216386079788208,15,10,0,8.215606927871704
169,169,[-1.0],-1.0,0,1.0,-1.0,0,[-1.0],1679422531.257184,112,7.099244117736816,1,0,-1,0,0.0,0.9333333333333333,[1.0664441585540771],0.0,7.099244117736816,15,14,0,8.099303007125854
170,170,[-1.0],-1.0,0,1.0,-1.0,0,[-1.0],1679422543.690996,209,8.632658004760742,1,0,-1,0,0.0,0.9333333333333333,[2.6831700801849365],0.0,8.632658004760742,15,14,0,9.632345914840698
171,171,[1.0],1.0,0,1.0,1.0,0,[1.0],1679422554.4057531,107,6.59942889213562,1,0,1,0,0.15,0.5714285714285714,[0.9837467670440674],1.0,6.59942889213562,14,8,0,7.5994367599487305
172,172,[1.0],1.0,0,1.0,1.0,0,[1.0],1679422564.73877,109,3.9327030181884766,1,0,1,0,0.15,0.8333333333333334,[1.0162460803985596],1.0,3.9327030181884766,6,5,0,4.932492971420288
173,173,[1.0],1.0,0,1.0,1.0,0,[1.0],1679422572.370891,116,4.049951076507568,1,0,1,0,0.15,0.6666666666666666,[1.1329660415649414],1.0,4.049951076507568,6,4,0,5.049317121505737
174,174,[1.0],1.0,0,1.0,1.0,0,[1.0],1679422579.870754,107,4.949320316314697,1,0,1,0,0.15,0.8888888888888888,[0.9831709861755371],1.0,4.949320316314697,9,8,0,5.949127197265625
175,175,[1.0],1.0,0,1.0,1.0,0,[1.0],1679422588.636784,118,2.4665310382843018,1,0,1,0,0.15,1.0,[1.166806936264038],1.0,2.4665310382843018,1,1,0,3.4663259983062744
176,176,[1.0],1.0,0,1.0,1.0,0,[1.0],1679422594.4695911,107,7.015721797943115,1,0,1,0,0.15,0.5333333333333333,[0.982609748840332],0.0,7.015721797943115,15,8,0,8.015941858291626
177,177,[1.0],1.0,0,1.0,1.0,0,[1.0],1679422605.919107,150,3.63277006149292,1,0,1,0,0.15,0.6666666666666666,[1.6996018886566162],1.0,3.63277006149292,3,2,0,4.632753133773804
178,178,[1.0],1.0,0,1.0,1.0,0,[1.0],1679422612.4181771,107,7.08339786529541,1,0,1,0,0.15,0.4,[0.9836471080780029],0.0,7.08339786529541,15,6,0,8.082762002944946
179,179,[1.0],1.0,0,1.0,1.0,0,[1.0],1679422623.767297,141,2.816451072692871,1,0,1,0,0.15,1.0,[1.5504608154296875],1.0,2.816451072692871,1,1,0,3.816434860229492
180,180,[1.0],1.0,0,1.0,1.0,0,[1.0],1679422629.583755,108,2.5663790702819824,1,0,1,0,0.15,0.5,[0.9996740818023682],1.0,2.5663790702819824,2,1,0,3.565919876098633
181,181,[1.0],1.0,0,1.0,1.0,0,[1.0],1679422635.683899,108,3.9154458045959473,1,0,1,0,0.15,0.6666666666666666,[0.9989128112792969],1.0,3.9154458045959473,6,4,0,4.915629863739014
182,182,[1.0],1.0,0,1.0,1.0,0,[1.0],1679422643.800114,144,4.8828301429748535,1,0,1,0,0.15,0.7142857142857143,[1.598783016204834],1.0,4.8828301429748535,7,5,0,5.881786823272705
183,183,[1.0],1.0,0,1.0,1.0,0,[1.0],1679422651.8655071,117,7.116814136505127,1,0,1,0,0.15,0.8666666666666667,[1.1496081352233887],0.0,7.116814136505127,15,13,0,8.115835189819336
184,184,[-1.0],-1.0,0,1.0,-1.0,0,[-1.0],1679422662.581703,110,7.049731016159058,1,0,-1,0,0.0,0.6,[1.0329759120941162],0.0,7.049731016159058,15,9,0,8.049516916275024
185,185,[-1.0],-1.0,0,-1.0,1.0,0,[1.0],1679422673.2973042,107,4.2830328941345215,1,0,-1,0,0.15,0.42857142857142855,[0.9833638668060303],1.0,4.2830328941345215,7,3,0,5.282555818557739
186,186,[-1.0],-1.0,0,-1.0,1.0,0,[1.0],1679422681.196586,108,2.250326156616211,1,0,-1,0,0.15,1.0,[0.9998130798339844],1.0,2.250326156616211,1,1,0,3.250286102294922
187,187,[-1.0],-1.0,0,-1.0,1.0,0,[1.0],1679422687.0127711,110,4.949229717254639,1,0,-1,0,0.15,0.7777777777777778,[1.0325310230255127],1.0,4.949229717254639,9,7,0,5.948825836181641
188,188,[-1.0],-1.0,0,-1.0,1.0,0,[1.0],1679422695.612725,111,2.6160919666290283,1,0,-1,0,0.15,1.0,[1.0510380268096924],1.0,2.6160919666290283,2,2,0,3.6158480644226074
189,189,[-1.0],-1.0,0,-1.0,1.0,0,[1.0],1679422701.695487,107,4.883065938949585,1,0,-1,0,0.15,0.5555555555555556,[0.9829351902008057],1.0,4.883065938949585,9,5,0,5.882792949676514
190,190,[-1.0],-1.0,0,-1.0,1.0,0,[1.0],1679422710.228083,108,3.9167606830596924,1,0,-1,0,0.15,0.6666666666666666,[0.9997498989105225],1.0,3.9167606830596924,6,4,0,4.916586875915527
191,191,[-1.0],-1.0,0,-1.0,1.0,0,[1.0],1679422719.111027,191,3.9495060443878174,1,0,-1,0,0.15,0.5,[2.382800817489624],1.0,3.9495060443878174,2,1,0,4.949621915817261
192,192,[-1.0],-1.0,0,-1.0,1.0,0,[1.0],1679422725.326981,112,2.649718999862671,1,0,-1,0,0.15,0.5,[1.0663330554962158],1.0,2.649718999862671,2,1,0,3.6493477821350098
193,193,[-1.0],-1.0,0,-1.0,1.0,0,[1.0],1679422731.4599721,108,4.566311359405518,1,0,-1,0,0.15,0.75,[0.9996962547302246],1.0,4.566311359405518,8,6,0,5.566172122955322
194,194,[-1.0],-1.0,0,-1.0,1.0,0,[1.0],1679422739.626103,107,2.5661940574645996,1,0,-1,0,0.15,1.0,[0.9827649593353271],1.0,2.5661940574645996,2,2,0,3.5656280517578125
195,195,[-1.0],-1.0,0,-1.0,1.0,0,[1.0],1679422745.759138,109,2.599863052368164,1,0,-1,0,0.15,0.5,[1.0166950225830078],1.0,2.599863052368164,2,1,0,3.599471092224121
196,196,[-1.0],-1.0,0,-1.0,1.0,0,[1.0],1679422751.875019,108,4.0828940868377686,1,0,-1,0,0.15,0.6666666666666666,[0.9999961853027344],1.0,4.0828940868377686,6,4,0,5.099668979644775
197,197,[-1.0],-1.0,0,-1.0,1.0,0,[1.0],1679422759.574532,108,2.566565752029419,1,0,-1,0,0.15,0.5,[0.9999048709869385],1.0,2.566565752029419,2,1,0,3.566390037536621
198,198,[-1.0],-1.0,0,-1.0,1.0,0,[1.0],1679422765.691417,110,2.366230010986328,1,0,-1,0,0.15,1.0,[1.0323526859283447],1.0,2.366230010986328,1,1,0,3.3652806282043457
199,199,[-1.0],-1.0,0,1.0,-1.0,0,[-1.0],1679422771.657013,114,7.199509143829346,1,0,-1,0,0.0,0.6,[1.0999279022216797],0.0,7.199509143829346,15,9,0,8.199650049209595
200,200,[-1.0],-1.0,0,1.0,-1.0,0,[-1.0],1679422782.5395992,112,7.032701015472412,1,0,-1,0,0.0,0.6666666666666666,[1.0657150745391846],0.0,7.032701015472412,15,10,0,8.032368898391724
201,201,[1.0],1.0,0,1.0,1.0,0,[1.0],1679422793.2727711,111,6.033332109451294,1,0,1,0,0.15,0.75,[1.0495331287384033],1.0,6.033332109451294,12,9,0,7.032694101333618
202,202,[1.0],1.0,0,1.0,1.0,0,[1.0],1679422802.938148,108,4.23306131362915,1,0,1,0,0.15,0.5714285714285714,[0.9997501373291016],1.0,4.23306131362915,7,4,0,5.232919216156006
203,203,[1.0],1.0,0,1.0,1.0,0,[1.0],1679422810.754791,107,7.099532127380371,1,0,1,0,0.15,0.6666666666666666,[0.9832241535186768],0.0,7.099532127380371,15,10,0,8.098962306976318
204,204,[1.0],1.0,0,1.0,1.0,0,[1.0],1679422821.570094,107,6.949802875518799,1,0,1,0,0.15,0.8,[0.9842500686645508],0.0,6.949802875518799,15,12,0,7.949687957763672
205,205,[-1.0],-1.0,0,1.0,-1.0,0,[-1.0],1679422832.236203,107,6.949396371841431,1,0,-1,0,0.0,0.5333333333333333,[0.9830851554870605],0.0,6.949396371841431,15,8,0,7.949105262756348
206,206,[1.0],1.0,0,1.0,1.0,0,[1.0],1679422843.052463,117,7.082015037536621,1,0,1,0,0.15,0.7333333333333333,[1.1495921611785889],0.0,7.082015037536621,15,11,0,8.082233190536499
207,207,[-1.0],-1.0,0,1.0,-1.0,0,[-1.0],1679422853.7860422,113,7.015291929244995,1,0,-1,0,0.0,0.7333333333333333,[1.0824329853057861],0.0,7.015291929244995,15,11,0,8.014887809753418
208,208,[-1.0],-1.0,0,1.0,-1.0,0,[-1.0],1679422864.917494,138,7.466560125350952,1,0,-1,0,0.0,0.4,[1.500169038772583],0.0,7.466560125350952,15,6,0,8.466028928756714
209,209,[-1.0],-1.0,0,1.0,-1.0,0,[-1.0],1679422875.784171,118,7.266255855560303,1,0,-1,0,0.0,0.4666666666666667,[1.1664628982543945],0.0,7.266255855560303,15,7,0,8.265763759613037
210,210,[1.0],1.0,0,1.0,1.0,0,[1.0],1679422888.766387,238,6.416339874267578,1,0,1,0,0.15,0.5714285714285714,[3.166811943054199],1.0,6.416339874267578,7,4,0,7.415523052215576
211,211,[1.0],1.0,0,-1.0,-1.0,0,[-1.0],1679422896.915458,120,7.316742181777954,1,0,1,0,0.0,0.6,[1.1997370719909668],0.0,7.316742181777954,15,9,0,8.315639972686768
212,212,[1.0],1.0,0,-1.0,-1.0,0,[-1.0],1679422907.780803,110,6.932200908660889,1,0,1,0,0.0,0.7333333333333333,[1.0324749946594238],0.0,6.932200908660889,15,11,0,7.931931018829346
213,213,[-1.0],-1.0,0,-1.0,1.0,0,[1.0],1679422918.564037,118,7.065952777862549,1,0,-1,0,0.15,0.8666666666666667,[1.166193962097168],0.0,7.065952777862549,15,13,0,8.065629959106445
214,214,[-1.0],-1.0,0,-1.0,1.0,0,[1.0],1679422929.2128582,110,7.132833957672119,1,0,-1,0,0.15,0.6,[1.0330688953399658],0.0,7.132833957672119,15,9,0,8.132519006729126
215,215,[1.0],1.0,0,-1.0,-1.0,0,[-1.0],1679422940.812154,155,7.78301739692688,1,0,1,0,0.0,0.5333333333333333,[1.783048391342163],0.0,7.78301739692688,15,8,0,8.78298807144165
216,216,[1.0],1.0,0,-1.0,-1.0,0,[-1.0],1679422951.744595,119,7.09955096244812,1,0,1,0,0.0,0.4666666666666667,[1.1832592487335205],0.0,7.09955096244812,15,7,0,8.099050998687744
217,217,[-1.0],-1.0,0,-1.0,1.0,0,[1.0],1679422962.410379,110,2.9329609870910645,1,0,-1,0,0.15,0.3333333333333333,[1.0330328941345215],1.0,2.9329609870910645,3,1,0,3.9327468872070312
218,218,[-1.0],-1.0,0,-1.0,1.0,0,[1.0],1679422968.843313,108,2.233361005783081,1,0,-1,0,0.15,1.0,[1.0003201961517334],1.0,2.233361005783081,1,1,0,3.233157157897949
219,219,[-1.0],-1.0,0,-1.0,1.0,0,[1.0],1679422974.609618,108,5.316954851150513,1,0,-1,0,0.15,0.6,[0.9998569488525391],1.0,5.316954851150513,10,6,0,6.31657075881958
220,220,[-1.0],-1.0,0,-1.0,1.0,0,[1.0],1679422983.558924,107,4.3164050579071045,1,0,-1,0,0.15,0.5714285714285714,[0.9828131198883057],1.0,4.3164050579071045,7,4,0,5.3158769607543945
221,221,[-1.0],-1.0,0,-1.0,1.0,0,[1.0],1679422992.591736,174,6.332910776138306,1,0,-1,0,0.15,0.7,[2.0997769832611084],1.0,6.332910776138306,10,7,0,7.332882881164551
222,222,[-1.0],-1.0,0,-1.0,1.0,0,[1.0],1679423001.5580668,110,7.132370233535767,1,0,-1,0,0.15,0.6666666666666666,[1.0330653190612793],0.0,7.132370233535767,15,10,0,8.131859302520752
223,223,[-1.0],-1.0,0,-1.0,1.0,0,[1.0],1679423012.5904572,121,7.315695762634277,1,0,-1,0,0.15,0.4666666666666667,[1.216925859451294],0.0,7.315695762634277,15,7,0,8.315922975540161
224,224,[-1.0],-1.0,0,1.0,-1.0,0,[-1.0],1679423023.423786,108,7.099403142929077,1,0,-1,0,0.0,0.7333333333333333,[1.0006279945373535],0.0,7.099403142929077,15,11,0,8.099390029907227
225,225,[1.0],1.0,0,1.0,1.0,0,[1.0],1679423034.4054341,118,3.5013298988342285,1,0,1,0,0.15,0.5,[1.1664619445800781],1.0,3.5013298988342285,4,2,0,4.501138925552368
226,226,[1.0],1.0,0,1.0,1.0,0,[1.0],1679423043.62153,246,4.866667985916138,1,0,1,0,0.15,0.5,[3.3007729053497314],1.0,4.866667985916138,2,1,0,5.866460800170898
227,227,[1.0],1.0,0,1.0,1.0,0,[1.0],1679423049.8710341,111,2.9836158752441406,1,0,1,0,0.15,0.6666666666666666,[1.0501298904418945],1.0,2.9836158752441406,3,2,0,3.983564853668213
228,228,[1.0],1.0,0,1.0,1.0,0,[1.0],1679423056.854294,137,4.09947395324707,1,0,1,0,0.15,0.4,[1.4838809967041016],1.0,4.09947395324707,5,2,0,5.099672794342041
229,229,[1.0],1.0,0,1.0,1.0,0,[1.0],1679423064.0536509,107,4.899801969528198,1,0,1,0,0.15,0.5555555555555556,[0.9834461212158203],1.0,4.899801969528198,9,5,0,5.899424076080322
230,230,[1.0],1.0,0,1.0,1.0,0,[1.0],1679423072.585912,107,3.5664970874786377,1,0,1,0,0.15,0.6,[0.9829139709472656],1.0,3.5664970874786377,5,3,0,4.566043853759766
231,231,[1.0],1.0,0,1.0,1.0,0,[1.0],1679423080.235562,137,7.399291276931763,1,0,1,0,0.15,0.7333333333333333,[1.483849048614502],0.0,7.399291276931763,15,11,0,8.399358034133911
232,232,[1.0],1.0,0,1.0,1.0,0,[1.0],1679423090.951723,112,6.966443777084351,1,0,1,0,0.15,0.6666666666666666,[1.0667600631713867],0.0,6.966443777084351,15,10,0,7.966236114501953
233,233,[-1.0],-1.0,0,1.0,-1.0,0,[-1.0],1679423101.5685608,108,6.899855136871338,1,0,-1,0,0.0,0.6666666666666666,[1.000518798828125],0.0,6.899855136871338,15,10,0,7.89896297454834
234,234,[-1.0],-1.0,0,1.0,-1.0,0,[-1.0],1679423112.167189,108,6.899825811386108,1,0,-1,0,0.0,0.6,[0.9998118877410889],0.0,6.899825811386108,15,9,0,7.8995866775512695
235,235,[-1.0],-1.0,0,1.0,-1.0,0,[-1.0],1679423122.83286,111,6.9819629192352295,1,0,-1,0,0.0,0.8,[1.048936128616333],0.0,6.9819629192352295,15,12,0,7.981353044509888
236,236,[1.0],1.0,0,1.0,1.0,0,[1.0],1679423133.548533,112,2.9825878143310547,1,0,1,0,0.15,0.3333333333333333,[1.0663878917694092],1.0,2.9825878143310547,3,1,0,3.9831628799438477
237,237,[1.0],1.0,0,1.0,1.0,0,[1.0],1679423139.981483,107,3.8994009494781494,1,0,1,0,0.15,0.3333333333333333,[0.9829881191253662],1.0,3.8994009494781494,6,2,0,4.899248123168945
238,238,[1.0],1.0,0,-1.0,-1.0,0,[-1.0],1679423147.464085,107,7.082258939743042,1,0,1,0,0.0,0.5333333333333333,[0.9838931560516357],0.0,7.082258939743042,15,8,0,8.081772804260254
239,239,[1.0],1.0,0,-1.0,-1.0,0,[-1.0],1679423158.43046,116,7.249794006347656,1,0,1,0,0.0,0.6666666666666666,[1.1330430507659912],0.0,7.249794006347656,15,10,0,8.24922490119934
240,240,[1.0],1.0,0,-1.0,-1.0,0,[-1.0],1679423169.4124951,118,7.266085147857666,1,0,1,0,0.0,0.7333333333333333,[1.166551113128662],0.0,7.266085147857666,15,11,0,8.266022205352783
241,241,[-1.0],-1.0,0,-1.0,1.0,0,[1.0],1679423180.2788029,112,4.632933855056763,1,0,-1,0,0.15,0.75,[1.0666170120239258],1.0,4.632933855056763,8,6,0,5.633162975311279
242,242,[-1.0],-1.0,0,-1.0,1.0,0,[1.0],1679423188.461211,107,5.966532945632935,1,0,-1,0,0.15,0.5833333333333334,[0.9828360080718994],1.0,5.966532945632935,12,7,0,6.96619176864624
243,243,[-1.0],-1.0,0,-1.0,1.0,0,[1.0],1679423198.2110589,114,7.016885995864868,1,0,-1,0,0.15,0.7333333333333333,[1.1000299453735352],0.0,7.016885995864868,15,11,0,8.017415046691895
244,244,[-1.0],-1.0,0,-1.0,1.0,0,[1.0],1679423209.010422,118,2.7663350105285645,1,0,-1,0,0.15,1.0,[1.1663861274719238],1.0,2.7663350105285645,2,2,0,3.766345977783203
245,245,[-1.0],-1.0,0,-1.0,1.0,0,[1.0],1679423215.209811,111,2.983173131942749,1,0,-1,0,0.15,0.3333333333333333,[1.0498077869415283],1.0,2.983173131942749,3,1,0,3.9828357696533203
246,246,[-1.0],-1.0,0,-1.0,1.0,0,[1.0],1679423221.70927,109,2.58333683013916,1,0,-1,0,0.15,1.0,[1.0165319442749023],1.0,2.58333683013916,2,2,0,3.5827620029449463
247,247,[-1.0],-1.0,0,-1.0,1.0,0,[1.0],1679423227.808716,109,2.650385856628418,1,0,-1,0,0.15,0.5,[1.01639986038208],1.0,2.650385856628418,2,1,0,3.649545907974243
248,248,[-1.0],-1.0,0,-1.0,1.0,0,[1.0],1679423234.0247738,110,6.932568073272705,1,0,-1,0,0.15,1.0,[1.0327708721160889],0.0,6.932568073272705,15,15,0,7.932403087615967
249,249,[-1.0],-1.0,0,-1.0,1.0,0,[1.0],1679423244.724128,113,3.3338401317596436,1,0,-1,0,0.15,0.75,[1.0838191509246826],1.0,3.3338401317596436,4,3,0,4.3327412605285645
250,250,[-1.0],-1.0,0,-1.0,1.0,0,[1.0],1679423251.5403352,109,5.999199867248535,1,0,-1,0,0.15,0.5833333333333334,[1.0163381099700928],1.0,5.999199867248535,12,7,0,6.998952865600586
251,251,[-1.0],-1.0,0,1.0,-1.0,0,[-1.0],1679423261.2228842,110,6.932819128036499,1,0,-1,0,0.0,0.8,[1.0330569744110107],0.0,6.932819128036499,15,12,0,7.93311619758606
252,252,[1.0],1.0,0,1.0,1.0,0,[1.0],1679423273.872114,230,5.6326377391815186,1,0,1,0,0.15,0.8,[3.033797025680542],1.0,5.6326377391815186,5,4,0,6.633645057678223
253,253,[1.0],1.0,0,1.0,1.0,0,[1.0],1679423281.154957,109,2.9169106483459473,1,0,1,0,0.15,1.0,[1.0165648460388184],1.0,2.9169106483459473,3,3,0,3.9165377616882324
254,254,[1.0],1.0,0,1.0,1.0,0,[1.0],1679423287.604531,108,6.233883857727051,1,0,1,0,0.15,0.7692307692307693,[0.9999039173126221],1.0,6.233883857727051,13,10,0,7.232616901397705
255,255,[1.0],1.0,0,1.0,1.0,0,[1.0],1679423297.5038981,107,4.216444969177246,1,0,1,0,0.15,0.5714285714285714,[0.9831027984619141],1.0,4.216444969177246,7,4,0,5.216301918029785
256,256,[1.0],1.0,0,1.0,1.0,0,[1.0],1679423305.419748,113,7.116296052932739,1,0,1,0,0.15,0.6666666666666666,[1.0838088989257812],0.0,7.116296052932739,15,10,0,8.116001844406128
257,257,[1.0],1.0,0,1.0,1.0,0,[1.0],1679423316.303798,118,4.84983491897583,1,0,1,0,0.15,0.875,[1.1664340496063232],1.0,4.84983491897583,8,7,0,5.849477767944336
258,258,[1.0],1.0,0,1.0,1.0,0,[1.0],1679423325.085862,136,3.365968942642212,1,0,1,0,0.15,1.0,[1.4666779041290283],1.0,3.365968942642212,3,3,0,4.365729808807373
259,259,[1.0],1.0,0,1.0,1.0,0,[1.0],1679423331.617973,112,6.649235248565674,1,0,1,0,0.15,0.6428571428571429,[1.0660991668701172],1.0,6.649235248565674,14,9,0,7.650015115737915
260,260,[1.0],1.0,0,1.0,1.0,0,[1.0],1679423341.900825,109,6.349602937698364,1,0,1,0,0.15,0.3076923076923077,[1.0155210494995117],1.0,6.349602937698364,13,4,0,7.347791910171509
261,261,[1.0],1.0,0,1.0,1.0,0,[1.0],1679423351.933194,109,7.115920066833496,1,0,1,0,0.15,0.5333333333333333,[1.016308069229126],0.0,7.115920066833496,15,8,0,8.115751266479492
262,262,[-1.0],-1.0,0,1.0,-1.0,0,[-1.0],1679423362.800287,111,6.950119972229004,1,0,-1,0,0.0,0.8,[1.0499379634857178],0.0,6.950119972229004,15,12,0,7.94997501373291
263,263,[-1.0],-1.0,0,-1.0,1.0,0,[1.0],1679423373.4986298,113,2.3665192127227783,1,0,-1,0,0.15,1.0,[1.0830841064453125],1.0,2.3665192127227783,1,1,0,3.3664722442626953
264,264,[-1.0],-1.0,0,-1.0,1.0,0,[1.0],1679423379.315379,108,4.616413831710815,1,0,-1,0,0.15,0.875,[0.999565601348877],1.0,4.616413831710815,8,7,0,5.615862607955933
265,265,[-1.0],-1.0,0,-1.0,1.0,0,[1.0],1679423387.730765,120,7.316342115402222,1,0,-1,0,0.15,0.5333333333333333,[1.1988160610198975],0.0,7.316342115402222,15,8,0,8.315469026565552
266,266,[-1.0],-1.0,0,-1.0,1.0,0,[1.0],1679423398.913715,128,2.566375732421875,1,0,-1,0,0.15,1.0,[1.3335280418395996],1.0,2.566375732421875,1,1,0,3.5661280155181885
267,267,[-1.0],-1.0,0,-1.0,1.0,0,[1.0],1679423404.7628229,112,4.967080354690552,1,0,-1,0,0.15,0.6666666666666666,[1.0668542385101318],1.0,4.967080354690552,9,6,0,5.966668128967285
268,268,[-1.0],-1.0,0,-1.0,1.0,0,[1.0],1679423413.596056,126,3.966111183166504,1,0,-1,0,0.15,0.6,[1.2994019985198975],1.0,3.966111183166504,5,3,0,4.965800046920776
269,269,[-1.0],-1.0,0,-1.0,1.0,0,[1.0],1679423421.128564,124,3.532392978668213,1,0,-1,0,0.15,0.5,[1.265669345855713],1.0,3.532392978668213,4,2,0,4.532850027084351
270,270,[-1.0],-1.0,0,-1.0,1.0,0,[1.0],1679423427.995286,109,4.616956949234009,1,0,-1,0,0.15,0.75,[1.0171589851379395],1.0,4.616956949234009,8,6,0,5.6161768436431885
271,271,[-1.0],-1.0,0,-1.0,1.0,0,[1.0],1679423436.227454,110,4.2669618129730225,1,0,-1,0,0.15,0.5714285714285714,[1.033216953277588],1.0,4.2669618129730225,7,4,0,5.266729831695557
272,272,[-1.0],-1.0,0,-1.0,1.0,0,[1.0],1679423444.093514,110,6.29927134513855,1,0,-1,0,0.15,0.5384615384615384,[1.0325162410736084],1.0,6.29927134513855,13,7,0,7.298444032669067
273,273,[-1.0],-1.0,0,-1.0,1.0,0,[1.0],1679423454.3926778,128,2.633018970489502,1,0,-1,0,0.15,1.0,[1.3330130577087402],1.0,2.633018970489502,1,1,0,3.6329901218414307
274,274,[-1.0],-1.0,0,-1.0,1.0,0,[1.0],1679423460.225842,107,3.2835240364074707,1,0,-1,0,0.15,1.0,[0.9830141067504883],1.0,3.2835240364074707,4,4,0,4.283229112625122
275,275,[-1.0],-1.0,0,-1.0,1.0,0,[1.0],1679423467.658721,142,5.8005690574646,1,0,-1,0,0.15,0.7,[1.5668270587921143],1.0,5.8005690574646,10,7,0,6.800714015960693
276,276,[-1.0],-1.0,0,-1.0,1.0,0,[1.0],1679423476.57473,109,3.2839901447296143,1,0,-1,0,0.15,0.5,[1.0167970657348633],1.0,3.2839901447296143,4,2,0,4.28267502784729
277,277,[-1.0],-1.0,0,-1.0,1.0,0,[1.0],1679423484.157374,153,3.349782943725586,1,0,-1,0,0.15,1.0,[1.7500190734863281],1.0,3.349782943725586,2,2,0,4.350081920623779
278,278,[-1.0],-1.0,0,-1.0,1.0,0,[1.0],1679423490.340267,109,2.2669968605041504,1,0,-1,0,0.15,1.0,[1.0165510177612305],1.0,2.2669968605041504,1,1,0,3.2664740085601807
279,279,[-1.0],-1.0,0,1.0,-1.0,0,[-1.0],1679423496.0901601,107,6.899607181549072,1,0,-1,0,0.0,0.6,[0.9835391044616699],0.0,6.899607181549072,15,9,0,7.900021076202393
280,280,[-1.0],-1.0,0,1.0,-1.0,0,[-1.0],1679423507.3556852,147,7.767088890075684,1,0,-1,0,0.0,0.8,[1.6498150825500488],0.0,7.767088890075684,15,12,0,8.765918016433716
281,281,[1.0],1.0,0,1.0,1.0,0,[1.0],1679423518.255311,111,2.6329147815704346,1,0,1,0,0.15,0.5,[1.0498707294464111],1.0,2.6329147815704346,2,1,0,3.6326868534088135
282,282,[1.0],1.0,0,1.0,1.0,0,[1.0],1679423524.388012,109,7.033282995223999,1,0,1,0,0.15,0.4,[1.0165119171142578],0.0,7.033282995223999,15,6,0,8.032753944396973
283,283,[1.0],1.0,0,1.0,1.0,0,[1.0],1679423535.1038148,107,2.632758140563965,1,0,1,0,0.15,0.5,[0.9827680587768555],1.0,2.632758140563965,2,1,0,3.6325671672821045
284,284,[1.0],1.0,0,1.0,1.0,0,[1.0],1679423541.320597,109,2.666292905807495,1,0,1,0,0.15,1.0,[1.0162596702575684],1.0,2.666292905807495,2,2,0,3.6667568683624268
285,285,[1.0],1.0,0,1.0,1.0,0,[1.0],1679423548.587436,172,6.29941463470459,1,0,1,0,0.15,0.8,[2.0664048194885254],1.0,6.29941463470459,10,8,0,7.299429893493652
286,286,[1.0],1.0,0,1.0,1.0,0,[1.0],1679423557.5699651,112,7.016288995742798,1,0,1,0,0.15,0.6666666666666666,[1.0665552616119385],1.0,7.016288995742798,15,10,0,8.015794038772583
287,287,[1.0],1.0,0,1.0,1.0,0,[1.0],1679423569.468577,182,5.566237926483154,1,0,1,0,0.15,0.7142857142857143,[2.233391761779785],1.0,5.566237926483154,7,5,0,6.566163778305054
288,288,[1.0],1.0,0,1.0,1.0,0,[1.0],1679423577.85093,131,2.950916051864624,1,0,1,0,0.15,0.5,[1.383005142211914],1.0,2.950916051864624,2,1,0,3.9504170417785645
289,289,[1.0],1.0,0,1.0,1.0,0,[1.0],1679423584.3837702,133,7.515945911407471,1,0,1,0,0.15,0.6666666666666666,[1.4165921211242676],0.0,7.515945911407471,15,10,0,8.515816926956177
290,290,[1.0],1.0,0,-1.0,-1.0,0,[-1.0],1679423595.21618,108,6.916403770446777,1,0,1,0,0.0,0.7333333333333333,[1.0001246929168701],0.0,6.916403770446777,15,11,0,7.916082859039307
291,291,[-1.0],-1.0,0,-1.0,1.0,0,[1.0],1679423605.815501,107,3.566807985305786,1,0,-1,0,0.15,0.4,[0.9833121299743652],1.0,3.566807985305786,5,2,0,4.566617965698242
292,292,[-1.0],-1.0,0,-1.0,1.0,0,[1.0],1679423612.981816,108,3.9664487838745117,1,0,-1,0,0.15,0.5,[1.0004019737243652],1.0,3.9664487838745117,6,3,0,4.96668004989624
293,293,[-1.0],-1.0,0,-1.0,1.0,0,[1.0],1679423620.581315,111,4.616675138473511,1,0,-1,0,0.15,0.625,[1.049943208694458],1.0,4.616675138473511,8,5,0,5.615795135498047
294,294,[-1.0],-1.0,0,-1.0,1.0,0,[1.0],1679423628.897242,116,5.066829204559326,1,0,-1,0,0.15,0.8888888888888888,[1.1331582069396973],1.0,5.066829204559326,9,8,0,6.066241025924683
295,295,[-1.0],-1.0,0,-1.0,1.0,0,[1.0],1679423637.4633868,109,3.583139181137085,1,0,-1,0,0.15,0.6,[1.0168168544769287],1.0,3.583139181137085,5,3,0,4.583003997802734
296,296,[-1.0],-1.0,0,-1.0,1.0,0,[1.0],1679423644.596211,107,5.549664735794067,1,0,-1,0,0.15,0.9090909090909091,[0.983626127243042],1.0,5.549664735794067,11,10,0,6.548975944519043
297,297,[-1.0],-1.0,0,-1.0,1.0,0,[1.0],1679423654.0958989,126,6.232924938201904,1,0,-1,0,0.15,0.5833333333333334,[1.299696922302246],1.0,6.232924938201904,12,7,0,7.232971906661987
298,298,[-1.0],-1.0,0,-1.0,1.0,0,[1.0],1679423664.295062,143,5.499181032180786,1,0,-1,0,0.15,0.7777777777777778,[1.5823099613189697],1.0,5.499181032180786,9,7,0,6.498764991760254
299,299,[-1.0],-1.0,0,-1.0,1.0,0,[1.0],1679423672.910841,111,7.150031089782715,1,0,-1,0,0.15,0.6666666666666666,[1.0497729778289795],0.0,7.150031089782715,15,10,0,8.149049043655396
300,300,[1.0],1.0,0,-1.0,-1.0,0,[-1.0],1679423683.960774,123,7.3658459186553955,1,0,1,0,0.0,0.6,[1.2499189376831055],0.0,7.3658459186553955,15,9,0,8.365878105163574
301,301,[1.0],1.0,0,-1.0,-1.0,0,[-1.0],1679423695.392579,143,7.582911968231201,1,0,1,0,0.0,0.6666666666666666,[1.5830059051513672],0.0,7.582911968231201,15,10,0,8.58236312866211
302,302,[-1.0],-1.0,0,-1.0,1.0,0,[1.0],1679423706.14216,110,3.9499599933624268,1,0,-1,0,0.15,0.5,[1.0329740047454834],1.0,3.9499599933624268,6,3,0,4.949427843093872
303,303,[-1.0],-1.0,0,-1.0,1.0,0,[1.0],1679423715.107729,195,4.066637992858887,1,0,-1,0,0.15,0.5,[2.4495511054992676],1.0,4.066637992858887,2,1,0,5.066441059112549
304,304,[-1.0],-1.0,0,-1.0,1.0,0,[1.0],1679423721.5074391,119,2.849773645401001,1,0,-1,0,0.15,1.0,[1.1831448078155518],1.0,2.849773645401001,2,2,0,3.8495328426361084
305,305,[-1.0],-1.0,0,1.0,-1.0,0,[-1.0],1679423727.8073869,114,6.999568939208984,1,0,-1,0,0.0,0.8666666666666667,[1.100365161895752],0.0,6.999568939208984,15,13,0,7.999273061752319
306,306,[-1.0],-1.0,0,1.0,-1.0,0,[-1.0],1679423739.222902,156,7.916007995605469,1,0,-1,0,0.0,0.9333333333333333,[1.7996501922607422],0.0,7.916007995605469,15,14,0,8.915935039520264
307,307,[-1.0],-1.0,0,1.0,-1.0,0,[-1.0],1679423750.122127,111,6.948850870132446,1,0,-1,0,0.0,0.26666666666666666,[1.0491950511932373],0.0,6.948850870132446,15,4,0,7.948518991470337
308,308,[1.0],1.0,0,1.0,1.0,0,[1.0],1679423760.937999,120,4.167178153991699,1,0,1,0,0.15,0.6666666666666666,[1.1997191905975342],1.0,4.167178153991699,6,4,0,5.167135000228882
309,309,[1.0],1.0,0,1.0,1.0,0,[1.0],1679423768.621235,115,3.017094135284424,1,0,1,0,0.15,0.6666666666666666,[1.1170778274536133],1.0,3.017094135284424,3,2,0,4.017244100570679
310,310,[1.0],1.0,0,1.0,1.0,0,[1.0],1679423775.1057038,108,3.668222427368164,1,0,1,0,0.15,0.8,[0.9999322891235352],1.0,3.668222427368164,5,4,0,4.66731333732605
311,311,[1.0],1.0,0,1.0,1.0,0,[1.0],1679423782.3365529,108,2.5843536853790283,1,0,1,0,0.15,1.0,[1.000640869140625],1.0,2.5843536853790283,2,2,0,3.583514928817749
312,312,[1.0],1.0,0,1.0,1.0,0,[1.0],1679423788.519906,112,7.16643500328064,1,0,1,0,0.15,0.5333333333333333,[1.0667147636413574],0.0,7.16643500328064,15,8,0,8.165771961212158
313,313,[1.0],1.0,0,1.0,1.0,0,[1.0],1679423799.8353322,139,4.765804052352905,1,0,1,0,0.15,0.8571428571428571,[1.5160009860992432],1.0,4.765804052352905,7,6,0,5.782987117767334
314,314,[1.0],1.0,0,1.0,1.0,0,[1.0],1679423807.769231,110,2.6830480098724365,1,0,1,0,0.15,1.0,[1.033069133758545],1.0,2.6830480098724365,2,2,0,3.682575225830078
315,315,[1.0],1.0,0,1.0,1.0,0,[1.0],1679423813.951,108,7.01542592048645,1,0,1,0,0.15,0.7333333333333333,[0.9991729259490967],0.0,7.01542592048645,15,11,0,8.015399932861328
316,316,[-1.0],-1.0,0,1.0,-1.0,0,[-1.0],1679423824.783608,114,7.199248313903809,1,0,-1,0,0.0,0.4,[1.100257158279419],0.0,7.199248313903809,15,6,0,8.19926404953003
317,317,[-1.0],-1.0,0,1.0,-1.0,0,[-1.0],1679423835.799366,120,7.300183057785034,1,0,-1,0,0.0,0.6,[1.1999690532684326],0.0,7.300183057785034,15,9,0,8.30007791519165
318,318,[1.0],1.0,0,-1.0,-1.0,0,[-1.0],1679423847.5987241,167,8.082772254943848,1,0,1,0,0.0,0.5333333333333333,[1.9830331802368164],0.0,8.082772254943848,15,8,0,9.082516193389893
319,319,[-1.0],-1.0,0,-1.0,1.0,0,[1.0],1679423862.647947,359,7.482983112335205,1,0,-1,0,0.15,1.0,[5.199542045593262],1.0,7.482983112335205,4,4,0,8.482853174209595
320,320,[-1.0],-1.0,0,-1.0,1.0,0,[1.0],1679423869.7303538,111,4.282640218734741,1,0,-1,0,0.15,0.8571428571428571,[1.0499441623687744],1.0,4.282640218734741,7,6,0,5.2821619510650635
321,321,[-1.0],-1.0,0,-1.0,1.0,0,[1.0],1679423877.629977,112,7.1657609939575195,1,0,-1,0,0.15,0.7333333333333333,[1.0664207935333252],0.0,7.1657609939575195,15,11,0,8.16566801071167
322,322,[-1.0],-1.0,0,-1.0,1.0,0,[1.0],1679423888.446146,108,3.949943780899048,1,0,-1,0,0.15,0.3333333333333333,[0.9999299049377441],1.0,3.949943780899048,6,2,0,4.94990086555481
323,323,[-1.0],-1.0,0,-1.0,1.0,0,[1.0],1679423896.0296,110,6.615995168685913,1,0,-1,0,0.15,0.7857142857142857,[1.0326762199401855],1.0,6.615995168685913,14,11,0,7.615688323974609
324,324,[-1.0],-1.0,0,-1.0,1.0,0,[1.0],1679423906.477988,118,7.132514953613281,1,0,-1,0,0.15,0.6,[1.1658179759979248],0.0,7.132514953613281,15,9,0,8.131916999816895
325,325,[-1.0],-1.0,0,-1.0,1.0,0,[1.0],1679423917.410532,123,4.18353271484375,1,0,-1,0,0.15,0.6666666666666666,[1.2501749992370605],1.0,4.18353271484375,6,4,0,5.183290958404541
326,326,[-1.0],-1.0,0,-1.0,1.0,0,[1.0],1679423925.1766999,122,7.332427978515625,1,0,-1,0,0.15,0.5333333333333333,[1.2335879802703857],0.0,7.332427978515625,15,8,0,8.332340955734253
327,327,[-1.0],-1.0,0,-1.0,1.0,0,[1.0],1679423936.293183,125,7.382601976394653,1,0,-1,0,0.15,0.5333333333333333,[1.2832789421081543],0.0,7.382601976394653,15,8,0,8.38214898109436
328,328,[1.0],1.0,0,-1.0,-1.0,0,[-1.0],1679423947.57521,136,7.415913105010986,1,0,1,0,0.0,0.4666666666666667,[1.4666471481323242],0.0,7.415913105010986,15,7,0,8.415712118148804
329,329,[1.0],1.0,0,1.0,1.0,0,[1.0],1679424532.836341,217,4.382879972457886,1,0,1,0,0.15,0.5,[2.8160400390625],1.0,4.382879972457886,2,1,0,5.382935047149658
330,330,[-1.0],-1.0,0,1.0,-1.0,0,[-1.0],1679424539.4527931,134,7.333605051040649,1,0,-1,0,0.0,0.6666666666666666,[1.4335191249847412],0.0,7.333605051040649,15,10,0,8.332565069198608
331,331,[1.0],1.0,0,1.0,1.0,0,[1.0],1679424574.9503858,226,8.199725866317749,1,0,1,0,0.15,0.6153846153846154,[2.966594696044922],1.0,8.199725866317749,13,8,0,9.199365854263306
332,332,[1.0],1.0,0,1.0,1.0,0,[1.0],1679424585.717699,155,3.7665162086486816,1,0,1,0,0.15,0.6666666666666666,[1.7832801342010498],1.0,3.7665162086486816,3,2,0,4.7667200565338135
333,333,[1.0],1.0,0,1.0,1.0,0,[1.0],1679424592.265889,108,6.932794809341431,1,0,1,0,0.15,0.8,[0.9998679161071777],0.0,6.932794809341431,15,12,0,7.932454824447632
334,334,[-1.0],-1.0,0,1.0,-1.0,0,[-1.0],1679424602.981599,112,6.982622861862183,1,0,-1,0,0.0,0.5333333333333333,[1.0665299892425537],0.0,6.982622861862183,15,8,0,7.982873916625977
335,335,[-1.0],-1.0,0,1.0,-1.0,0,[-1.0],1679424617.91386,365,11.398460149765015,1,0,-1,0,0.0,0.6,[5.299743175506592],0.0,11.398460149765015,15,9,0,12.39848017692566
336,336,[1.0],1.0,0,1.0,1.0,0,[1.0],1679424630.013112,174,5.066199064254761,1,0,1,0,0.15,0.5,[2.099975109100342],1.0,5.066199064254761,6,3,0,6.065407037734985
337,337,[1.0],1.0,0,1.0,1.0,0,[1.0],1679424637.712348,113,4.032862901687622,1,0,1,0,0.15,0.5,[1.0840229988098145],1.0,4.032862901687622,6,3,0,5.049450874328613
338,338,[1.0],1.0,0,1.0,1.0,0,[1.0],1679424645.312054,110,3.6000189781188965,1,0,1,0,0.15,0.2,[1.0334348678588867],1.0,3.6000189781188965,5,1,0,4.599215030670166
339,339,[1.0],1.0,0,1.0,1.0,0,[1.0],1679424652.445054,107,3.5497517585754395,1,0,1,0,0.15,0.6,[0.9831719398498535],1.0,3.5497517585754395,5,3,0,4.5494160652160645
340,340,[1.0],1.0,0,-1.0,-1.0,0,[-1.0],1679424659.744483,117,7.049731731414795,1,0,1,0,0.0,0.4666666666666667,[1.1500837802886963],0.0,7.049731731414795,15,7,0,8.049578666687012
341,341,[-1.0],-1.0,0,-1.0,1.0,0,[1.0],1679424670.74405,131,4.94894003868103,1,0,-1,0,0.15,0.625,[1.3833370208740234],1.0,4.94894003868103,8,5,0,5.948343992233276
342,342,[-1.0],-1.0,0,-1.0,1.0,0,[1.0],1679424679.126351,119,7.282477855682373,1,0,-1,0,0.15,0.8,[1.1828007698059082],0.0,7.282477855682373,15,12,0,8.282256126403809
343,343,[-1.0],-1.0,0,-1.0,1.0,0,[1.0],1679424690.092063,116,2.6996967792510986,1,0,-1,0,0.15,1.0,[1.1332619190216064],1.0,2.6996967792510986,2,2,0,3.6996407508850098
344,344,[-1.0],-1.0,0,-1.0,1.0,0,[1.0],1679424696.359013,117,6.449626922607422,1,0,-1,0,0.15,0.5384615384615384,[1.149852991104126],1.0,6.449626922607422,13,7,0,7.449296951293945
345,345,[-1.0],-1.0,0,-1.0,1.0,0,[1.0],1679424706.42501,112,3.332350969314575,1,0,-1,0,0.15,0.75,[1.0674071311950684],1.0,3.332350969314575,4,3,0,4.33218789100647
346,346,[-1.0],-1.0,0,-1.0,1.0,0,[1.0],1679424713.3244438,112,3.3164098262786865,1,0,-1,0,0.15,0.75,[1.0665006637573242],1.0,3.3164098262786865,4,3,0,4.315939664840698
347,347,[-1.0],-1.0,0,-1.0,1.0,0,[1.0],1679424720.907391,154,7.682813882827759,1,0,-1,0,0.15,0.6,[1.7667057514190674],0.0,7.682813882827759,15,9,0,8.682490825653076
348,348,[-1.0],-1.0,0,-1.0,1.0,0,[1.0],1679424731.6393542,111,7.01614785194397,1,0,-1,0,0.15,0.8,[1.049879789352417],0.0,7.01614785194397,15,12,0,8.01577377319336
349,349,[1.0],1.0,0,-1.0,-1.0,0,[-1.0],1679424742.855007,141,7.649649143218994,1,0,1,0,0.0,0.6,[1.5498311519622803],0.0,7.649649143218994,15,9,0,8.64922022819519
350,350,[1.0],1.0,0,-1.0,-1.0,0,[-1.0],1679425086.9978082,863,19.698526859283447,1,0,1,0,0.0,0.3333333333333333,[13.598845958709717],0.0,19.698526859283447,15,5,0,20.69819688796997
351,351,[-1.0],-1.0,0,1.0,-1.0,0,[-1.0],1679425099.03039,148,7.766931772232056,1,0,-1,0,0.0,0.6,[1.6673238277435303],0.0,7.766931772232056,15,9,0,8.766552686691284
352,352,[1.0],1.0,0,1.0,1.0,0,[1.0],1679425110.646645,153,7.865584850311279,1,0,1,0,0.15,0.26666666666666666,[1.7658648490905762],0.0,7.865584850311279,15,4,0,8.865387916564941
353,353,[-1.0],-1.0,0,1.0,-1.0,0,[-1.0],1679425130.478472,648,15.915765047073364,1,0,-1,0,0.0,0.8,[9.999603986740112],0.0,15.915765047073364,15,12,0,16.915441274642944
354,354,[1.0],1.0,0,1.0,1.0,0,[1.0],1679425142.477798,167,7.385101079940796,1,0,1,0,0.15,0.46153846153846156,[1.983597993850708],1.0,7.385101079940796,13,6,0,8.383981943130493
355,355,[1.0],1.0,0,1.0,1.0,0,[1.0],1679425153.726699,175,8.050164937973022,1,0,1,0,0.15,0.6666666666666666,[2.116436004638672],0.0,8.050164937973022,15,10,0,9.06548023223877
356,356,[1.0],1.0,0,1.0,1.0,0,[1.0],1679425497.119421,825,17.565446853637695,1,0,1,0,0.15,0.09090909090909091,[12.965588808059692],1.0,17.565446853637695,11,1,0,18.56516671180725
357,357,[1.0],1.0,0,1.0,1.0,0,[1.0],1679425507.151867,123,4.499913930892944,1,0,1,0,0.15,0.5714285714285714,[1.2497527599334717],1.0,4.499913930892944,7,4,0,5.499223709106445
358,358,[1.0],1.0,0,1.0,1.0,0,[1.0],1679425515.084642,113,4.065876007080078,1,0,1,0,0.15,1.0,[1.0933811664581299],1.0,4.065876007080078,6,6,0,5.0659520626068115
359,359,[1.0],1.0,0,1.0,1.0,0,[1.0],1679425522.701,110,3.5997471809387207,1,0,1,0,0.15,0.8,[1.0330700874328613],1.0,3.5997471809387207,5,4,0,4.599848985671997
360,360,[1.0],1.0,0,1.0,1.0,0,[1.0],1679425529.883639,110,5.98291802406311,1,0,1,0,0.15,0.75,[1.0336980819702148],1.0,5.98291802406311,12,9,0,6.9830780029296875
361,361,[1.0],1.0,0,1.0,1.0,0,[1.0],1679425540.399921,162,3.4663360118865967,1,0,1,0,0.15,0.5,[1.899744987487793],1.0,3.4663360118865967,2,1,0,4.465986967086792
362,362,[1.0],1.0,0,1.0,1.0,0,[1.0],1679425546.549166,109,2.9162960052490234,1,0,1,0,0.15,1.0,[1.0160260200500488],1.0,2.9162960052490234,3,3,0,3.915963888168335
363,363,[1.0],1.0,0,1.0,1.0,0,[1.0],1679425552.998889,109,2.9157259464263916,1,0,1,0,0.15,0.6666666666666666,[1.0157487392425537],1.0,2.9157259464263916,3,2,0,3.9154088497161865
364,364,[1.0],1.0,0,-1.0,-1.0,0,[-1.0],1679425560.1816902,152,7.632888078689575,1,0,1,0,0.0,0.8,[1.7330360412597656],0.0,7.632888078689575,15,12,0,8.632589101791382
365,365,[-1.0],-1.0,0,-1.0,1.0,0,[1.0],1679425571.5976262,156,4.716355800628662,1,0,-1,0,0.15,0.6666666666666666,[1.7997419834136963],1.0,4.716355800628662,6,4,0,5.716195821762085
366,366,[-1.0],-1.0,0,-1.0,1.0,0,[1.0],1679425579.580232,134,7.382683277130127,1,0,-1,0,0.15,0.7333333333333333,[1.4330849647521973],0.0,7.382683277130127,15,11,0,8.382191181182861
367,367,[-1.0],-1.0,0,-1.0,1.0,0,[1.0],1679425590.979198,151,3.950167179107666,1,0,-1,0,0.15,0.75,[1.7172930240631104],1.0,3.950167179107666,4,3,0,4.949349880218506
368,368,[-1.0],-1.0,0,-1.0,1.0,0,[1.0],1679425597.895351,113,4.08344292640686,1,0,-1,0,0.15,0.6666666666666666,[1.083993911743164],1.0,4.08344292640686,6,4,0,5.083327054977417
369,369,[-1.0],-1.0,0,-1.0,1.0,0,[1.0],1679425605.9282718,134,5.682779312133789,1,0,-1,0,0.15,0.6,[1.4336891174316406],1.0,5.682779312133789,10,6,0,6.683824300765991
370,370,[-1.0],-1.0,0,-1.0,1.0,0,[1.0],1679425614.878121,110,7.132536888122559,1,0,-1,0,0.15,0.6,[1.0327370166778564],0.0,7.132536888122559,15,9,0,8.132107973098755
371,371,[-1.0],-1.0,0,-1.0,1.0,0,[1.0],1679425626.0933042,132,4.299551010131836,1,0,-1,0,0.15,0.5,[1.4004569053649902],1.0,4.299551010131836,6,3,0,5.2992870807647705
372,372,[-1.0],-1.0,0,-1.0,1.0,0,[1.0],1679425633.592993,107,3.2330551147460938,1,0,-1,0,0.15,0.75,[0.9830272197723389],1.0,3.2330551147460938,4,3,0,4.232820987701416
373,373,[-1.0],-1.0,0,-1.0,1.0,0,[1.0],1679425640.4428349,110,2.7333717346191406,1,0,-1,0,0.15,1.0,[1.0338776111602783],1.0,2.7333717346191406,2,2,0,3.732879877090454
374,374,[-1.0],-1.0,0,-1.0,1.0,0,[1.0],1679425652.208341,439,12.615769863128662,1,0,-1,0,0.15,0.6,[6.515668153762817],0.0,12.615769863128662,15,9,0,13.631762981414795
375,375,[-1.0],-1.0,0,-1.0,1.0,0,[1.0],1679425663.341438,111,3.316667079925537,1,0,-1,0,0.15,0.75,[1.0498449802398682],1.0,3.316667079925537,4,3,0,4.316357135772705
376,376,[-1.0],-1.0,0,-1.0,1.0,0,[1.0],1679425670.24049,112,6.966099977493286,1,0,-1,0,0.15,0.6666666666666666,[1.066554069519043],0.0,6.966099977493286,15,10,0,7.965760946273804
377,377,[1.0],1.0,0,1.0,1.0,0,[1.0],1679425681.573171,151,5.366379976272583,1,0,1,0,0.15,0.625,[1.7165203094482422],1.0,5.366379976272583,8,5,0,6.366736173629761
378,378,[1.0],1.0,0,1.0,1.0,0,[1.0],1679425689.922403,111,7.033130884170532,1,0,1,0,0.15,0.8,[1.049717903137207],0.0,7.033130884170532,15,12,0,8.032345056533813
379,379,[1.0],1.0,0,1.0,1.0,0,[1.0],1679425702.704732,233,7.316049098968506,1,0,1,0,0.15,0.6,[3.083621025085449],1.0,7.316049098968506,10,6,0,8.31620192527771
380,380,[1.0],1.0,0,1.0,1.0,0,[1.0],1679425711.987747,127,5.216245889663696,1,0,1,0,0.15,0.8888888888888888,[1.3164458274841309],1.0,5.216245889663696,9,8,0,6.232676029205322
381,381,[1.0],1.0,0,1.0,1.0,0,[1.0],1679425721.171262,145,4.549116849899292,1,0,1,0,0.15,0.5,[1.6158170700073242],1.0,4.549116849899292,6,3,0,5.548972845077515
382,382,[1.0],1.0,0,1.0,1.0,0,[1.0],1679425729.0536,128,3.9665491580963135,1,0,1,0,0.15,1.0,[1.3337302207946777],1.0,3.9665491580963135,5,5,0,4.966155052185059
383,383,[1.0],1.0,0,1.0,1.0,0,[1.0],1679425736.302538,109,6.915536880493164,1,0,1,0,0.15,0.7333333333333333,[1.0171122550964355],0.0,6.915536880493164,15,11,0,7.9154372215271
384,384,[-1.0],-1.0,0,1.0,-1.0,0,[-1.0],1679425747.001624,113,7.049194097518921,1,0,-1,0,0.0,0.8,[1.0833961963653564],0.0,7.049194097518921,15,12,0,8.049200057983398
385,385,[-1.0],-1.0,0,1.0,-1.0,0,[-1.0],1679425757.751146,112,7.000527858734131,1,0,-1,0,0.0,0.6666666666666666,[1.0669758319854736],0.0,7.000527858734131,15,10,0,7.999539852142334
386,386,[1.0],1.0,0,1.0,1.0,0,[1.0],1679425768.450305,111,3.2997689247131348,1,0,1,0,0.15,0.5,[1.0496618747711182],1.0,3.2997689247131348,4,2,0,4.299590826034546
387,387,[1.0],1.0,0,1.0,1.0,0,[1.0],1679425775.283412,109,7.032660245895386,1,0,1,0,0.15,0.7333333333333333,[1.0167500972747803],1.0,7.032660245895386,15,11,0,8.032692193984985
388,388,[1.0],1.0,0,1.0,1.0,0,[1.0],1679425786.082369,112,2.966370105743408,1,0,1,0,0.15,0.6666666666666666,[1.067812204360962],1.0,2.966370105743408,3,2,0,3.9660470485687256
389,389,[1.0],1.0,0,1.0,1.0,0,[1.0],1679425792.515401,107,4.599989891052246,1,0,1,0,0.15,0.625,[0.9830729961395264],1.0,4.599989891052246,8,5,0,5.599316835403442
390,390,[1.0],1.0,0,1.0,1.0,0,[1.0],1679425800.7322218,107,4.266134977340698,1,0,1,0,0.15,0.7142857142857143,[0.9838590621948242],1.0,4.266134977340698,7,5,0,5.282963037490845
391,391,[1.0],1.0,0,1.0,1.0,0,[1.0],1679425808.648337,109,7.033167839050293,1,0,1,0,0.15,0.7333333333333333,[1.0169291496276855],0.0,7.033167839050293,15,11,0,8.033511877059937
392,392,[-1.0],-1.0,0,-1.0,1.0,0,[1.0],1679425819.630194,123,3.817728042602539,1,0,-1,0,0.15,0.4,[1.2497880458831787],1.0,3.817728042602539,5,2,0,4.816596269607544
393,393,[-1.0],-1.0,0,-1.0,1.0,0,[1.0],1679425826.7794812,108,5.232892990112305,1,0,-1,0,0.15,0.9,[1.0000100135803223],1.0,5.232892990112305,10,9,0,6.232414960861206
394,394,[-1.0],-1.0,0,-1.0,1.0,0,[1.0],1679425836.045602,132,3.2991809844970703,1,0,-1,0,0.15,0.6666666666666666,[1.3992650508880615],1.0,3.2991809844970703,3,2,0,4.298864841461182
395,395,[-1.0],-1.0,0,-1.0,1.0,0,[1.0],1679425842.561847,112,5.649594068527222,1,0,-1,0,0.15,0.6363636363636364,[1.0669631958007812],1.0,5.649594068527222,11,7,0,6.649325132369995
396,396,[-1.0],-1.0,0,-1.0,1.0,0,[1.0],1679425851.8285,109,3.599705219268799,1,0,-1,0,0.15,0.8,[1.0172033309936523],1.0,3.599705219268799,5,4,0,4.599748134613037
397,397,[-1.0],-1.0,0,-1.0,1.0,0,[1.0],1679425859.027841,110,2.2666640281677246,1,0,-1,0,0.15,1.0,[1.033155918121338],1.0,2.2666640281677246,1,1,0,3.2667927742004395
398,398,[-1.0],-1.0,0,-1.0,1.0,0,[1.0],1679425864.8435688,111,6.632903099060059,1,0,-1,0,0.15,0.7857142857142857,[1.0498631000518799],1.0,6.632903099060059,14,11,0,7.632611989974976
399,399,[-1.0],-1.0,0,-1.0,1.0,0,[1.0],1679425875.1597178,110,3.6330950260162354,1,0,-1,0,0.15,0.8,[1.0332098007202148],1.0,3.6330950260162354,5,4,0,4.632783889770508
400,400,[-1.0],-1.0,0,-1.0,1.0,0,[1.0],1679425882.875666,140,4.5161521434783936,1,0,-1,0,0.15,0.8333333333333334,[1.5338020324707031],1.0,4.5161521434783936,6,5,0,5.51625919342041
401,401,[-1.0],-1.0,0,-1.0,1.0,0,[1.0],1679425891.0085928,140,4.099668025970459,1,0,-1,0,0.15,0.6,[1.5347771644592285],1.0,4.099668025970459,5,3,0,5.099446058273315
402,402,[-1.0],-1.0,0,-1.0,1.0,0,[1.0],1679425898.224501,110,4.299389123916626,1,0,-1,0,0.15,0.5714285714285714,[1.032810926437378],1.0,4.299389123916626,7,4,0,5.2989630699157715
403,403,[-1.0],-1.0,0,-1.0,1.0,0,[1.0],1679425906.107334,108,7.099534034729004,1,0,-1,0,0.15,0.7333333333333333,[1.0001299381256104],0.0,7.099534034729004,15,11,0,8.099303007125854
404,404,[-1.0],-1.0,0,-1.0,1.0,0,[1.0],1679425918.3234549,192,4.66612696647644,1,0,-1,0,0.15,0.75,[2.3998539447784424],1.0,4.66612696647644,4,3,0,5.666311979293823
405,405,[-1.0],-1.0,0,1.0,-1.0,0,[-1.0],1679425925.224437,108,6.899555921554565,1,0,-1,0,0.0,0.8,[1.0000419616699219],0.0,6.899555921554565,15,12,0,7.899158954620361
406,406,[1.0],1.0,0,1.0,1.0,0,[1.0],1679425935.8407779,109,2.583178997039795,1,0,1,0,0.15,1.0,[1.0163218975067139],1.0,2.583178997039795,2,2,0,3.5826799869537354
407,407,[1.0],1.0,0,1.0,1.0,0,[1.0],1679425942.004937,112,7.0326759815216064,1,0,1,0,0.15,0.6,[1.066800832748413],0.0,7.0326759815216064,15,9,0,8.032741785049438
408,408,[1.0],1.0,0,1.0,1.0,0,[1.0],1679425952.987641,126,7.217204809188843,1,0,1,0,0.15,0.7333333333333333,[1.2998058795928955],0.0,7.217204809188843,15,11,0,8.215750694274902
409,409,[-1.0],-1.0,0,1.0,-1.0,0,[-1.0],1679425963.670262,111,7.149045944213867,1,0,-1,0,0.0,0.4666666666666667,[1.0494599342346191],0.0,7.149045944213867,15,7,0,8.148895978927612
410,410,[1.0],1.0,0,1.0,1.0,0,[1.0],1679425975.0194108,140,3.2327051162719727,1,0,1,0,0.15,1.0,[1.5333142280578613],1.0,3.2327051162719727,2,2,0,4.232107162475586
411,411,[1.0],1.0,0,1.0,1.0,0,[1.0],1679425981.269461,107,4.899932146072388,1,0,1,0,0.15,0.6666666666666666,[0.9836909770965576],1.0,4.899932146072388,9,6,0,5.899423122406006
412,412,[1.0],1.0,0,1.0,1.0,0,[1.0],1679425989.868286,111,4.315968990325928,1,0,1,0,0.15,0.8571428571428571,[1.049774169921875],1.0,4.315968990325928,7,6,0,5.31656289100647
413,413,[1.0],1.0,0,1.0,1.0,0,[1.0],1679425998.067561,127,5.932959079742432,1,0,1,0,0.15,0.5454545454545454,[1.3162438869476318],1.0,5.932959079742432,11,6,0,6.932352066040039
414,414,[1.0],1.0,0,1.0,1.0,0,[1.0],1679426008.083606,152,6.015784740447998,1,0,1,0,0.15,0.9,[1.7327029705047607],1.0,6.015784740447998,10,9,0,7.015934944152832
415,415,[1.0],1.0,0,1.0,1.0,0,[1.0],1679426017.549417,139,5.549264907836914,1,0,1,0,0.15,0.4444444444444444,[1.5172009468078613],1.0,5.549264907836914,9,4,0,6.549540042877197
416,416,[1.0],1.0,0,1.0,1.0,0,[1.0],1679426026.265666,109,7.116322040557861,1,0,1,0,0.15,0.6666666666666666,[1.0165491104125977],0.0,7.116322040557861,15,10,0,8.116202116012573
417,417,[1.0],1.0,0,-1.0,-1.0,0,[-1.0],1679426319.1617799,540,14.316099882125854,1,0,1,0,0.0,0.6666666666666666,[8.199118852615356],0.0,14.316099882125854,15,10,0,15.315245866775513
418,418,[1.0],1.0,0,-1.0,-1.0,0,[-1.0],1679429354.68081,132,7.317016124725342,1,0,1,0,0.0,0.4,[1.4004762172698975],0.0,7.317016124725342,15,6,0,8.316647052764893
419,419,[-1.0],-1.0,0,-1.0,1.0,0,[1.0],1679429365.313698,108,2.616157293319702,1,0,-1,0,0.15,0.5,[0.9995462894439697],1.0,2.616157293319702,2,1,0,3.6161372661590576
420,420,[-1.0],-1.0,0,-1.0,1.0,0,[1.0],1679429371.513851,110,3.3163931369781494,1,0,-1,0,0.15,1.0,[1.033715009689331],1.0,3.3163931369781494,4,4,0,4.3164660930633545
421,421,[-1.0],-1.0,0,-1.0,1.0,0,[1.0],1679429378.3808808,108,2.249253988265991,1,0,-1,0,0.15,1.0,[0.9999587535858154],1.0,2.249253988265991,1,1,0,3.249150037765503
422,422,[-1.0],-1.0,0,-1.0,1.0,0,[1.0],1679429384.579783,134,6.699393033981323,1,0,-1,0,0.15,0.8461538461538461,[1.4337058067321777],1.0,6.699393033981323,13,11,0,7.699157953262329
423,423,[-1.0],-1.0,0,-1.0,1.0,0,[1.0],1679429395.078153,140,7.449229955673218,1,0,-1,0,0.15,0.8666666666666667,[1.5337798595428467],0.0,7.449229955673218,15,13,0,8.449099063873291
424,424,[1.0],1.0,0,-1.0,-1.0,0,[-1.0],1679429405.744386,109,6.949575185775757,1,0,1,0,0.0,0.8,[1.0166411399841309],0.0,6.949575185775757,15,12,0,7.949314117431641
425,425,[-1.0],-1.0,0,-1.0,1.0,0,[1.0],1679429416.543355,118,7.26614785194397,1,0,-1,0,0.15,0.4666666666666667,[1.166456699371338],0.0,7.26614785194397,15,7,0,8.265978813171387
426,426,[-1.0],-1.0,0,-1.0,1.0,0,[1.0],1679429427.5927198,121,2.8004510402679443,1,0,-1,0,0.15,1.0,[1.216778039932251],1.0,2.8004510402679443,2,2,0,3.800168037414551
427,427,[-1.0],-1.0,0,-1.0,1.0,0,[1.0],1679429433.7751591,111,2.3335630893707275,1,0,-1,0,0.15,1.0,[1.049903154373169],1.0,2.3335630893707275,1,1,0,3.332839250564575
428,428,[-1.0],-1.0,0,-1.0,1.0,0,[1.0],1679429439.641557,111,6.94915509223938,1,0,-1,0,0.15,0.6,[1.0492980480194092],0.0,6.94915509223938,15,9,0,7.948783874511719
429,429,[-1.0],-1.0,0,1.0,-1.0,0,[-1.0],1679429450.457464,120,7.299281120300293,1,0,-1,0,0.0,0.6666666666666666,[1.199388027191162],0.0,7.299281120300293,15,10,0,8.29907488822937
430,430,[1.0],1.0,0,1.0,1.0,0,[1.0],1679429462.573739,186,4.265844106674194,1,0,1,0,0.15,0.3333333333333333,[2.299424886703491],1.0,4.265844106674194,3,1,0,5.2656779289245605
431,431,[1.0],1.0,0,1.0,1.0,0,[1.0],1679429469.175178,109,3.966433048248291,1,0,1,0,0.15,0.5,[1.0163187980651855],1.0,3.966433048248291,6,3,0,4.966686964035034
432,432,[1.0],1.0,0,1.0,1.0,0,[1.0],1679429476.7224262,109,2.584022045135498,1,0,1,0,0.15,1.0,[1.0164432525634766],1.0,2.584022045135498,2,2,0,3.582747220993042
433,433,[1.0],1.0,0,1.0,1.0,0,[1.0],1679429482.872067,111,6.966379880905151,1,0,1,0,0.15,0.5333333333333333,[1.0497848987579346],0.0,6.966379880905151,15,8,0,7.96559476852417
434,434,[1.0],1.0,0,1.0,1.0,0,[1.0],1679429494.9881139,196,8.399746179580688,1,0,1,0,0.15,0.8,[2.483269214630127],0.0,8.399746179580688,15,12,0,9.39923882484436
435,435,[-1.0],-1.0,0,1.0,-1.0,0,[-1.0],1679429505.970349,126,7.232731342315674,1,0,-1,0,0.0,0.7333333333333333,[1.2998201847076416],0.0,7.232731342315674,15,11,0,8.232384204864502
436,436,[1.0],1.0,0,1.0,1.0,0,[1.0],1679429518.0032089,191,8.498576879501343,1,0,1,0,0.15,0.4666666666666667,[2.3824048042297363],0.0,8.498576879501343,15,7,0,9.498174905776978
437,437,[-1.0],-1.0,0,1.0,-1.0,0,[-1.0],1679429529.619216,151,7.815758228302002,1,0,-1,0,0.0,0.8666666666666667,[1.7160582542419434],0.0,7.815758228302002,15,13,0,8.815444946289062
438,438,[-1.0],-1.0,0,1.0,-1.0,0,[-1.0],1679429541.717781,183,8.15025520324707,1,0,-1,0,0.0,0.5333333333333333,[2.249856948852539],0.0,8.15025520324707,15,8,0,9.166589975357056
439,439,[1.0],1.0,0,1.0,1.0,0,[1.0],1679429557.333468,404,7.166489124298096,1,0,1,0,0.15,1.0,[5.9327192306518555],1.0,7.166489124298096,1,1,0,8.166468143463135
440,440,[1.0],1.0,0,1.0,1.0,0,[1.0],1679429563.416466,116,4.749042987823486,1,0,1,0,0.15,0.75,[1.1326789855957031],1.0,4.749042987823486,8,6,0,5.748793840408325
441,441,[1.0],1.0,0,1.0,1.0,0,[1.0],1679429571.665558,108,6.9165802001953125,1,0,1,0,0.15,0.8,[0.9997823238372803],0.0,6.9165802001953125,15,12,0,7.915980100631714
442,442,[1.0],1.0,0,1.0,1.0,0,[1.0],1679429583.348581,171,3.3329312801361084,1,0,1,0,0.15,1.0,[2.050049066543579],1.0,3.3329312801361084,1,1,0,4.332848310470581
443,443,[1.0],1.0,0,1.0,1.0,0,[1.0],1679429589.297808,114,2.333361864089966,1,0,1,0,0.15,1.0,[1.0998778343200684],1.0,2.333361864089966,1,1,0,3.3329951763153076
444,444,[1.0],1.0,0,-1.0,-1.0,0,[-1.0],1679429595.24734,119,7.149453163146973,1,0,1,0,0.0,0.8,[1.182729959487915],0.0,7.149453163146973,15,12,0,8.148950099945068
445,445,[-1.0],-1.0,0,-1.0,1.0,0,[1.0],1679429606.52994,145,7.516216039657593,1,0,-1,0,0.15,0.6666666666666666,[1.6167716979980469],0.0,7.516216039657593,15,10,0,8.516170024871826
446,446,[1.0],1.0,0,-1.0,-1.0,0,[-1.0],1679429634.744692,1162,24.681003093719482,1,0,1,0,0.0,0.4666666666666667,[18.58103084564209],0.0,24.681003093719482,15,7,0,25.680570125579834
447,447,[1.0],1.0,0,-1.0,-1.0,0,[-1.0],1679429739.038102,176,8.249072790145874,1,0,1,0,0.0,0.7333333333333333,[2.1341397762298584],0.0,8.249072790145874,15,11,0,9.248755931854248
448,448,[1.0],1.0,0,-1.0,-1.0,0,[-1.0],1679429789.283937,1094,23.547704935073853,1,0,1,0,0.0,0.5333333333333333,[17.448267936706543],0.0,23.547704935073853,15,8,0,24.54750108718872
449,449,[-1.0],-1.0,0,-1.0,1.0,0,[1.0],1679429802.399489,203,8.499870777130127,1,0,-1,0,0.15,0.8,[2.582986831665039],0.0,8.499870777130127,15,12,0,9.500531911849976
450,450,[1.0],1.0,0,-1.0,-1.0,0,[-1.0],1679429813.382059,125,7.382165908813477,1,0,1,0,0.0,0.6666666666666666,[1.2825851440429688],0.0,7.382165908813477,15,10,0,8.382081985473633
451,451,[1.0],1.0,0,-1.0,-1.0,0,[-1.0],1679429832.43092,601,15.332058191299438,1,0,1,0,0.0,0.4,[9.215873003005981],0.0,15.332058191299438,15,6,0,16.33251404762268
452,452,[1.0],1.0,0,-1.0,-1.0,0,[-1.0],1679430491.1345532,479,13.299179077148438,1,0,1,0,0.0,0.6666666666666666,[7.199492931365967],0.0,13.299179077148438,15,10,0,14.298862934112549
453,453,[-1.0],-1.0,0,-1.0,1.0,0,[1.0],1679430502.20019,107,5.915807008743286,1,0,-1,0,0.15,0.4166666666666667,[0.9831008911132812],1.0,5.915807008743286,12,5,0,6.915351152420044
454,454,[-1.0],-1.0,0,-1.0,1.0,0,[1.0],1679430511.799773,108,4.250024080276489,1,0,-1,0,0.15,0.7142857142857143,[0.9996922016143799],1.0,4.250024080276489,7,5,0,5.249853134155273
455,455,[-1.0],-1.0,0,-1.0,1.0,0,[1.0],1679430519.6508842,108,2.316840171813965,1,0,-1,0,0.15,1.0,[1.0000030994415283],1.0,2.316840171813965,1,1,0,3.316120147705078
456,456,[-1.0],-1.0,0,-1.0,1.0,0,[1.0],1679430525.482216,108,6.9159979820251465,1,0,-1,0,0.15,0.7333333333333333,[0.9987571239471436],1.0,6.9159979820251465,15,11,0,7.915058851242065
457,457,[-1.0],-1.0,0,-1.0,1.0,0,[1.0],1679430536.764708,147,3.549570083618164,1,0,-1,0,0.15,0.6666666666666666,[1.6497821807861328],1.0,3.549570083618164,3,2,0,4.549418210983276
458,458,[-1.0],-1.0,0,-1.0,1.0,0,[1.0],1679430544.2809541,170,3.999439239501953,1,0,-1,0,0.15,1.0,[2.032778024673462],1.0,3.999439239501953,3,3,0,4.9994001388549805
459,459,[-1.0],-1.0,0,-1.0,1.0,0,[1.0],1679430550.8636239,109,3.916262149810791,1,0,-1,0,0.15,0.8333333333333334,[1.0163891315460205],1.0,3.916262149810791,6,5,0,4.9159369468688965
460,460,[-1.0],-1.0,0,-1.0,1.0,0,[1.0],1679430558.629746,124,3.1829161643981934,1,0,-1,0,0.15,0.3333333333333333,[1.2659618854522705],1.0,3.1829161643981934,3,1,0,4.1827099323272705
461,461,[-1.0],-1.0,0,1.0,-1.0,0,[-1.0],1679430565.162712,112,7.033029794692993,1,0,-1,0,0.0,0.6666666666666666,[1.0663998126983643],0.0,7.033029794692993,15,10,0,8.032758951187134
462,462,[-1.0],-1.0,0,1.0,-1.0,0,[-1.0],1679430576.1451678,126,7.216429710388184,1,0,-1,0,0.0,0.6666666666666666,[1.299952745437622],0.0,7.216429710388184,15,10,0,8.216108798980713
463,463,[-1.0],-1.0,0,1.0,-1.0,0,[-1.0],1679430587.460861,149,7.78275203704834,1,0,-1,0,0.0,0.8666666666666667,[1.6835260391235352],0.0,7.78275203704834,15,13,0,8.78240418434143
464,464,[1.0],1.0,0,1.0,1.0,0,[1.0],1679430598.326752,109,6.6338279247283936,1,0,1,0,0.15,0.6428571428571429,[1.0161879062652588],1.0,6.6338279247283936,14,9,0,7.632512092590332
465,465,[1.0],1.0,0,1.0,1.0,0,[1.0],1679430609.2431018,144,6.199335098266602,1,0,1,0,0.15,0.36363636363636365,[1.5997240543365479],1.0,6.199335098266602,11,4,0,7.199314117431641
466,466,[1.0],1.0,0,1.0,1.0,0,[1.0],1679430618.542167,109,6.932589054107666,1,0,1,0,0.15,0.6,[1.0162780284881592],0.0,6.932589054107666,15,9,0,7.932530164718628
467,467,[1.0],1.0,0,1.0,1.0,0,[1.0],1679430629.841304,149,6.2667458057403564,1,0,1,0,0.15,0.8181818181818182,[1.6832950115203857],1.0,6.2667458057403564,11,9,0,7.265573740005493
468,468,[1.0],1.0,0,1.0,1.0,0,[1.0],1679430639.20755,114,3.7165708541870117,1,0,1,0,0.15,0.4,[1.1000330448150635],1.0,3.7165708541870117,5,2,0,4.716327905654907
469,469,[1.0],1.0,0,1.0,1.0,0,[1.0],1679430647.940254,200,4.098952770233154,1,0,1,0,0.15,0.5,[2.5324647426605225],1.0,4.098952770233154,2,1,0,5.098674774169922
470,470,[1.0],1.0,0,1.0,1.0,0,[1.0],1679430654.156491,111,4.316395998001099,1,0,1,0,0.15,0.5714285714285714,[1.0497970581054688],1.0,4.316395998001099,7,4,0,5.315798997879028
471,471,[1.0],1.0,0,1.0,1.0,0,[1.0],1679430662.122881,113,2.9822919368743896,1,0,1,0,0.15,0.6666666666666666,[1.0838291645050049],1.0,2.9822919368743896,3,2,0,3.998802900314331
472,472,[1.0],1.0,0,1.0,1.0,0,[1.0],1679430668.788687,120,3.0998358726501465,1,0,1,0,0.15,0.6666666666666666,[1.1996207237243652],1.0,3.0998358726501465,3,2,0,4.099511623382568
473,473,[1.0],1.0,0,1.0,1.0,0,[1.0],1679430675.2882822,110,2.6165459156036377,1,0,1,0,0.15,0.5,[1.0331072807312012],1.0,2.6165459156036377,2,1,0,3.6163439750671387
474,474,[1.0],1.0,0,-1.0,-1.0,0,[-1.0],1679430681.504791,113,7.100170135498047,1,0,1,0,0.0,0.9333333333333333,[1.0845861434936523],0.0,7.100170135498047,15,14,0,8.099241971969604
475,475,[1.0],1.0,0,-1.0,-1.0,0,[-1.0],1679430695.0534241,276,9.915336847305298,1,0,1,0,0.0,0.8666666666666667,[3.7988979816436768],0.0,9.915336847305298,15,13,0,10.915357828140259
476,476,[-1.0],-1.0,0,-1.0,1.0,0,[1.0],1679430706.052688,112,4.966408967971802,1,0,-1,0,0.15,0.8888888888888888,[1.0668511390686035],1.0,4.966408967971802,9,8,0,5.96627402305603
477,477,[-1.0],-1.0,0,-1.0,1.0,0,[1.0],1679430714.6194031,110,4.999666213989258,1,0,-1,0,0.15,0.5555555555555556,[1.0339109897613525],1.0,4.999666213989258,9,5,0,5.9995410442352295
478,478,[-1.0],-1.0,0,-1.0,1.0,0,[1.0],1679430723.201681,107,6.965301036834717,1,0,-1,0,0.15,0.8666666666666667,[0.9827759265899658],0.0,6.965301036834717,15,13,0,7.96567702293396
479,479,[-1.0],-1.0,0,-1.0,1.0,0,[1.0],1679430734.017353,115,4.399503946304321,1,0,-1,0,0.15,0.42857142857142855,[1.1164259910583496],1.0,4.399503946304321,7,3,0,5.3992369174957275
480,480,[-1.0],-1.0,0,-1.0,1.0,0,[1.0],1679430742.167145,123,4.849505662918091,1,0,-1,0,0.15,0.125,[1.2494537830352783],1.0,4.849505662918091,8,1,0,5.849776744842529
481,481,[-1.0],-1.0,0,-1.0,1.0,0,[1.0],1679430750.4163892,109,5.59964919090271,1,0,-1,0,0.15,0.7272727272727273,[1.0165750980377197],1.0,5.59964919090271,11,8,0,6.599463939666748
482,482,[-1.0],-1.0,0,-1.0,1.0,0,[1.0],1679430759.715571,112,5.982935190200806,1,0,-1,0,0.15,0.75,[1.067237138748169],1.0,5.982935190200806,12,9,0,6.982388973236084
483,483,[-1.0],-1.0,0,-1.0,1.0,0,[1.0],1679430770.2817862,166,4.8993470668792725,1,0,-1,0,0.15,0.8333333333333334,[1.9663400650024414],1.0,4.8993470668792725,6,5,0,5.899199962615967
484,484,[-1.0],-1.0,0,-1.0,1.0,0,[1.0],1679430777.9982321,117,4.750412940979004,1,0,-1,0,0.15,0.625,[1.150291919708252],1.0,4.750412940979004,8,5,0,5.749317169189453
485,485,[-1.0],-1.0,0,-1.0,1.0,0,[1.0],1679430786.330498,115,4.682913064956665,1,0,-1,0,0.15,0.5,[1.116960048675537],1.0,4.682913064956665,8,4,0,5.682659864425659
486,486,[-1.0],-1.0,0,-1.0,1.0,0,[1.0],1679430794.5302458,109,3.3165059089660645,1,0,-1,0,0.15,0.75,[1.016597032546997],1.0,3.3165059089660645,4,3,0,4.316325902938843
487,487,[-1.0],-1.0,0,-1.0,1.0,0,[1.0],1679430801.6291862,122,6.816589117050171,1,0,-1,0,0.15,0.5,[1.2337992191314697],1.0,6.816589117050171,14,7,0,7.816389083862305
488,488,[-1.0],-1.0,0,1.0,-1.0,0,[-1.0],1679430812.178824,123,7.1827309131622314,1,0,-1,0,0.0,0.5333333333333333,[1.2496109008789062],0.0,7.1827309131622314,15,8,0,8.182188034057617
489,489,[-1.0],-1.0,0,1.0,-1.0,0,[-1.0],1679430823.227617,132,7.300194025039673,1,0,-1,0,0.0,0.7333333333333333,[1.3994522094726562],0.0,7.300194025039673,15,11,0,8.301286220550537
490,490,[1.0],1.0,0,1.0,1.0,0,[1.0],1679430833.860092,108,5.249763011932373,1,0,1,0,0.15,0.7,[0.999845027923584],1.0,5.249763011932373,10,7,0,6.265833139419556
491,491,[1.0],1.0,0,1.0,1.0,0,[1.0],1679430842.776394,108,3.899609088897705,1,0,1,0,0.15,0.8333333333333334,[1.0002989768981934],1.0,3.899609088897705,6,5,0,4.89952826499939
492,492,[1.0],1.0,0,1.0,1.0,0,[1.0],1679430850.29289,109,6.916093826293945,1,0,1,0,0.15,0.6666666666666666,[1.0167758464813232],0.0,6.916093826293945,15,10,0,7.916262865066528
493,493,[1.0],1.0,0,1.0,1.0,0,[1.0],1679430860.97531,112,2.666429042816162,1,0,1,0,0.15,0.5,[1.0662670135498047],1.0,2.666429042816162,2,1,0,3.6662120819091797
494,494,[1.0],1.0,0,1.0,1.0,0,[1.0],1679430867.108858,107,2.5498480796813965,1,0,1,0,0.15,1.0,[0.983375072479248],1.0,2.5498480796813965,2,2,0,3.5669288635253906
495,495,[1.0],1.0,0,1.0,1.0,0,[1.0],1679430873.224535,108,2.2330281734466553,1,0,1,0,0.15,1.0,[1.0000782012939453],1.0,2.2330281734466553,1,1,0,3.232767105102539
496,496,[1.0],1.0,0,1.0,1.0,0,[1.0],1679430878.973928,107,6.550160884857178,1,0,1,0,0.15,0.5714285714285714,[0.982975959777832],1.0,6.550160884857178,14,8,0,7.549362897872925
497,497,[1.0],1.0,0,1.0,1.0,0,[1.0],1679430889.2568152,109,6.932551860809326,1,0,1,0,0.15,0.8,[1.016232967376709],0.0,6.932551860809326,15,12,0,7.932385683059692
498,498,[-1.0],-1.0,0,1.0,-1.0,0,[-1.0],1679430899.889191,107,7.098972320556641,1,0,-1,0,0.0,0.4666666666666667,[0.9829120635986328],0.0,7.098972320556641,15,7,0,8.098763227462769
499,499,[-1.0],-1.0,0,1.0,-1.0,0,[-1.0],1679430910.754993,111,6.949453830718994,1,0,-1,0,0.0,0.6666666666666666,[1.0497610569000244],0.0,6.949453830718994,15,10,0,7.949336767196655
500,500,[1.0],1.0,0,-1.0,-1.0,0,[-1.0],1679430923.387253,229,8.93272614479065,1,0,1,0,0.0,0.8,[3.016710042953491],0.0,8.93272614479065,15,12,0,9.932394027709961
501,501,[-1.0],-1.0,0,-1.0,1.0,0,[1.0],1679430937.40397,306,5.89977502822876,1,0,-1,0,0.15,0.5,[4.2994630336761475],1.0,5.89977502822876,2,1,0,6.899735927581787
502,502,[-1.0],-1.0,0,-1.0,1.0,0,[1.0],1679430943.652714,107,4.882878065109253,1,0,-1,0,0.15,0.7777777777777778,[0.9826509952545166],1.0,4.882878065109253,9,7,0,5.882288932800293
503,503,[-1.0],-1.0,0,-1.0,1.0,0,[1.0],1679430952.185759,108,2.2496979236602783,1,0,-1,0,0.15,1.0,[0.9994180202484131],1.0,2.2496979236602783,1,1,0,3.2490761280059814
504,504,[-1.0],-1.0,0,-1.0,1.0,0,[1.0],1679430958.068625,114,2.332904815673828,1,0,-1,0,0.15,1.0,[1.1000051498413086],1.0,2.332904815673828,1,1,0,3.3327629566192627
505,505,[-1.0],-1.0,0,-1.0,1.0,0,[1.0],1679430963.83439,108,3.9164059162139893,1,0,-1,0,0.15,0.8333333333333334,[0.9992389678955078],1.0,3.9164059162139893,6,5,0,4.915699005126953
506,506,[-1.0],-1.0,0,-1.0,1.0,0,[1.0],1679430971.350803,108,2.9330899715423584,1,0,-1,0,0.15,1.0,[1.0001940727233887],1.0,2.9330899715423584,3,3,0,3.9327549934387207
507,507,[-1.0],-1.0,0,-1.0,1.0,0,[1.0],1679430978.000561,117,2.7502431869506836,1,0,-1,0,0.15,0.5,[1.149764060974121],1.0,2.7502431869506836,2,1,0,3.7498891353607178
508,508,[-1.0],-1.0,0,-1.0,1.0,0,[1.0],1679430984.2662709,115,7.049594163894653,1,0,-1,0,0.15,0.6666666666666666,[1.1167349815368652],0.0,7.049594163894653,15,10,0,8.049456119537354
509,509,[-1.0],-1.0,0,-1.0,1.0,0,[1.0],1679430995.215717,126,7.399517059326172,1,0,-1,0,0.15,0.4666666666666667,[1.2996532917022705],0.0,7.399517059326172,15,7,0,8.399310111999512
510,510,[-1.0],-1.0,0,-1.0,1.0,0,[1.0],1679431007.365201,188,5.566148042678833,1,0,-1,0,0.15,0.42857142857142855,[2.3330390453338623],1.0,5.566148042678833,7,3,0,6.565814018249512
511,511,[-1.0],-1.0,0,1.0,-1.0,0,[-1.0],1679431015.480762,121,7.132814884185791,1,0,-1,0,0.0,0.6666666666666666,[1.2158398628234863],0.0,7.132814884185791,15,10,0,8.132166862487793
512,512,[1.0],1.0,0,1.0,1.0,0,[1.0],1679431026.297075,119,6.098819017410278,1,0,1,0,0.15,0.5833333333333334,[1.182748794555664],1.0,6.098819017410278,12,7,0,7.0985589027404785
513,513,[1.0],1.0,0,1.0,1.0,0,[1.0],1679431035.963219,112,2.6499719619750977,1,0,1,0,0.15,1.0,[1.0662119388580322],1.0,2.6499719619750977,2,2,0,3.6497390270233154
514,514,[1.0],1.0,0,1.0,1.0,0,[1.0],1679431042.07933,107,2.566193103790283,1,0,1,0,0.15,0.5,[0.9833810329437256],1.0,2.566193103790283,2,1,0,3.5659830570220947
515,515,[1.0],1.0,0,1.0,1.0,0,[1.0],1679431048.212661,108,2.9002187252044678,1,0,1,0,0.15,0.6666666666666666,[0.9999957084655762],1.0,2.9002187252044678,3,2,0,3.9000260829925537
516,516,[1.0],1.0,0,1.0,1.0,0,[1.0],1679431054.6790452,110,4.282983064651489,1,0,1,0,0.15,0.5714285714285714,[1.0328562259674072],1.0,4.282983064651489,7,4,0,5.282835006713867
517,517,[1.0],1.0,0,1.0,1.0,0,[1.0],1679431062.511643,108,5.916413307189941,1,0,1,0,0.15,0.8333333333333334,[1.000434160232544],1.0,5.916413307189941,12,10,0,6.9161882400512695
518,518,[1.0],1.0,0,1.0,1.0,0,[1.0],1679431072.077076,107,2.5502419471740723,1,0,1,0,0.15,1.0,[0.983288049697876],1.0,2.5502419471740723,2,2,0,3.5494439601898193
519,519,[1.0],1.0,0,1.0,1.0,0,[1.0],1679431078.1938229,108,2.59961199760437,1,0,1,0,0.15,1.0,[1.0160670280456543],1.0,2.59961199760437,2,2,0,3.5993001461029053
520,520,[1.0],1.0,0,1.0,1.0,0,[1.0],1679431084.3096588,107,3.5492560863494873,1,0,1,0,0.15,0.6,[0.9828290939331055],1.0,3.5492560863494873,5,3,0,4.549318075180054
521,521,[1.0],1.0,0,1.0,1.0,0,[1.0],1679431091.459135,108,6.916276216506958,1,0,1,0,0.15,0.8,[1.0001599788665771],0.0,6.916276216506958,15,12,0,7.916028022766113
522,522,[1.0],1.0,0,-1.0,-1.0,0,[-1.0],1679431102.2418518,117,7.066291093826294,1,0,1,0,0.0,0.7333333333333333,[1.1502389907836914],0.0,7.066291093826294,15,11,0,8.066285848617554
523,523,[-1.0],-1.0,0,-1.0,1.0,0,[1.0],1679431112.957647,113,4.984739065170288,1,0,-1,0,0.15,0.5555555555555556,[1.083772897720337],1.0,4.984739065170288,9,5,0,5.983670949935913
524,524,[-1.0],-1.0,0,-1.0,1.0,0,[1.0],1679431121.473674,107,6.915519952774048,1,0,-1,0,0.15,0.7333333333333333,[0.982536792755127],0.0,6.915519952774048,15,11,0,7.915292024612427
525,525,[-1.0],-1.0,0,-1.0,1.0,0,[1.0],1679431132.2236018,114,5.748999118804932,1,0,-1,0,0.15,0.5454545454545454,[1.0994348526000977],1.0,5.748999118804932,11,6,0,6.897012948989868
526,526,[-1.0],-1.0,0,-1.0,1.0,0,[1.0],1679431141.7368672,111,5.666993856430054,1,0,-1,0,0.15,0.6363636363636364,[1.0497169494628906],1.0,5.666993856430054,11,7,0,6.667413949966431
527,527,[-1.0],-1.0,0,-1.0,1.0,0,[1.0],1679431151.537322,139,6.0837860107421875,1,0,-1,0,0.15,0.5454545454545454,[1.5167722702026367],1.0,6.0837860107421875,11,6,0,7.082805156707764
528,528,[-1.0],-1.0,0,-1.0,1.0,0,[1.0],1679431160.869192,113,6.065583229064941,1,0,-1,0,0.15,0.5833333333333334,[1.0834922790527344],1.0,6.065583229064941,12,7,0,7.065283298492432
529,529,[-1.0],-1.0,0,-1.0,1.0,0,[1.0],1679431170.6014981,112,5.682614088058472,1,0,-1,0,0.15,0.7272727272727273,[1.0671801567077637],1.0,5.682614088058472,11,8,0,6.682408332824707
530,530,[-1.0],-1.0,0,-1.0,1.0,0,[1.0],1679431179.8843892,108,7.098756790161133,1,0,-1,0,0.15,0.3333333333333333,[0.9991400241851807],0.0,7.098756790161133,15,5,0,8.099484920501709
531,531,[-1.0],-1.0,0,-1.0,1.0,0,[1.0],1679431191.250701,141,4.549453020095825,1,0,-1,0,0.15,0.5,[1.549211025238037],1.0,4.549453020095825,6,3,0,5.5495500564575195
532,532,[-1.0],-1.0,0,-1.0,1.0,0,[1.0],1679431199.649631,155,4.4326441287994385,1,0,-1,0,0.15,0.6,[1.783600091934204],1.0,4.4326441287994385,5,3,0,5.43290901184082
533,533,[-1.0],-1.0,0,-1.0,1.0,0,[1.0],1679431207.100171,119,2.4329471588134766,1,0,-1,0,0.15,1.0,[1.1829280853271484],1.0,2.4329471588134766,1,1,0,3.432760000228882
534,534,[-1.0],-1.0,0,1.0,-1.0,0,[-1.0],1679431212.965409,113,6.98291802406311,1,0,-1,0,0.0,0.7333333333333333,[1.0843353271484375],0.0,6.98291802406311,15,11,0,7.982422113418579
535,535,[1.0],1.0,0,1.0,1.0,0,[1.0],1679431223.698352,115,3.6829450130462646,1,0,1,0,0.15,0.6,[1.1161658763885498],1.0,3.6829450130462646,5,3,0,4.682421922683716
536,536,[1.0],1.0,0,1.0,1.0,0,[1.0],1679431231.0144691,119,3.416292190551758,1,0,1,0,0.15,1.0,[1.1832540035247803],1.0,3.416292190551758,4,4,0,4.416045188903809
537,537,[1.0],1.0,0,1.0,1.0,0,[1.0],1679431237.780409,107,3.8832030296325684,1,0,1,0,0.15,0.6666666666666666,[0.983055830001831],1.0,3.8832030296325684,6,4,0,4.882946014404297
538,538,[1.0],1.0,0,1.0,1.0,0,[1.0],1679431245.379756,115,4.0174572467803955,1,0,1,0,0.15,0.8333333333333334,[1.1160690784454346],1.0,4.0174572467803955,6,5,0,5.017948865890503
539,539,[1.0],1.0,0,1.0,1.0,0,[1.0],1679431252.896374,109,6.949529647827148,1,0,1,0,0.15,0.8,[1.0165050029754639],0.0,6.949529647827148,15,12,0,7.949201822280884
540,540,[1.0],1.0,0,1.0,1.0,0,[1.0],1679431264.045415,138,4.416140079498291,1,0,1,0,0.15,0.6666666666666666,[1.499783992767334],1.0,4.416140079498291,6,4,0,5.416217088699341
541,541,[1.0],1.0,0,1.0,1.0,0,[1.0],1679431271.711394,117,2.717633008956909,1,0,1,0,0.15,0.5,[1.1500070095062256],1.0,2.717633008956909,2,1,0,3.7164828777313232
542,542,[1.0],1.0,0,1.0,1.0,0,[1.0],1679431277.811774,107,6.616209268569946,1,0,1,0,0.15,0.8571428571428571,[0.9841692447662354],1.0,6.616209268569946,14,12,0,7.616048336029053
543,543,[1.0],1.0,0,1.0,1.0,0,[1.0],1679431288.127124,107,6.882256746292114,1,0,1,0,0.15,0.7333333333333333,[0.9825336933135986],0.0,6.882256746292114,15,11,0,7.882009029388428
544,544,[1.0],1.0,0,1.0,1.0,0,[1.0],1679431299.059627,127,3.5495290756225586,1,0,1,0,0.15,1.0,[1.3165769577026367],1.0,3.5495290756225586,4,4,0,4.549896240234375
545,545,[1.0],1.0,0,1.0,1.0,0,[1.0],1679431305.892351,109,3.032870292663574,1,0,1,0,0.15,0.3333333333333333,[1.016092300415039],1.0,3.032870292663574,3,1,0,4.0326762199401855
546,546,[1.0],1.0,0,-1.0,-1.0,0,[-1.0],1679431312.4777029,108,7.099699974060059,1,0,1,0,0.0,0.6666666666666666,[1.0006728172302246],0.0,7.099699974060059,15,10,0,8.099519968032837
547,547,[-1.0],-1.0,0,-1.0,1.0,0,[1.0],1679431323.774382,137,3.1328210830688477,1,0,-1,0,0.15,1.0,[1.4829223155975342],1.0,3.1328210830688477,2,2,0,4.132771968841553
548,548,[-1.0],-1.0,0,-1.0,1.0,0,[1.0],1679431330.2739332,125,7.182754039764404,1,0,-1,0,0.15,0.6666666666666666,[1.2832579612731934],0.0,7.182754039764404,15,10,0,8.18253493309021
549,549,[-1.0],-1.0,0,-1.0,1.0,0,[1.0],1679431341.5233421,145,6.600572824478149,1,0,-1,0,0.15,0.75,[1.6160709857940674],1.0,6.600572824478149,12,9,0,7.601372003555298
550,550,[-1.0],-1.0,0,-1.0,1.0,0,[1.0],1679431351.406909,121,4.1163330078125,1,0,-1,0,0.15,0.5,[1.2170350551605225],1.0,4.1163330078125,6,3,0,5.116083860397339
551,551,[-1.0],-1.0,0,-1.0,1.0,0,[1.0],1679431359.0055249,114,7.199458122253418,1,0,-1,0,0.15,0.6666666666666666,[1.1001689434051514],0.0,7.199458122253418,15,10,0,8.199340105056763
552,552,[-1.0],-1.0,0,-1.0,1.0,0,[1.0],1679431370.655068,158,4.083183288574219,1,0,-1,0,0.15,0.75,[1.8334290981292725],1.0,4.083183288574219,4,3,0,5.082902193069458
553,553,[-1.0],-1.0,0,-1.0,1.0,0,[1.0],1679431377.537689,110,3.600015878677368,1,0,-1,0,0.15,0.8,[1.0332329273223877],1.0,3.600015878677368,5,4,0,4.5992751121521
554,554,[-1.0],-1.0,0,-1.0,1.0,0,[1.0],1679431384.853319,119,5.782741069793701,1,0,-1,0,0.15,0.9090909090909091,[1.1838431358337402],1.0,5.782741069793701,11,10,0,6.783269166946411
555,555,[-1.0],-1.0,0,-1.0,1.0,0,[1.0],1679431394.202881,113,3.6655712127685547,1,0,-1,0,0.15,0.6,[1.0836451053619385],1.0,3.6655712127685547,5,3,0,4.665086030960083
556,556,[-1.0],-1.0,0,-1.0,1.0,0,[1.0],1679431401.4357278,112,4.382262945175171,1,0,-1,0,0.15,0.5714285714285714,[1.0655360221862793],1.0,4.382262945175171,7,4,0,5.381846904754639
557,557,[-1.0],-1.0,0,-1.0,1.0,0,[1.0],1679431409.45189,113,6.699368000030518,1,0,-1,0,0.15,0.5,[1.083050012588501],1.0,6.699368000030518,14,7,0,7.699084997177124
558,558,[-1.0],-1.0,0,-1.0,1.0,0,[1.0],1679431420.43429,148,3.6830108165740967,1,0,-1,0,0.15,0.6666666666666666,[1.66556978225708],1.0,3.6830108165740967,3,2,0,4.68216872215271
559,559,[-1.0],-1.0,0,1.0,-1.0,0,[-1.0],1679431427.050427,109,6.93294882774353,1,0,-1,0,0.0,0.6666666666666666,[1.0165660381317139],0.0,6.93294882774353,15,10,0,7.93271017074585
560,560,[-1.0],-1.0,0,1.0,-1.0,0,[-1.0],1679431439.6164339,224,8.832464218139648,1,0,-1,0,0.0,0.7333333333333333,[2.9323198795318604],0.0,8.832464218139648,15,11,0,9.831229209899902
561,561,[1.0],1.0,0,1.0,1.0,0,[1.0],1679431450.382037,112,2.9662270545959473,1,0,1,0,0.15,0.6666666666666666,[1.0663580894470215],1.0,2.9662270545959473,3,2,0,3.966207981109619
562,562,[1.0],1.0,0,1.0,1.0,0,[1.0],1679431458.182278,188,5.9161553382873535,1,0,1,0,0.15,0.5,[2.35033917427063],1.0,5.9161553382873535,8,4,0,6.9159770011901855
563,563,[1.0],1.0,0,1.0,1.0,0,[1.0],1679431466.698192,124,3.216752052307129,1,0,1,0,0.15,1.0,[1.266685962677002],1.0,3.216752052307129,3,3,0,4.216578006744385
564,564,[1.0],1.0,0,1.0,1.0,0,[1.0],1679431473.4307652,121,7.315691947937012,1,0,1,0,0.15,0.6,[1.2162559032440186],0.0,7.315691947937012,15,9,0,8.315651893615723
565,565,[1.0],1.0,0,1.0,1.0,0,[1.0],1679432088.1712792,606,15.398810863494873,1,0,1,0,0.15,0.06666666666666667,[9.300451040267944],0.0,15.398810863494873,15,1,0,16.415129899978638
566,566,[1.0],1.0,0,1.0,1.0,0,[1.0],1679432435.930861,1053,17.998708963394165,1,0,1,0,0.15,1.0,[16.765348196029663],1.0,17.998708963394165,1,1,0,18.998516082763672
567,567,[1.0],1.0,0,1.0,1.0,0,[1.0],1679432734.6935208,1153,20.365461111068726,1,0,1,0,0.15,0.6666666666666666,[18.431915998458862],1.0,20.365461111068726,3,2,0,21.365209102630615
568,568,[1.0],1.0,0,1.0,1.0,0,[1.0],1679432743.5759418,206,7.86624002456665,1,0,1,0,0.15,0.07692307692307693,[2.6327619552612305],1.0,7.86624002456665,13,1,0,8.865976810455322
569,569,[-1.0],-1.0,0,1.0,-1.0,0,[-1.0],1679432757.1764429,325,10.731915712356567,1,0,-1,0,0.0,0.5333333333333333,[4.632337808609009],0.0,10.731915712356567,15,8,0,11.73206090927124
