,agent_choices,choice_a0,choice_a1,better_choice,choice_reactionT,correct_choices,correct_a0,correct_a1,navigation_duration,navigation_init_time,observer,observer_choice,player,player_choice,prop_touched_polls,reward,total_polls,touched_polls,trial_aborted,confidence
0,"[-1.0, -1.0]",-1.0,-1.0,-1.0,"[-1623093409.589479, 0.0]","[1.0, 1.0]",1.0,1.0,3.8842921257019043,1623093429.088001,1,-1,0,-1,0.5333333333333333,0.0,15,8,0,"[0, 0]"
1,"[1.0, -1.0]",1.0,-1.0,-1.0,"[-1623093430.7072139, 0.0]","[0.0, 1.0]",0.0,1.0,3.866466999053955,1623093435.971925,1,-1,0,1,0.6,0.0,15,9,0,"[0, 0]"
2,"[1.0, -1.0]",1.0,-1.0,-1.0,"[-1623093436.8059762, 0.0]","[0.0, 1.0]",0.0,1.0,3.86690092086792,1623093441.721834,1,-1,0,1,0.6,0.0,15,9,0,"[0, 0]"
3,"[-1.0, -1.0]",-1.0,-1.0,-1.0,"[-1623093443.4051628, 0.0]","[1.0, 1.0]",1.0,1.0,3.350074291229248,1623093447.971659,1,-1,0,-1,0.8461538461538461,1.0,13,11,0,"[0, 0]"
4,"[-1.0, -1.0]",-1.0,-1.0,-1.0,"[-1623093449.739971, 0.0]","[1.0, 1.0]",1.0,1.0,2.5998659133911133,1623093453.121799,1,-1,0,-1,0.8888888888888888,1.0,9,8,0,"[0, 0]"
5,"[-1.0, -1.0]",-1.0,-1.0,-1.0,"[-1623093452.8048801, 0.0]","[1.0, 1.0]",1.0,1.0,3.6333630084991455,1623093457.2547781,1,-1,0,-1,0.5,1.0,14,7,0,"[0, 0]"
6,"[-1.0, -1.0]",-1.0,-1.0,-1.0,"[-1623093458.156295, 0.0]","[1.0, 1.0]",1.0,1.0,3.866703987121582,1623093462.688045,1,-1,0,-1,0.7333333333333333,0.0,15,11,0,"[0, 0]"
7,"[1.0, -1.0]",1.0,-1.0,-1.0,"[-1623093463.7564297, 0.0]","[0.0, 1.0]",0.0,1.0,3.8665201663970947,1623093468.371274,1,-1,0,1,0.6666666666666666,0.0,15,10,0,"[0, 0]"
8,"[1.0, -1.0]",1.0,-1.0,-1.0,"[-1623093469.356501, 0.0]","[0.0, 1.0]",0.0,1.0,3.865980863571167,1623093474.471167,1,-1,0,1,0.4666666666666667,0.0,15,7,0,"[0, 0]"
9,"[-1.0, -1.0]",-1.0,-1.0,-1.0,"[-1623093475.4546988, 0.0]","[1.0, 1.0]",1.0,1.0,3.866603136062622,1623093481.254279,1,-1,0,-1,0.6666666666666666,0.0,15,10,0,"[0, 0]"
10,"[-1.0, -1.0]",-1.0,-1.0,-1.0,"[-1623093482.7542992, 0.0]","[1.0, 1.0]",1.0,1.0,3.166718006134033,1623093486.720823,1,-1,0,-1,0.5,1.0,12,6,0,"[0, 0]"
11,"[-1.0, -1.0]",-1.0,-1.0,-1.0,"[-1623093487.1394222, 0.0]","[1.0, 1.0]",1.0,1.0,3.8656527996063232,1623093491.754229,1,-1,0,-1,0.8666666666666667,0.0,15,13,0,"[0, 0]"
12,"[1.0, -1.0]",1.0,-1.0,-1.0,"[-1623093492.738869, 0.0]","[0.0, 1.0]",0.0,1.0,3.8667070865631104,1623093497.370671,1,-1,0,1,0.7333333333333333,0.0,15,11,0,"[0, 0]"
13,"[1.0, -1.0]",1.0,-1.0,-1.0,"[-1623093498.3385339, 0.0]","[0.0, 1.0]",0.0,1.0,3.866762161254883,1623093502.887213,1,-1,0,1,0.7333333333333333,0.0,15,11,0,"[0, 0]"
14,"[1.0, -1.0]",1.0,-1.0,-1.0,"[-1623093503.921143, 0.0]","[0.0, 1.0]",0.0,1.0,3.86682391166687,1623093508.80372,1,-1,0,1,0.6,0.0,15,9,0,"[0, 0]"
15,"[-1.0, -1.0]",-1.0,-1.0,-1.0,"[-1623093511.937727, 0.0]","[1.0, 1.0]",1.0,1.0,1.9500670433044434,1623093515.436991,1,-1,0,-1,0.6666666666666666,1.0,6,4,0,"[0, 0]"
16,"[-1.0, -1.0]",-1.0,-1.0,1.0,"[-1623093514.605212, 0.0]","[0.0, 0.0]",0.0,0.0,3.883445978164673,1623093519.220157,1,-1,0,-1,0.8666666666666667,0.0,15,13,0,"[0, 0]"
17,"[-1.0, -1.0]",-1.0,-1.0,1.0,"[-1623093520.2208712, 0.0]","[0.0, 0.0]",0.0,0.0,3.8666749000549316,1623093524.786728,1,-1,0,-1,0.6,0.0,15,9,0,"[0, 0]"
18,"[-1.0, -1.0]",-1.0,-1.0,1.0,"[-1623093525.820612, 0.0]","[0.0, 0.0]",0.0,0.0,3.8667750358581543,1623093530.536556,1,-1,0,-1,0.4666666666666667,0.0,15,7,0,"[0, 0]"
19,"[-1.0, -1.0]",-1.0,-1.0,1.0,"[-1623093531.4207168, 0.0]","[0.0, 0.0]",0.0,0.0,3.866884231567383,1623093536.253141,1,-1,0,-1,0.6666666666666666,0.0,15,10,0,"[0, 0]"
20,"[-1.0, -1.0]",-1.0,-1.0,1.0,"[-1623093537.003278, 0.0]","[0.0, 0.0]",0.0,0.0,3.8667399883270264,1623093541.686364,1,-1,0,-1,0.6666666666666666,0.0,15,10,0,"[0, 0]"
21,"[-1.0, -1.0]",-1.0,-1.0,1.0,"[-1623093542.587466, 0.0]","[0.0, 0.0]",0.0,0.0,3.8667960166931152,1623093547.3695612,1,-1,0,-1,0.8,0.0,15,12,0,"[0, 0]"
22,"[1.0, -1.0]",1.0,-1.0,1.0,"[-1623093548.2530627, 0.0]","[1.0, 0.0]",1.0,0.0,3.784184217453003,1623093552.7519639,1,-1,0,1,1.0,1.0,15,15,0,"[0, 0]"
23,"[1.0, -1.0]",1.0,-1.0,1.0,"[-1623093554.4211998, 0.0]","[1.0, 0.0]",1.0,0.0,3.1998190879821777,1623093558.219608,1,-1,0,1,0.8333333333333334,1.0,12,10,0,"[0, 0]"
24,"[1.0, -1.0]",1.0,-1.0,1.0,"[-1623093559.837025, 0.0]","[1.0, 0.0]",1.0,0.0,2.383308172225952,1623093562.9193048,1,-1,0,1,0.75,1.0,8,6,0,"[0, 0]"
25,"[1.0, -1.0]",1.0,-1.0,1.0,"[-1623093562.4364421, 0.0]","[1.0, 0.0]",1.0,0.0,3.8671460151672363,1623093566.8853178,1,-1,0,1,0.9333333333333333,0.0,15,14,0,"[0, 0]"
26,"[1.0, -1.0]",1.0,-1.0,1.0,"[-1623093570.686607, 0.0]","[1.0, 0.0]",1.0,0.0,1.2000072002410889,1623093572.485832,1,-1,0,1,1.0,1.0,2,2,0,"[0, 0]"
27,"[1.0, -1.0]",1.0,-1.0,1.0,"[-1623093572.902901, 0.0]","[1.0, 0.0]",1.0,0.0,1.566704273223877,1623093575.1523998,1,-1,0,1,1.0,1.0,4,4,0,"[0, 0]"
28,"[1.0, -1.0]",1.0,-1.0,-1.0,"[-1623093573.6856263, 0.0]","[0.0, 1.0]",0.0,1.0,3.867778778076172,1623093578.1347132,1,-1,0,1,0.6666666666666666,0.0,15,10,0,"[0, 0]"
29,"[1.0, -1.0]",1.0,-1.0,-1.0,"[-1623093579.2533932, 0.0]","[0.0, 1.0]",0.0,1.0,3.88326096534729,1623093583.952215,1,-1,0,1,0.6,0.0,15,9,0,"[0, 0]"
30,"[1.0, -1.0]",1.0,-1.0,-1.0,"[-1623093584.8695056, 0.0]","[0.0, 1.0]",0.0,1.0,3.866725206375122,1623093589.46869,1,-1,0,1,0.4,0.0,15,6,0,"[0, 0]"
31,"[1.0, -1.0]",1.0,-1.0,-1.0,"[-1623093590.4536731, 0.0]","[0.0, 1.0]",0.0,1.0,3.8665268421173096,1623093595.035371,1,-1,0,1,0.7333333333333333,0.0,15,11,0,"[0, 0]"
32,"[1.0, -1.0]",1.0,-1.0,-1.0,"[-1623093596.053222, 0.0]","[0.0, 1.0]",0.0,1.0,3.8668060302734375,1623093600.651805,1,-1,0,1,0.9333333333333333,0.0,15,14,0,"[0, 0]"
33,"[-1.0, -1.0]",-1.0,-1.0,-1.0,"[-1623093604.153247, 0.0]","[1.0, 1.0]",1.0,1.0,1.366703987121582,1623093606.185051,1,-1,0,-1,0.6666666666666666,1.0,3,2,0,"[0, 0]"
34,"[-1.0, -1.0]",-1.0,-1.0,-1.0,"[-1623093607.419913, 0.0]","[1.0, 1.0]",1.0,1.0,1.1832959651947021,1623093609.218395,1,-1,0,-1,1.0,1.0,2,2,0,"[0, 0]"
35,"[-1.0, -1.0]",-1.0,-1.0,-1.0,"[-1623093607.2860568, 0.0]","[1.0, 1.0]",1.0,1.0,3.9000091552734375,1623093611.768209,1,-1,0,-1,0.6,0.0,15,9,0,"[0, 0]"
36,"[-1.0, -1.0]",-1.0,-1.0,-1.0,"[-1623093612.9026003, 0.0]","[1.0, 1.0]",1.0,1.0,3.8668277263641357,1623093617.45145,1,-1,0,-1,0.8666666666666667,0.0,15,13,0,"[0, 0]"
37,"[-1.0, -1.0]",-1.0,-1.0,-1.0,"[-1623093619.8022268, 0.0]","[1.0, 1.0]",1.0,1.0,2.566528081893921,1623093622.984813,1,-1,0,-1,0.5555555555555556,1.0,9,5,0,"[0, 0]"
38,"[-1.0, -1.0]",-1.0,-1.0,-1.0,"[-1623093622.602432, 0.0]","[1.0, 1.0]",1.0,1.0,3.866615056991577,1623093627.167935,1,-1,0,-1,0.7333333333333333,0.0,15,11,0,"[0, 0]"
39,"[-1.0, -1.0]",-1.0,-1.0,-1.0,"[-1623093628.886918, 0.0]","[1.0, 1.0]",1.0,1.0,3.1658220291137695,1623093632.701111,1,-1,0,-1,0.5,1.0,12,6,0,"[0, 0]"
40,"[-1.0, -1.0]",-1.0,-1.0,1.0,"[-1623093632.768613, 0.0]","[0.0, 0.0]",0.0,0.0,3.866805076599121,1623093637.56771,1,-1,0,-1,0.7333333333333333,0.0,15,11,0,"[0, 0]"
41,"[-1.0, -1.0]",-1.0,-1.0,1.0,"[-1623093638.3345163, 0.0]","[0.0, 0.0]",0.0,0.0,3.8833537101745605,1623093643.0676422,1,-1,0,-1,0.6666666666666666,0.0,15,10,0,"[0, 0]"
42,"[-1.0, -1.0]",-1.0,-1.0,1.0,"[-1623093643.9353697, 0.0]","[0.0, 0.0]",0.0,0.0,3.8665571212768555,1623093648.7174919,1,-1,0,-1,0.5333333333333333,0.0,15,8,0,"[0, 0]"
43,"[-1.0, -1.0]",-1.0,-1.0,1.0,"[-1623093649.5185452, 0.0]","[0.0, 0.0]",0.0,0.0,3.8665969371795654,1623093654.150699,1,-1,0,-1,0.5333333333333333,0.0,15,8,0,"[0, 0]"
44,"[-1.0, -1.0]",-1.0,-1.0,1.0,"[-1623093655.102867, 0.0]","[0.0, 0.0]",0.0,0.0,3.865722179412842,1623093659.6338718,1,-1,0,-1,0.5333333333333333,0.0,15,8,0,"[0, 0]"
45,"[-1.0, -1.0]",-1.0,-1.0,1.0,"[-1623093660.7023127, 0.0]","[0.0, 0.0]",0.0,0.0,3.866729259490967,1623093665.4337559,1,-1,0,-1,0.4,0.0,15,6,0,"[0, 0]"
46,"[-1.0, -1.0]",-1.0,-1.0,1.0,"[-1623093666.301547, 0.0]","[0.0, 0.0]",0.0,0.0,3.8666110038757324,1623093671.88362,1,-1,0,-1,0.6,0.0,15,9,0,"[0, 0]"
47,"[1.0, -1.0]",1.0,-1.0,1.0,"[-1623093674.151804, 0.0]","[1.0, 0.0]",1.0,0.0,2.5999789237976074,1623093677.383543,1,-1,0,1,0.6666666666666666,1.0,9,6,0,"[0, 0]"
48,"[1.0, -1.0]",1.0,-1.0,1.0,"[-1623093679.267877, 0.0]","[1.0, 0.0]",1.0,0.0,1.5667710304260254,1623093681.466759,1,-1,0,1,0.5,1.0,4,2,0,"[0, 0]"
49,"[1.0, -1.0]",1.0,-1.0,1.0,"[-1623093681.5516832, 0.0]","[1.0, 0.0]",1.0,0.0,2.3666348457336426,1623093684.550101,1,-1,0,1,0.75,1.0,8,6,0,"[0, 0]"
50,"[1.0, -1.0]",1.0,-1.0,1.0,"[-1623093684.435382, 0.0]","[1.0, 0.0]",1.0,0.0,3.5663859844207764,1623093688.4999459,1,-1,0,1,0.8571428571428571,1.0,14,12,0,"[0, 0]"
51,"[1.0, -1.0]",1.0,-1.0,-1.0,"[-1623093689.234663, 0.0]","[0.0, 1.0]",0.0,1.0,3.8667309284210205,1623093693.733307,1,-1,0,1,0.7333333333333333,0.0,15,11,0,"[0, 0]"
52,"[1.0, -1.0]",1.0,-1.0,-1.0,"[-1623093694.834028, 0.0]","[0.0, 1.0]",0.0,1.0,3.8674261569976807,1623093699.349011,1,-1,0,1,0.6666666666666666,0.0,15,10,0,"[0, 0]"
53,"[1.0, -1.0]",1.0,-1.0,-1.0,"[-1623093700.434822, 0.0]","[0.0, 1.0]",0.0,1.0,3.866631031036377,1623093704.949604,1,-1,0,1,0.6666666666666666,0.0,15,10,0,"[0, 0]"
54,"[1.0, -1.0]",1.0,-1.0,-1.0,"[-1623093706.0343099, 0.0]","[0.0, 1.0]",0.0,1.0,3.866805076599121,1623093710.699488,1,-1,0,1,0.8,0.0,15,12,0,"[0, 0]"
55,"[1.0, -1.0]",1.0,-1.0,-1.0,"[-1623093711.6333532, 0.0]","[0.0, 1.0]",0.0,1.0,3.8667757511138916,1623093716.3493912,1,-1,0,1,0.8666666666666667,0.0,15,13,0,"[0, 0]"
56,"[1.0, -1.0]",1.0,-1.0,-1.0,"[-1623093717.2181082, 0.0]","[0.0, 1.0]",0.0,1.0,3.8656249046325684,1623093721.982634,1,-1,0,1,0.7333333333333333,0.0,15,11,0,"[0, 0]"
57,"[1.0, -1.0]",1.0,-1.0,-1.0,"[-1623093722.799467, 0.0]","[0.0, 1.0]",0.0,1.0,3.866642951965332,1623093727.6325262,1,-1,0,1,0.8,0.0,15,12,0,"[0, 0]"
58,"[1.0, -1.0]",1.0,-1.0,-1.0,"[-1623093728.3837888, 0.0]","[0.0, 1.0]",0.0,1.0,3.865605115890503,1623093733.0158138,1,-1,0,1,0.8,0.0,15,12,0,"[0, 0]"
59,"[1.0, -1.0]",1.0,-1.0,-1.0,"[-1623093733.949621, 0.0]","[0.0, 1.0]",0.0,1.0,3.8833658695220947,1623093738.648899,1,-1,0,1,0.6,0.0,15,9,0,"[0, 0]"
60,"[-1.0, -1.0]",-1.0,-1.0,-1.0,"[-1623093739.549873, 0.0]","[1.0, 1.0]",1.0,1.0,3.8667097091674805,1623093744.048762,1,-1,0,-1,0.8666666666666667,0.0,15,13,0,"[0, 0]"
61,"[-1.0, -1.0]",-1.0,-1.0,-1.0,"[-1623093748.0336661, 0.0]","[1.0, 1.0]",1.0,1.0,0.9666337966918945,1623093749.7320561,1,-1,0,-1,1.0,1.0,1,1,0,"[0, 0]"
62,"[-1.0, -1.0]",-1.0,-1.0,-1.0,"[-1623093750.166924, 0.0]","[1.0, 1.0]",1.0,1.0,1.4165360927581787,1623093752.247704,1,-1,0,-1,1.0,1.0,3,3,0,"[0, 0]"
63,"[-1.0, -1.0]",-1.0,-1.0,-1.0,"[-1623093750.800138, 0.0]","[1.0, 1.0]",1.0,1.0,3.866705894470215,1623093755.2819042,1,-1,0,-1,0.6666666666666666,0.0,15,10,0,"[0, 0]"
64,"[-1.0, -1.0]",-1.0,-1.0,1.0,"[-1623093756.3999712, 0.0]","[0.0, 0.0]",0.0,0.0,3.866827964782715,1623093760.714164,1,-1,0,-1,0.5333333333333333,0.0,15,8,0,"[0, 0]"
65,"[-1.0, -1.0]",-1.0,-1.0,1.0,"[-1623093761.4991848, 0.0]","[0.0, 0.0]",0.0,0.0,3.866903066635132,1623093766.098305,1,-1,0,-1,0.4,0.0,15,6,0,"[0, 0]"
66,"[-1.0, -1.0]",-1.0,-1.0,1.0,"[-1623093767.0785441, 0.0]","[0.0, 0.0]",0.0,0.0,3.8712940216064453,1623093771.743814,1,-1,0,-1,0.6666666666666666,0.0,15,10,0,"[0, 0]"
67,"[-1.0, -1.0]",-1.0,-1.0,1.0,"[-1623093772.682616, 0.0]","[0.0, 0.0]",0.0,0.0,3.8667490482330322,1623093777.39809,1,-1,0,-1,0.4,0.0,15,6,0,"[0, 0]"
68,"[-1.0, -1.0]",-1.0,-1.0,1.0,"[-1623093778.265356, 0.0]","[0.0, 0.0]",0.0,0.0,3.866741895675659,1623093783.031305,1,-1,0,-1,1.0,0.0,15,15,0,"[0, 0]"
69,"[1.0, -1.0]",1.0,-1.0,1.0,"[-1623093786.3495662, 0.0]","[1.0, 0.0]",1.0,0.0,1.3660387992858887,1623093788.464517,1,-1,0,1,1.0,1.0,3,3,0,"[0, 0]"
70,"[1.0, -1.0]",1.0,-1.0,1.0,"[-1623093789.5995278, 0.0]","[1.0, 0.0]",1.0,0.0,1.200160026550293,1623093791.464458,1,-1,0,1,1.0,1.0,2,2,0,"[0, 0]"
71,"[-1.0, -1.0]",-1.0,-1.0,1.0,"[-1623093788.9974499, 0.0]","[0.0, 0.0]",0.0,0.0,3.8674371242523193,1623093793.297091,1,-1,0,-1,0.4666666666666667,0.0,15,7,0,"[0, 0]"
72,"[1.0, -1.0]",1.0,-1.0,1.0,"[-1623093794.0653312, 0.0]","[1.0, 0.0]",1.0,0.0,3.8825769424438477,1623093798.647639,1,-1,0,1,0.4666666666666667,0.0,15,7,0,"[0, 0]"
73,"[1.0, -1.0]",1.0,-1.0,1.0,"[-1623093799.666039, 0.0]","[1.0, 0.0]",1.0,0.0,3.8666930198669434,1623093804.314168,1,-1,0,1,0.4,0.0,15,6,0,"[0, 0]"
74,"[1.0, -1.0]",1.0,-1.0,1.0,"[-1623093807.9649448, 0.0]","[1.0, 0.0]",1.0,0.0,1.1666769981384277,1623093809.997408,1,-1,0,1,1.0,1.0,2,2,0,"[0, 0]"
75,"[1.0, -1.0]",1.0,-1.0,-1.0,"[-1623093808.348903, 0.0]","[0.0, 1.0]",0.0,1.0,3.86686110496521,1623093812.913975,1,-1,0,1,0.8,0.0,15,12,0,"[0, 0]"
76,"[1.0, -1.0]",1.0,-1.0,-1.0,"[-1623093813.9499068, 0.0]","[0.0, 1.0]",0.0,1.0,3.8658130168914795,1623093818.4472609,1,-1,0,1,0.5333333333333333,0.0,15,8,0,"[0, 0]"
77,"[1.0, -1.0]",1.0,-1.0,-1.0,"[-1623093819.549337, 0.0]","[0.0, 1.0]",0.0,1.0,3.866131067276001,1623093824.113875,1,-1,0,1,0.6,0.0,15,9,0,"[0, 0]"
78,"[1.0, -1.0]",1.0,-1.0,-1.0,"[-1623093825.131982, 0.0]","[0.0, 1.0]",0.0,1.0,3.883362054824829,1623093829.847015,1,-1,0,1,0.8666666666666667,0.0,15,13,0,"[0, 0]"
79,"[1.0, -1.0]",1.0,-1.0,-1.0,"[-1623093830.732122, 0.0]","[0.0, 1.0]",0.0,1.0,3.8660130500793457,1623093835.43024,1,-1,0,1,0.7333333333333333,0.0,15,11,0,"[0, 0]"
80,"[1.0, -1.0]",1.0,-1.0,-1.0,"[-1623093836.3146398, 0.0]","[0.0, 1.0]",0.0,1.0,3.8666810989379883,1623093840.830067,1,-1,0,1,0.8666666666666667,0.0,15,13,0,"[0, 0]"
81,"[1.0, -1.0]",1.0,-1.0,-1.0,"[-1623093841.89833, 0.0]","[0.0, 1.0]",0.0,1.0,3.8668251037597656,1623093846.646664,1,-1,0,1,0.8,0.0,15,12,0,"[0, 0]"
82,"[-1.0, -1.0]",-1.0,-1.0,-1.0,"[-1623093849.363424, 0.0]","[1.0, 1.0]",1.0,1.0,2.0000901222229004,1623093852.146506,1,-1,0,-1,0.3333333333333333,1.0,6,2,0,"[0, 0]"
83,"[-1.0, -1.0]",-1.0,-1.0,-1.0,"[-1623093851.079874, 0.0]","[1.0, 1.0]",1.0,1.0,3.8676700592041016,1623093855.612253,1,-1,0,-1,0.6666666666666666,0.0,15,10,0,"[0, 0]"
84,"[-1.0, -1.0]",-1.0,-1.0,-1.0,"[-1623093858.764494, 0.0]","[1.0, 1.0]",1.0,1.0,1.7667620182037354,1623093861.113041,1,-1,0,-1,1.0,1.0,5,5,0,"[0, 0]"
85,"[-1.0, -1.0]",-1.0,-1.0,-1.0,"[-1623093860.2306187, 0.0]","[1.0, 1.0]",1.0,1.0,3.3834621906280518,1623093864.2795799,1,-1,0,-1,0.6923076923076923,1.0,13,9,0,"[0, 0]"
86,"[-1.0, -1.0]",-1.0,-1.0,-1.0,"[-1623093867.7311602, 0.0]","[1.0, 1.0]",1.0,1.0,0.9667739868164062,1623093869.3461828,1,-1,0,-1,1.0,1.0,1,1,0,"[0, 0]"
87,"[-1.0, -1.0]",-1.0,-1.0,1.0,"[-1623093867.4144063, 0.0]","[0.0, 0.0]",0.0,0.0,3.866651773452759,1623093871.746148,1,-1,0,-1,0.6666666666666666,0.0,15,10,0,"[0, 0]"
88,"[-1.0, -1.0]",-1.0,-1.0,1.0,"[-1623093872.513609, 0.0]","[0.0, 0.0]",0.0,0.0,3.8668160438537598,1623093876.995997,1,-1,0,-1,0.8,0.0,15,12,0,"[0, 0]"
89,"[-1.0, -1.0]",-1.0,-1.0,1.0,"[-1623093878.096625, 0.0]","[0.0, 0.0]",0.0,0.0,3.8675789833068848,1623093882.645083,1,-1,0,-1,0.5333333333333333,0.0,15,8,0,"[0, 0]"
90,"[-1.0, -1.0]",-1.0,-1.0,1.0,"[-1623093883.6983368, 0.0]","[0.0, 0.0]",0.0,0.0,3.8658010959625244,1623093888.462452,1,-1,0,-1,0.6,0.0,15,9,0,"[0, 0]"
91,"[-1.0, -1.0]",-1.0,-1.0,1.0,"[-1623093889.2802842, 0.0]","[0.0, 0.0]",0.0,0.0,3.883204936981201,1623093893.7624161,1,-1,0,-1,0.4666666666666667,0.0,15,7,0,"[0, 0]"
92,"[-1.0, -1.0]",-1.0,-1.0,1.0,"[-1623093894.8805969, 0.0]","[0.0, 0.0]",0.0,0.0,3.866542100906372,1623093899.562304,1,-1,0,-1,0.6,0.0,15,9,0,"[0, 0]"
93,"[-1.0, -1.0]",-1.0,-1.0,1.0,"[-1623093900.480287, 0.0]","[0.0, 0.0]",0.0,0.0,3.8665599822998047,1623093905.212207,1,-1,0,-1,0.8,0.0,15,12,0,"[0, 0]"
94,"[-1.0, -1.0]",-1.0,-1.0,1.0,"[-1623093906.080299, 0.0]","[0.0, 0.0]",0.0,0.0,3.866105079650879,1623093910.728652,1,-1,0,-1,0.6,0.0,15,9,0,"[0, 0]"
95,"[-1.0, -1.0]",-1.0,-1.0,1.0,"[-1623093911.6629093, 0.0]","[0.0, 0.0]",0.0,0.0,3.8665997982025146,1623093916.1780522,1,-1,0,-1,0.9333333333333333,0.0,15,14,0,"[0, 0]"
96,"[1.0, -1.0]",1.0,-1.0,1.0,"[-1623093917.246923, 0.0]","[1.0, 0.0]",1.0,0.0,3.8666679859161377,1623093921.578388,1,-1,0,1,0.4666666666666667,0.0,15,7,0,"[0, 0]"
97,"[1.0, -1.0]",1.0,-1.0,1.0,"[-1623093922.461995, 0.0]","[1.0, 0.0]",1.0,0.0,3.749824047088623,1623093927.028472,1,-1,0,1,0.6,1.0,15,9,0,"[0, 0]"
98,"[1.0, -1.0]",1.0,-1.0,-1.0,"[-1623093927.9296267, 0.0]","[0.0, 1.0]",0.0,1.0,3.867117166519165,1623093932.4611058,1,-1,0,1,0.6666666666666666,0.0,15,10,0,"[0, 0]"
99,"[1.0, -1.0]",1.0,-1.0,-1.0,"[-1623093933.5294998, 0.0]","[0.0, 1.0]",0.0,1.0,3.8665761947631836,1623093938.228083,1,-1,0,1,0.5333333333333333,0.0,15,8,0,"[0, 0]"
100,"[1.0, -1.0]",1.0,-1.0,-1.0,"[-1623093939.128228, 0.0]","[0.0, 1.0]",0.0,1.0,3.8667311668395996,1623093943.7779589,1,-1,0,1,0.4666666666666667,0.0,15,7,0,"[0, 0]"
101,"[1.0, -1.0]",1.0,-1.0,-1.0,"[-1623093944.712635, 0.0]","[0.0, 1.0]",0.0,1.0,3.866663932800293,1623093949.44458,1,-1,0,1,0.9333333333333333,0.0,15,14,0,"[0, 0]"
102,"[1.0, -1.0]",1.0,-1.0,-1.0,"[-1623093950.2780972, 0.0]","[0.0, 1.0]",0.0,1.0,3.8832709789276123,1623093955.044405,1,-1,0,1,0.6666666666666666,0.0,15,10,0,"[0, 0]"
103,"[-1.0, -1.0]",-1.0,-1.0,-1.0,"[-1623093955.8784637, 0.0]","[1.0, 1.0]",1.0,1.0,3.86692214012146,1623093960.394219,1,-1,0,-1,0.7333333333333333,0.0,15,11,0,"[0, 0]"
104,"[-1.0, -1.0]",-1.0,-1.0,-1.0,"[-1623093961.462345, 0.0]","[1.0, 1.0]",1.0,1.0,3.8667221069335938,1623093966.010828,1,-1,0,-1,0.6,0.0,15,9,0,"[0, 0]"
105,"[-1.0, -1.0]",-1.0,-1.0,-1.0,"[-1623093968.4789019, 0.0]","[1.0, 1.0]",1.0,1.0,2.4500441551208496,1623093971.744061,1,-1,0,-1,0.75,1.0,8,6,0,"[0, 0]"
106,"[-1.0, -1.0]",-1.0,-1.0,-1.0,"[-1623093973.378229, 0.0]","[1.0, 1.0]",1.0,1.0,1.6502149105072021,1623093975.6939142,1,-1,0,-1,0.75,1.0,4,3,0,"[0, 0]"
107,"[-1.0, -1.0]",-1.0,-1.0,-1.0,"[-1623093976.144995, 0.0]","[1.0, 1.0]",1.0,1.0,1.9666919708251953,1623093978.777222,1,-1,0,-1,0.8333333333333334,1.0,6,5,0,"[0, 0]"
108,"[-1.0, -1.0]",-1.0,-1.0,-1.0,"[-1623093977.8288758, 0.0]","[1.0, 1.0]",1.0,1.0,3.866694211959839,1623093982.343839,1,-1,0,-1,0.4666666666666667,0.0,15,7,0,"[0, 0]"
109,"[-1.0, -1.0]",-1.0,-1.0,-1.0,"[-1623093984.9117699, 0.0]","[1.0, 1.0]",1.0,1.0,2.383491039276123,1623093988.06033,1,-1,0,-1,0.875,1.0,8,7,0,"[0, 0]"
110,"[-1.0, -1.0]",-1.0,-1.0,-1.0,"[-1623093989.3951018, 0.0]","[1.0, 1.0]",1.0,1.0,2.0000782012939453,1623093992.110283,1,-1,0,-1,0.5,1.0,6,3,0,"[0, 0]"
111,"[-1.0, -1.0]",-1.0,-1.0,1.0,"[-1623093991.1115398, 0.0]","[0.0, 0.0]",0.0,0.0,3.8668301105499268,1623093995.543498,1,-1,0,-1,0.5333333333333333,0.0,15,8,0,"[0, 0]"
112,"[-1.0, -1.0]",-1.0,-1.0,1.0,"[-1623093996.6950932, 0.0]","[0.0, 0.0]",0.0,0.0,3.866554021835327,1623094001.226804,1,-1,0,-1,0.5333333333333333,0.0,15,8,0,"[0, 0]"
113,"[-1.0, -1.0]",-1.0,-1.0,1.0,"[-1623094002.2947998, 0.0]","[0.0, 0.0]",0.0,0.0,3.866915225982666,1623094007.026614,1,-1,0,-1,0.6,0.0,15,9,0,"[0, 0]"
114,"[-1.0, -1.0]",-1.0,-1.0,1.0,"[-1623094007.894359, 0.0]","[0.0, 0.0]",0.0,0.0,3.86660099029541,1623094013.009829,1,-1,0,-1,0.4,0.0,15,6,0,"[0, 0]"
115,"[-1.0, -1.0]",-1.0,-1.0,1.0,"[-1623094013.960494, 0.0]","[0.0, 0.0]",0.0,0.0,3.884235143661499,1623094018.8921359,1,-1,0,-1,0.7333333333333333,0.0,15,11,0,"[0, 0]"
116,"[1.0, -1.0]",1.0,-1.0,1.0,"[-1623094020.078035, 0.0]","[1.0, 0.0]",1.0,0.0,3.8667171001434326,1623094024.376344,1,-1,0,1,0.8666666666666667,0.0,15,13,0,"[0, 0]"
117,"[1.0, -1.0]",1.0,-1.0,1.0,"[-1623094025.1772118, 0.0]","[1.0, 0.0]",1.0,0.0,3.8667190074920654,1623094029.726152,1,-1,0,1,0.4666666666666667,0.0,15,7,0,"[0, 0]"
118,"[1.0, -1.0]",1.0,-1.0,1.0,"[-1623094033.394125, 0.0]","[1.0, 0.0]",1.0,0.0,1.2334699630737305,1623094035.492692,1,-1,0,1,1.0,1.0,2,2,0,"[0, 0]"
119,"[1.0, -1.0]",1.0,-1.0,1.0,"[-1623094034.5267758, 0.0]","[1.0, 0.0]",1.0,0.0,3.1832730770111084,1623094038.37602,1,-1,0,1,0.5833333333333334,1.0,12,7,0,"[0, 0]"
120,"[1.0, -1.0]",1.0,-1.0,1.0,"[-1623094041.160506, 0.0]","[1.0, 0.0]",1.0,0.0,1.149730920791626,1623094042.975855,1,-1,0,1,1.0,1.0,2,2,0,"[0, 0]"
121,"[1.0, -1.0]",1.0,-1.0,1.0,"[-1623094043.293581, 0.0]","[1.0, 0.0]",1.0,0.0,1.6000120639801025,1623094045.5258298,1,-1,0,1,0.5,1.0,4,2,0,"[0, 0]"
122,"[1.0, -1.0]",1.0,-1.0,-1.0,"[-1623094044.0935192, 0.0]","[0.0, 1.0]",0.0,1.0,3.8834879398345947,1623094048.609053,1,-1,0,1,0.6,0.0,15,9,0,"[0, 0]"
123,"[1.0, -1.0]",1.0,-1.0,-1.0,"[-1623094049.6931248, 0.0]","[0.0, 1.0]",0.0,1.0,3.867420196533203,1623094054.174996,1,-1,0,1,0.9333333333333333,0.0,15,14,0,"[0, 0]"
124,"[1.0, -1.0]",1.0,-1.0,-1.0,"[-1623094055.2929637, 0.0]","[0.0, 1.0]",0.0,1.0,3.8677260875701904,1623094059.958049,1,-1,0,1,0.5333333333333333,0.0,15,8,0,"[0, 0]"
125,"[1.0, -1.0]",1.0,-1.0,-1.0,"[-1623094060.892368, 0.0]","[0.0, 1.0]",0.0,1.0,3.8667359352111816,1623094065.425442,1,-1,0,1,0.6666666666666666,0.0,15,10,0,"[0, 0]"
126,"[-1.0, -1.0]",-1.0,-1.0,-1.0,"[-1623094066.477795, 0.0]","[1.0, 1.0]",1.0,1.0,3.8659191131591797,1623094070.95864,1,-1,0,-1,0.6666666666666666,0.0,15,10,0,"[0, 0]"
127,"[-1.0, -1.0]",-1.0,-1.0,-1.0,"[-1623094074.193701, 0.0]","[1.0, 1.0]",1.0,1.0,1.7499668598175049,1623094076.7419012,1,-1,0,-1,0.8,1.0,5,4,0,"[0, 0]"
128,"[-1.0, -1.0]",-1.0,-1.0,-1.0,"[-1623094075.960119, 0.0]","[1.0, 1.0]",1.0,1.0,3.5832509994506836,1623094080.191829,1,-1,0,-1,0.7857142857142857,1.0,14,11,0,"[0, 0]"
129,"[-1.0, -1.0]",-1.0,-1.0,-1.0,"[-1623094083.24253, 0.0]","[1.0, 1.0]",1.0,1.0,1.4002230167388916,1623094085.30827,1,-1,0,-1,1.0,1.0,3,3,0,"[0, 0]"
130,"[-1.0, -1.0]",-1.0,-1.0,-1.0,"[-1623094083.859868, 0.0]","[1.0, 1.0]",1.0,1.0,3.8667659759521484,1623094088.158277,1,-1,0,-1,0.3333333333333333,0.0,15,5,0,"[0, 0]"
131,"[-1.0, -1.0]",-1.0,-1.0,-1.0,"[-1623094089.6758409, 0.0]","[1.0, 1.0]",1.0,1.0,3.1500771045684814,1623094093.708155,1,-1,0,-1,0.5,1.0,12,6,0,"[0, 0]"
132,"[-1.0, -1.0]",-1.0,-1.0,-1.0,"[-1623094096.9429572, 0.0]","[1.0, 1.0]",1.0,1.0,0.9667918682098389,1623094098.5247061,1,-1,0,-1,1.0,1.0,1,1,0,"[0, 0]"
133,"[-1.0, -1.0]",-1.0,-1.0,-1.0,"[-1623094098.526188, 0.0]","[1.0, 1.0]",1.0,1.0,1.9667751789093018,1623094101.241313,1,-1,0,-1,0.5,1.0,6,3,0,"[0, 0]"
134,"[-1.0, -1.0]",-1.0,-1.0,1.0,"[-1623094100.208402, 0.0]","[0.0, 0.0]",0.0,0.0,3.8666470050811768,1623094104.974616,1,-1,0,-1,0.6,0.0,15,9,0,"[0, 0]"
135,"[-1.0, -1.0]",-1.0,-1.0,1.0,"[-1623094105.808699, 0.0]","[0.0, 0.0]",0.0,0.0,3.866903066635132,1623094110.607789,1,-1,0,-1,0.5333333333333333,0.0,15,8,0,"[0, 0]"
136,"[-1.0, -1.0]",-1.0,-1.0,1.0,"[-1623094111.3919938, 0.0]","[0.0, 0.0]",0.0,0.0,3.8667781352996826,1623094116.107687,1,-1,0,-1,0.8,0.0,15,12,0,"[0, 0]"
137,"[-1.0, -1.0]",-1.0,-1.0,1.0,"[-1623094116.973948, 0.0]","[0.0, 0.0]",0.0,0.0,3.8673131465911865,1623094121.573503,1,-1,0,-1,0.6,0.0,15,9,0,"[0, 0]"
138,"[-1.0, -1.0]",-1.0,-1.0,1.0,"[-1623094122.559154, 0.0]","[0.0, 0.0]",0.0,0.0,3.8666369915008545,1623094127.124116,1,-1,0,-1,0.6666666666666666,0.0,15,10,0,"[0, 0]"
139,"[-1.0, -1.0]",-1.0,-1.0,1.0,"[-1623094128.159018, 0.0]","[0.0, 0.0]",0.0,0.0,3.8665430545806885,1623094132.9740539,1,-1,0,-1,0.8,0.0,15,12,0,"[0, 0]"
140,"[-1.0, -1.0]",-1.0,-1.0,1.0,"[-1623094133.7581863, 0.0]","[0.0, 0.0]",0.0,0.0,3.866799831390381,1623094138.507173,1,-1,0,-1,0.6666666666666666,0.0,15,10,0,"[0, 0]"
141,"[-1.0, -1.0]",-1.0,-1.0,1.0,"[-1623094139.3239057, 0.0]","[0.0, 0.0]",0.0,0.0,3.8834731578826904,1623094143.9070568,1,-1,0,-1,0.7333333333333333,0.0,15,11,0,"[0, 0]"
142,"[-1.0, -1.0]",-1.0,-1.0,1.0,"[-1623094144.908644, 0.0]","[0.0, 0.0]",0.0,0.0,3.8833889961242676,1623094150.390264,1,-1,0,-1,0.7333333333333333,0.0,15,11,0,"[0, 0]"
143,"[1.0, -1.0]",1.0,-1.0,1.0,"[-1623094153.8248131, 0.0]","[1.0, 0.0]",1.0,0.0,1.5664749145507812,1623094156.0070112,1,-1,0,1,0.75,1.0,4,3,0,"[0, 0]"
144,"[1.0, -1.0]",1.0,-1.0,1.0,"[-1623094156.508227, 0.0]","[1.0, 0.0]",1.0,0.0,1.9834609031677246,1623094159.12347,1,-1,0,1,0.6666666666666666,1.0,6,4,0,"[0, 0]"
145,"[1.0, -1.0]",1.0,-1.0,1.0,"[-1623094161.108243, 0.0]","[1.0, 0.0]",1.0,0.0,0.9667389392852783,1623094162.640036,1,-1,0,1,1.0,1.0,1,1,0,"[0, 0]"
146,"[1.0, -1.0]",1.0,-1.0,1.0,"[-1623094162.891585, 0.0]","[1.0, 0.0]",1.0,0.0,1.7665719985961914,1623094165.29014,1,-1,0,1,1.0,1.0,5,5,0,"[0, 0]"
147,"[1.0, -1.0]",1.0,-1.0,-1.0,"[-1623094163.891003, 0.0]","[0.0, 1.0]",0.0,1.0,3.865823268890381,1623094168.3732429,1,-1,0,1,0.6,0.0,15,9,0,"[0, 0]"
148,"[1.0, -1.0]",1.0,-1.0,-1.0,"[-1623094169.4579744, 0.0]","[0.0, 1.0]",0.0,1.0,3.8834996223449707,1623094173.9564521,1,-1,0,1,0.6,0.0,15,9,0,"[0, 0]"
149,"[1.0, -1.0]",1.0,-1.0,-1.0,"[-1623094175.0579052, 0.0]","[0.0, 1.0]",0.0,1.0,3.8833160400390625,1623094179.573022,1,-1,0,1,0.8666666666666667,0.0,15,13,0,"[0, 0]"
150,"[1.0, -1.0]",1.0,-1.0,-1.0,"[-1623094180.6738532, 0.0]","[0.0, 1.0]",0.0,1.0,3.8673999309539795,1623094185.138848,1,-1,0,1,0.5333333333333333,0.0,15,8,0,"[0, 0]"
151,"[1.0, -1.0]",1.0,-1.0,-1.0,"[-1623094186.2743459, 0.0]","[0.0, 1.0]",0.0,1.0,3.866746187210083,1623094190.789449,1,-1,0,1,0.6,0.0,15,9,0,"[0, 0]"
152,"[1.0, -1.0]",1.0,-1.0,-1.0,"[-1623094191.8742018, 0.0]","[0.0, 1.0]",0.0,1.0,3.866737127304077,1623094196.4726589,1,-1,0,1,0.6666666666666666,0.0,15,10,0,"[0, 0]"
153,"[1.0, -1.0]",1.0,-1.0,-1.0,"[-1623094197.4739683, 0.0]","[0.0, 1.0]",0.0,1.0,3.866834878921509,1623094202.022526,1,-1,0,1,0.8,0.0,15,12,0,"[0, 0]"
154,"[-1.0, -1.0]",-1.0,-1.0,-1.0,"[-1623094203.0574, 0.0]","[1.0, 1.0]",1.0,1.0,3.883350133895874,1623094207.522507,1,-1,0,-1,0.6666666666666666,0.0,15,10,0,"[0, 0]"
155,"[-1.0, -1.0]",-1.0,-1.0,-1.0,"[-1623094210.7072499, 0.0]","[1.0, 1.0]",1.0,1.0,1.833341121673584,1623094213.172348,1,-1,0,-1,0.8,1.0,5,4,0,"[0, 0]"
156,"[-1.0, -1.0]",-1.0,-1.0,-1.0,"[-1623094212.3571851, 0.0]","[1.0, 1.0]",1.0,1.0,3.7833359241485596,1623094216.788867,1,-1,0,-1,0.6666666666666666,1.0,15,10,0,"[0, 0]"
157,"[-1.0, -1.0]",-1.0,-1.0,-1.0,"[-1623094219.973736, 0.0]","[1.0, 1.0]",1.0,1.0,1.7666840553283691,1623094222.555446,1,-1,0,-1,1.0,1.0,5,5,0,"[0, 0]"
158,"[-1.0, -1.0]",-1.0,-1.0,-1.0,"[-1623094221.5396338, 0.0]","[1.0, 1.0]",1.0,1.0,3.7999982833862305,1623094226.3720489,1,-1,0,-1,0.8,1.0,15,12,0,"[0, 0]"
159,"[-1.0, -1.0]",-1.0,-1.0,-1.0,"[-1623094227.772921, 0.0]","[1.0, 1.0]",1.0,1.0,3.166618824005127,1623094231.6219552,1,-1,0,-1,0.75,1.0,12,9,0,"[0, 0]"
160,"[-1.0, -1.0]",-1.0,-1.0,-1.0,"[-1623094231.6558816, 0.0]","[1.0, 1.0]",1.0,1.0,3.8669931888580322,1623094236.2551339,1,-1,0,-1,0.6666666666666666,0.0,15,10,0,"[0, 0]"
161,"[-1.0, -1.0]",-1.0,-1.0,-1.0,"[-1623094237.2399528, 0.0]","[1.0, 1.0]",1.0,1.0,3.8665761947631836,1623094241.755153,1,-1,0,-1,0.26666666666666666,0.0,15,4,0,"[0, 0]"
162,"[-1.0, -1.0]",-1.0,-1.0,1.0,"[-1623094242.839996, 0.0]","[0.0, 0.0]",0.0,0.0,3.8666539192199707,1623094247.304975,1,-1,0,-1,0.4666666666666667,0.0,15,7,0,"[0, 0]"
163,"[-1.0, -1.0]",-1.0,-1.0,1.0,"[-1623094248.4400373, 0.0]","[0.0, 0.0]",0.0,0.0,3.866567850112915,1623094253.188128,1,-1,0,-1,0.6,0.0,15,9,0,"[0, 0]"
164,"[-1.0, -1.0]",-1.0,-1.0,1.0,"[-1623094254.0382528, 0.0]","[0.0, 0.0]",0.0,0.0,3.8677070140838623,1623094258.587127,1,-1,0,-1,0.6666666666666666,0.0,15,10,0,"[0, 0]"
165,"[-1.0, -1.0]",-1.0,-1.0,1.0,"[-1623094259.622063, 0.0]","[0.0, 0.0]",0.0,0.0,3.8667471408843994,1623094264.321308,1,-1,0,-1,0.6666666666666666,0.0,15,10,0,"[0, 0]"
166,"[1.0, -1.0]",1.0,-1.0,1.0,"[-1623094265.205678, 0.0]","[1.0, 0.0]",1.0,0.0,3.8834519386291504,1623094269.721133,1,-1,0,1,0.3333333333333333,0.0,15,5,0,"[0, 0]"
167,"[1.0, -1.0]",1.0,-1.0,1.0,"[-1623094270.805822, 0.0]","[1.0, 0.0]",1.0,0.0,3.8668999671936035,1623094275.45436,1,-1,0,1,0.5333333333333333,0.0,15,8,0,"[0, 0]"
168,"[1.0, -1.0]",1.0,-1.0,1.0,"[-1623094277.0887077, 0.0]","[1.0, 0.0]",1.0,0.0,3.1833043098449707,1623094281.17093,1,-1,0,1,0.6666666666666666,1.0,12,8,0,"[0, 0]"
169,"[1.0, -1.0]",1.0,-1.0,1.0,"[-1623094282.988105, 0.0]","[1.0, 0.0]",1.0,0.0,2.366804838180542,1623094285.954088,1,-1,0,1,0.625,1.0,8,5,0,"[0, 0]"
170,"[1.0, -1.0]",1.0,-1.0,1.0,"[-1623094286.6360323, 0.0]","[1.0, 0.0]",1.0,0.0,2.802199602127075,1623094290.0540092,1,-1,0,1,0.8,1.0,10,8,0,"[0, 0]"
171,"[1.0, -1.0]",1.0,-1.0,1.0,"[-1623094293.073836, 0.0]","[1.0, 0.0]",1.0,0.0,0.9685359001159668,1623094294.657362,1,-1,0,1,1.0,1.0,1,1,0,"[0, 0]"
172,"[1.0, -1.0]",1.0,-1.0,1.0,"[-1623094295.4774036, 0.0]","[1.0, 0.0]",1.0,0.0,1.1677441596984863,1623094297.227403,1,-1,0,1,1.0,1.0,2,2,0,"[0, 0]"
173,"[1.0, -1.0]",1.0,-1.0,1.0,"[-1623094295.360149, 0.0]","[1.0, 0.0]",1.0,0.0,3.869499921798706,1623094299.846356,1,-1,0,1,0.7333333333333333,0.0,15,11,0,"[0, 0]"
174,"[1.0, -1.0]",1.0,-1.0,-1.0,"[-1623094300.9326272, 0.0]","[0.0, 1.0]",0.0,1.0,3.8852968215942383,1623094305.400088,1,-1,0,1,0.8,0.0,15,12,0,"[0, 0]"
175,"[1.0, -1.0]",1.0,-1.0,-1.0,"[-1623094306.552584, 0.0]","[0.0, 1.0]",0.0,1.0,3.8680200576782227,1623094311.019136,1,-1,0,1,0.6,0.0,15,9,0,"[0, 0]"
176,"[1.0, -1.0]",1.0,-1.0,-1.0,"[-1623094312.154394, 0.0]","[0.0, 1.0]",0.0,1.0,3.8676929473876953,1623094316.570872,1,-1,0,1,0.8,0.0,15,12,0,"[0, 0]"
177,"[1.0, -1.0]",1.0,-1.0,-1.0,"[-1623094317.7557838, 0.0]","[0.0, 1.0]",0.0,1.0,3.8676962852478027,1623094322.2887008,1,-1,0,1,0.6,0.0,15,9,0,"[0, 0]"
178,"[1.0, -1.0]",1.0,-1.0,-1.0,"[-1623094323.3560429, 0.0]","[0.0, 1.0]",0.0,1.0,3.867187023162842,1623094327.9895139,1,-1,0,1,0.8,0.0,15,12,0,"[0, 0]"
179,"[-1.0, -1.0]",-1.0,-1.0,-1.0,"[-1623094331.2577813, 0.0]","[1.0, 1.0]",1.0,1.0,1.550156831741333,1623094333.406723,1,-1,0,-1,0.5,1.0,4,2,0,"[0, 0]"
180,"[-1.0, -1.0]",-1.0,-1.0,-1.0,"[-1623094333.841609, 0.0]","[1.0, 1.0]",1.0,1.0,2.050196886062622,1623094336.556946,1,-1,0,-1,0.5,1.0,6,3,0,"[0, 0]"
181,"[-1.0, -1.0]",-1.0,-1.0,-1.0,"[-1623094335.60797, 0.0]","[1.0, 1.0]",1.0,1.0,3.867047071456909,1623094340.107132,1,-1,0,-1,0.7333333333333333,0.0,15,11,0,"[0, 0]"
182,"[-1.0, -1.0]",-1.0,-1.0,-1.0,"[-1623094341.1920228, 0.0]","[1.0, 1.0]",1.0,1.0,3.8668572902679443,1623094345.7239838,1,-1,0,-1,0.6666666666666666,0.0,15,10,0,"[0, 0]"
183,"[-1.0, -1.0]",-1.0,-1.0,-1.0,"[-1623094347.492239, 0.0]","[1.0, 1.0]",1.0,1.0,3.1666998863220215,1623094351.307483,1,-1,0,-1,0.5,1.0,12,6,0,"[0, 0]"
184,"[-1.0, -1.0]",-1.0,-1.0,-1.0,"[-1623094351.3918102, 0.0]","[1.0, 1.0]",1.0,1.0,3.866844892501831,1623094355.957546,1,-1,0,-1,0.8666666666666667,0.0,15,13,0,"[0, 0]"
185,"[-1.0, -1.0]",-1.0,-1.0,-1.0,"[-1623094358.841627, 0.0]","[1.0, 1.0]",1.0,1.0,2.0000600814819336,1623094361.440846,1,-1,0,-1,0.8333333333333334,1.0,6,5,0,"[0, 0]"
186,"[-1.0, -1.0]",-1.0,-1.0,1.0,"[-1623094360.5422099, 0.0]","[0.0, 0.0]",0.0,0.0,3.883544921875,1623094365.040863,1,-1,0,-1,0.6666666666666666,0.0,15,10,0,"[0, 0]"
187,"[-1.0, -1.0]",-1.0,-1.0,1.0,"[-1623094366.1590421, 0.0]","[0.0, 0.0]",0.0,0.0,3.86667799949646,1623094370.69084,1,-1,0,-1,0.6,0.0,15,9,0,"[0, 0]"
188,"[-1.0, -1.0]",-1.0,-1.0,1.0,"[-1623094371.7589202, 0.0]","[0.0, 0.0]",0.0,0.0,3.8667547702789307,1623094376.474116,1,-1,0,-1,0.4666666666666667,0.0,15,7,0,"[0, 0]"
189,"[-1.0, -1.0]",-1.0,-1.0,1.0,"[-1623094377.3578212, 0.0]","[0.0, 0.0]",0.0,0.0,3.866597890853882,1623094382.057441,1,-1,0,-1,0.7333333333333333,0.0,15,11,0,"[0, 0]"
190,"[-1.0, -1.0]",-1.0,-1.0,1.0,"[-1623094382.9406953, 0.0]","[0.0, 0.0]",0.0,0.0,3.8668928146362305,1623094387.707333,1,-1,0,-1,0.6,0.0,15,9,0,"[0, 0]"
191,"[-1.0, -1.0]",-1.0,-1.0,1.0,"[-1623094388.5246608, 0.0]","[0.0, 0.0]",0.0,0.0,3.867037057876587,1623094393.290627,1,-1,0,-1,0.8,0.0,15,12,0,"[0, 0]"
192,"[-1.0, -1.0]",-1.0,-1.0,1.0,"[-1623094394.0917258, 0.0]","[0.0, 0.0]",0.0,0.0,3.8832762241363525,1623094398.7905579,1,-1,0,-1,0.6666666666666666,0.0,15,10,0,"[0, 0]"
193,"[-1.0, -1.0]",-1.0,-1.0,1.0,"[-1623094399.6915538, 0.0]","[0.0, 0.0]",0.0,0.0,3.866652011871338,1623094404.440468,1,-1,0,-1,0.5333333333333333,0.0,15,8,0,"[0, 0]"
194,"[-1.0, -1.0]",-1.0,-1.0,1.0,"[-1623094405.2745461, 0.0]","[0.0, 0.0]",0.0,0.0,3.8669488430023193,1623094409.790373,1,-1,0,-1,0.6666666666666666,0.0,15,10,0,"[0, 0]"
195,"[1.0, -1.0]",1.0,-1.0,1.0,"[-1623094410.857854, 0.0]","[1.0, 0.0]",1.0,0.0,3.867429256439209,1623094415.356243,1,-1,0,1,0.6666666666666666,0.0,15,10,0,"[0, 0]"
196,"[1.0, -1.0]",1.0,-1.0,1.0,"[-1623094416.45842, 0.0]","[1.0, 0.0]",1.0,0.0,3.8667750358581543,1623094421.140247,1,-1,0,1,0.8666666666666667,0.0,15,13,0,"[0, 0]"
197,"[1.0, -1.0]",1.0,-1.0,-1.0,"[-1623094422.0423691, 0.0]","[0.0, 1.0]",0.0,1.0,3.882450819015503,1623094426.690221,1,-1,0,1,0.4666666666666667,0.0,15,7,0,"[0, 0]"
198,"[1.0, -1.0]",1.0,-1.0,-1.0,"[-1623094427.6415331, 0.0]","[0.0, 1.0]",0.0,1.0,3.866724967956543,1623094432.156796,1,-1,0,1,0.8,0.0,15,12,0,"[0, 0]"
199,"[-1.0, -1.0]",-1.0,-1.0,-1.0,"[-1623094433.2249413, 0.0]","[1.0, 1.0]",1.0,1.0,3.8658528327941895,1623094438.5066822,1,-1,0,-1,0.5333333333333333,0.0,15,8,0,"[0, 0]"
200,"[1.0, -1.0]",1.0,-1.0,-1.0,"[-1623094559.32252, 0.0]","[0.0, 1.0]",0.0,1.0,3.866792917251587,1623094588.538017,1,-1,0,1,0.6,0.0,15,9,0,"[0, 0]"
201,"[-1.0, -1.0]",-1.0,-1.0,-1.0,"[-1623094593.122882, 0.0]","[1.0, 1.0]",1.0,1.0,1.166727066040039,1623094595.137862,1,-1,0,-1,1.0,1.0,2,2,0,"[0, 0]"
202,"[-1.0, -1.0]",-1.0,-1.0,-1.0,"[-1623094594.1895428, 0.0]","[1.0, 1.0]",1.0,1.0,3.2000303268432617,1623094598.1045399,1,-1,0,-1,0.5833333333333334,1.0,12,7,0,"[0, 0]"
203,"[-1.0, -1.0]",-1.0,-1.0,-1.0,"[-1623094601.538718, 0.0]","[1.0, 1.0]",1.0,1.0,0.9500479698181152,1623094603.204422,1,-1,0,-1,1.0,1.0,1,1,0,"[0, 0]"
204,"[-1.0, -1.0]",-1.0,-1.0,-1.0,"[-1623094604.0885398, 0.0]","[1.0, 1.0]",1.0,1.0,0.9840960502624512,1623094605.720383,1,-1,0,-1,1.0,1.0,1,1,0,"[0, 0]"
205,"[-1.0, -1.0]",-1.0,-1.0,-1.0,"[-1623094603.788274, 0.0]","[1.0, 1.0]",1.0,1.0,3.8668129444122314,1623094608.304387,1,-1,0,-1,0.6666666666666666,0.0,15,10,0,"[0, 0]"
206,"[-1.0, -1.0]",-1.0,-1.0,-1.0,"[-1623094610.6065168, 0.0]","[1.0, 1.0]",1.0,1.0,2.649341106414795,1623094614.037602,1,-1,0,-1,0.7777777777777778,1.0,9,7,0,"[0, 0]"
207,"[-1.0, -1.0]",-1.0,-1.0,-1.0,"[-1623094616.2889721, 0.0]","[1.0, 1.0]",1.0,1.0,1.5667929649353027,1623094618.470892,1,-1,0,-1,0.5,1.0,4,2,0,"[0, 0]"
208,"[-1.0, -1.0]",-1.0,-1.0,1.0,"[-1623094617.0723379, 0.0]","[0.0, 0.0]",0.0,0.0,3.866666078567505,1623094621.7042198,1,-1,0,-1,0.6,0.0,15,9,0,"[0, 0]"
209,"[1.0, -1.0]",1.0,-1.0,1.0,"[-1623094622.9880638, 0.0]","[1.0, 0.0]",1.0,0.0,3.5499391555786133,1623094628.6874409,1,-1,0,1,0.5,1.0,14,7,0,"[0, 0]"
210,"[1.0, -1.0]",1.0,-1.0,1.0,"[-1623094631.771131, 0.0]","[1.0, 0.0]",1.0,0.0,1.3666119575500488,1623094633.8540878,1,-1,0,1,0.6666666666666666,1.0,3,2,0,"[0, 0]"
211,"[1.0, -1.0]",1.0,-1.0,1.0,"[-1623094632.4390144, 0.0]","[1.0, 0.0]",1.0,0.0,3.7833797931671143,1623094636.670633,1,-1,0,1,0.4666666666666667,1.0,15,7,0,"[0, 0]"
212,"[1.0, -1.0]",1.0,-1.0,1.0,"[-1623094640.1552463, 0.0]","[1.0, 0.0]",1.0,0.0,1.1665809154510498,1623094641.7540212,1,-1,0,1,1.0,1.0,2,2,0,"[0, 0]"
213,"[1.0, -1.0]",1.0,-1.0,1.0,"[-1623094642.904461, 0.0]","[1.0, 0.0]",1.0,0.0,1.0001070499420166,1623094644.5038688,1,-1,0,1,1.0,1.0,1,1,0,"[0, 0]"
214,"[1.0, -1.0]",1.0,-1.0,1.0,"[-1623094642.621533, 0.0]","[1.0, 0.0]",1.0,0.0,3.8665311336517334,1623094646.9705868,1,-1,0,1,0.6,0.0,15,9,0,"[0, 0]"
215,"[1.0, -1.0]",1.0,-1.0,1.0,"[-1623094647.721502, 0.0]","[1.0, 0.0]",1.0,0.0,3.86667799949646,1623094652.403768,1,-1,0,1,0.4666666666666667,0.0,15,7,0,"[0, 0]"
216,"[1.0, -1.0]",1.0,-1.0,1.0,"[-1623094653.821732, 0.0]","[1.0, 0.0]",1.0,0.0,3.3499748706817627,1623094657.8536751,1,-1,0,1,0.5384615384615384,1.0,13,7,0,"[0, 0]"
217,"[1.0, -1.0]",1.0,-1.0,1.0,"[-1623094661.1035306, 0.0]","[1.0, 0.0]",1.0,0.0,1.1508023738861084,1623094663.2028558,1,-1,0,1,1.0,1.0,2,2,0,"[0, 0]"
218,"[1.0, -1.0]",1.0,-1.0,1.0,"[-1623094661.753407, 0.0]","[1.0, 0.0]",1.0,0.0,3.566663980484009,1623094666.170264,1,-1,0,1,0.8571428571428571,1.0,14,12,0,"[0, 0]"
219,"[1.0, -1.0]",1.0,-1.0,1.0,"[-1623094669.9540093, 0.0]","[1.0, 0.0]",1.0,0.0,0.966965913772583,1623094671.6201642,1,-1,0,1,1.0,1.0,1,1,0,"[0, 0]"
220,"[1.0, -1.0]",1.0,-1.0,1.0,"[-1623094669.638347, 0.0]","[1.0, 0.0]",1.0,0.0,3.8665812015533447,1623094674.370168,1,-1,0,1,0.6,0.0,15,9,0,"[0, 0]"
221,"[1.0, -1.0]",1.0,-1.0,-1.0,"[-1623094675.22049, 0.0]","[0.0, 1.0]",0.0,1.0,3.8666739463806152,1623094679.886719,1,-1,0,1,0.4666666666666667,0.0,15,7,0,"[0, 0]"
222,"[1.0, -1.0]",1.0,-1.0,-1.0,"[-1623094680.8043652, 0.0]","[0.0, 1.0]",0.0,1.0,3.8668060302734375,1623094685.4199748,1,-1,0,1,0.6666666666666666,0.0,15,10,0,"[0, 0]"
223,"[-1.0, -1.0]",-1.0,-1.0,-1.0,"[-1623094686.370732, 0.0]","[1.0, 1.0]",1.0,1.0,3.8833789825439453,1623094691.419903,1,-1,0,-1,0.6666666666666666,0.0,15,10,0,"[0, 0]"
224,"[-1.0, -1.0]",-1.0,-1.0,-1.0,"[-1623094695.387681, 0.0]","[1.0, 1.0]",1.0,1.0,0.9498188495635986,1623094697.1200671,1,-1,0,-1,1.0,1.0,1,1,0,"[0, 0]"
225,"[-1.0, -1.0]",-1.0,-1.0,-1.0,"[-1623094695.037196, 0.0]","[1.0, 1.0]",1.0,1.0,3.883362054824829,1623094699.603113,1,-1,0,-1,0.7333333333333333,0.0,15,11,0,"[0, 0]"
226,"[-1.0, -1.0]",-1.0,-1.0,-1.0,"[-1623094701.904535, 0.0]","[1.0, 1.0]",1.0,1.0,2.616874933242798,1623094705.48632,1,-1,0,-1,0.6666666666666666,1.0,9,6,0,"[0, 0]"
227,"[-1.0, -1.0]",-1.0,-1.0,-1.0,"[-1623094706.537336, 0.0]","[1.0, 1.0]",1.0,1.0,2.5667009353637695,1623094709.736319,1,-1,0,-1,0.4444444444444444,1.0,9,4,0,"[0, 0]"
228,"[-1.0, -1.0]",-1.0,-1.0,-1.0,"[-1623094709.320074, 0.0]","[1.0, 1.0]",1.0,1.0,3.866750955581665,1623094713.719587,1,-1,0,-1,0.5333333333333333,0.0,15,8,0,"[0, 0]"
229,"[-1.0, -1.0]",-1.0,-1.0,-1.0,"[-1623094716.8212438, 0.0]","[1.0, 1.0]",1.0,1.0,1.9665091037750244,1623094719.686348,1,-1,0,-1,0.6666666666666666,1.0,6,4,0,"[0, 0]"
230,"[-1.0, -1.0]",-1.0,-1.0,-1.0,"[-1623094718.5197053, 0.0]","[1.0, 1.0]",1.0,1.0,3.8675308227539062,1623094723.7021272,1,-1,0,-1,0.7333333333333333,0.0,15,11,0,"[0, 0]"
231,"[1.0, -1.0]",1.0,-1.0,-1.0,"[-1623094724.5869215, 0.0]","[0.0, 1.0]",0.0,1.0,3.883565664291382,1623094729.7360141,1,-1,0,1,0.4666666666666667,0.0,15,7,0,"[0, 0]"
232,"[1.0, -1.0]",1.0,-1.0,-1.0,"[-1623094730.6866999, 0.0]","[0.0, 1.0]",0.0,1.0,3.86663818359375,1623094735.185941,1,-1,0,1,0.6,0.0,15,9,0,"[0, 0]"
233,"[1.0, -1.0]",1.0,-1.0,-1.0,"[-1623094736.270732, 0.0]","[0.0, 1.0]",0.0,1.0,3.866779088973999,1623094740.752579,1,-1,0,1,0.6,0.0,15,9,0,"[0, 0]"
234,"[1.0, -1.0]",1.0,-1.0,-1.0,"[-1623094741.870554, 0.0]","[0.0, 1.0]",0.0,1.0,3.8668670654296875,1623094746.552456,1,-1,0,1,0.7333333333333333,0.0,15,11,0,"[0, 0]"
235,"[-1.0, -1.0]",-1.0,-1.0,1.0,"[-1623094747.470401, 0.0]","[0.0, 0.0]",0.0,0.0,3.8667750358581543,1623094752.38572,1,-1,0,-1,0.7333333333333333,0.0,15,11,0,"[0, 0]"
236,"[-1.0, -1.0]",-1.0,-1.0,1.0,"[-1623094753.5528421, 0.0]","[0.0, 0.0]",0.0,0.0,3.866870880126953,1623094758.3356621,1,-1,0,-1,0.4666666666666667,0.0,15,7,0,"[0, 0]"
237,"[-1.0, -1.0]",-1.0,-1.0,1.0,"[-1623094759.13658, 0.0]","[0.0, 0.0]",0.0,0.0,3.8825550079345703,1623094763.852292,1,-1,0,-1,0.6666666666666666,0.0,15,10,0,"[0, 0]"
238,"[-1.0, -1.0]",-1.0,-1.0,1.0,"[-1623094764.735691, 0.0]","[0.0, 0.0]",0.0,0.0,3.8666749000549316,1623094769.618796,1,-1,0,-1,0.8,0.0,15,12,0,"[0, 0]"
239,"[1.0, -1.0]",1.0,-1.0,1.0,"[-1623094773.4859693, 0.0]","[1.0, 0.0]",1.0,0.0,1.2001006603240967,1623094775.1353862,1,-1,0,1,1.0,1.0,2,2,0,"[0, 0]"
240,"[1.0, -1.0]",1.0,-1.0,1.0,"[-1623094775.870286, 0.0]","[1.0, 0.0]",1.0,0.0,1.4000420570373535,1623094777.9520168,1,-1,0,1,0.6666666666666666,1.0,3,2,0,"[0, 0]"
241,"[1.0, -1.0]",1.0,-1.0,1.0,"[-1623094777.7868917, 0.0]","[1.0, 0.0]",1.0,0.0,2.5667612552642822,1623094780.9686668,1,-1,0,1,0.6666666666666666,1.0,9,6,0,"[0, 0]"
242,"[1.0, -1.0]",1.0,-1.0,1.0,"[-1623094782.5035741, 0.0]","[1.0, 0.0]",1.0,0.0,1.9499828815460205,1623094784.968658,1,-1,0,1,0.6666666666666666,1.0,6,4,0,"[0, 0]"
243,"[1.0, -1.0]",1.0,-1.0,1.0,"[-1623094784.170177, 0.0]","[1.0, 0.0]",1.0,0.0,3.8666350841522217,1623094788.668535,1,-1,0,1,0.5333333333333333,0.0,15,8,0,"[0, 0]"
244,"[1.0, -1.0]",1.0,-1.0,1.0,"[-1623094792.0866544, 0.0]","[1.0, 0.0]",1.0,0.0,1.5501177310943604,1623094794.518454,1,-1,0,1,0.75,1.0,4,3,0,"[0, 0]"
245,"[1.0, -1.0]",1.0,-1.0,1.0,"[-1623094795.6533298, 0.0]","[1.0, 0.0]",1.0,0.0,1.5833840370178223,1623094797.918464,1,-1,0,1,1.0,1.0,4,4,0,"[0, 0]"
246,"[1.0, -1.0]",1.0,-1.0,1.0,"[-1623094799.185568, 0.0]","[1.0, 0.0]",1.0,0.0,1.1500678062438965,1623094801.0017002,1,-1,0,1,0.5,1.0,2,1,0,"[0, 0]"
247,"[1.0, -1.0]",1.0,-1.0,1.0,"[-1623094799.052435, 0.0]","[1.0, 0.0]",1.0,0.0,3.8661890029907227,1623094803.635047,1,-1,0,1,0.9333333333333333,0.0,15,14,0,"[0, 0]"
248,"[-1.0, -1.0]",-1.0,-1.0,1.0,"[-1623094804.6361077, 0.0]","[0.0, 0.0]",0.0,0.0,3.867122173309326,1623094809.2178319,1,-1,0,-1,0.7333333333333333,0.0,15,11,0,"[0, 0]"
249,"[1.0, -1.0]",1.0,-1.0,1.0,"[-1623094810.686487, 0.0]","[1.0, 0.0]",1.0,0.0,3.4165871143341064,1623094814.768231,1,-1,0,1,0.9230769230769231,1.0,13,12,0,"[0, 0]"
250,"[1.0, -1.0]",1.0,-1.0,1.0,"[-1623094816.8363352, 0.0]","[1.0, 0.0]",1.0,0.0,2.3667259216308594,1623094819.784854,1,-1,0,1,0.875,1.0,8,7,0,"[0, 0]"
251,"[1.0, -1.0]",1.0,-1.0,1.0,"[-1623094821.0871303, 0.0]","[1.0, 0.0]",1.0,0.0,2.1992838382720947,1623094823.9347441,1,-1,0,1,0.8571428571428571,1.0,7,6,0,"[0, 0]"
252,"[1.0, -1.0]",1.0,-1.0,-1.0,"[-1623094822.9857051, 0.0]","[0.0, 1.0]",0.0,1.0,3.8833818435668945,1623094827.618022,1,-1,0,1,0.6666666666666666,0.0,15,10,0,"[0, 0]"
253,"[1.0, -1.0]",1.0,-1.0,-1.0,"[-1623094828.585635, 0.0]","[0.0, 1.0]",0.0,1.0,3.8668079376220703,1623094833.084597,1,-1,0,1,0.4666666666666667,0.0,15,7,0,"[0, 0]"
254,"[1.0, -1.0]",1.0,-1.0,-1.0,"[-1623094834.168965, 0.0]","[0.0, 1.0]",0.0,1.0,3.867219924926758,1623094838.850858,1,-1,0,1,0.7333333333333333,0.0,15,11,0,"[0, 0]"
255,"[-1.0, -1.0]",-1.0,-1.0,-1.0,"[-1623094839.7685692, 0.0]","[1.0, 1.0]",1.0,1.0,3.8667378425598145,1623094844.3344882,1,-1,0,-1,0.3333333333333333,0.0,15,5,0,"[0, 0]"
256,"[-1.0, -1.0]",-1.0,-1.0,-1.0,"[-1623094846.235734, 0.0]","[1.0, 1.0]",1.0,1.0,2.9834749698638916,1623094850.15103,1,-1,0,-1,0.6363636363636364,1.0,11,7,0,"[0, 0]"
257,"[-1.0, -1.0]",-1.0,-1.0,-1.0,"[-1623094852.3690221, 0.0]","[1.0, 1.0]",1.0,1.0,1.950171947479248,1623094855.500959,1,-1,0,-1,0.3333333333333333,1.0,6,2,0,"[0, 0]"
258,"[-1.0, -1.0]",-1.0,-1.0,-1.0,"[-1623094857.451669, 0.0]","[1.0, 1.0]",1.0,1.0,0.9667201042175293,1623094859.400897,1,-1,0,-1,1.0,1.0,1,1,0,"[0, 0]"
259,"[-1.0, -1.0]",-1.0,-1.0,-1.0,"[-1623094860.352541, 0.0]","[1.0, 1.0]",1.0,1.0,1.1500179767608643,1623094862.600925,1,-1,0,-1,1.0,1.0,2,2,0,"[0, 0]"
260,"[-1.0, -1.0]",-1.0,-1.0,-1.0,"[-1623094860.734248, 0.0]","[1.0, 1.0]",1.0,1.0,3.866914987564087,1623094865.617488,1,-1,0,-1,0.6666666666666666,0.0,15,10,0,"[0, 0]"
261,"[-1.0, -1.0]",-1.0,-1.0,-1.0,"[-1623094867.618157, 0.0]","[1.0, 1.0]",1.0,1.0,3.0667641162872314,1623094871.7507148,1,-1,0,-1,0.7272727272727273,1.0,11,8,0,"[0, 0]"
262,"[-1.0, -1.0]",-1.0,-1.0,-1.0,"[-1623094871.919156, 0.0]","[1.0, 1.0]",1.0,1.0,3.8664839267730713,1623094876.850877,1,-1,0,-1,0.6666666666666666,0.0,15,10,0,"[0, 0]"
263,"[-1.0, -1.0]",-1.0,-1.0,-1.0,"[-1623094879.3177998, 0.0]","[1.0, 1.0]",1.0,1.0,2.550020217895508,1623094882.683987,1,-1,0,-1,0.6666666666666666,1.0,9,6,0,"[0, 0]"
264,"[-1.0, -1.0]",-1.0,-1.0,-1.0,"[-1623094882.1852293, 0.0]","[1.0, 1.0]",1.0,1.0,3.7663726806640625,1623094886.7005272,1,-1,0,-1,0.5333333333333333,1.0,15,8,0,"[0, 0]"
265,"[-1.0, -1.0]",-1.0,-1.0,-1.0,"[-1623094890.202064, 0.0]","[1.0, 1.0]",1.0,1.0,1.3500709533691406,1623094892.167179,1,-1,0,-1,0.6666666666666666,1.0,3,2,0,"[0, 0]"
266,"[-1.0, -1.0]",-1.0,-1.0,-1.0,"[-1623094890.7686107, 0.0]","[1.0, 1.0]",1.0,1.0,3.866840124130249,1623094895.75047,1,-1,0,-1,0.6,0.0,15,9,0,"[0, 0]"
267,"[-1.0, -1.0]",-1.0,-1.0,-1.0,"[-1623094896.8520489, 0.0]","[1.0, 1.0]",1.0,1.0,3.8832361698150635,1623094901.4504478,1,-1,0,-1,0.6666666666666666,0.0,15,10,0,"[0, 0]"
268,"[-1.0, -1.0]",-1.0,-1.0,1.0,"[-1623094902.4684849, 0.0]","[0.0, 0.0]",0.0,0.0,3.8668711185455322,1623094907.1335979,1,-1,0,-1,0.5333333333333333,0.0,15,8,0,"[0, 0]"
269,"[1.0, -1.0]",1.0,-1.0,1.0,"[-1623094908.0684662, 0.0]","[1.0, 0.0]",1.0,0.0,3.866691827774048,1623094912.6668942,1,-1,0,1,0.5333333333333333,0.0,15,8,0,"[0, 0]"
270,"[1.0, -1.0]",1.0,-1.0,1.0,"[-1623094913.968411, 0.0]","[1.0, 0.0]",1.0,0.0,3.5659589767456055,1623094918.16678,1,-1,0,1,0.7857142857142857,1.0,14,11,0,"[0, 0]"
271,"[1.0, -1.0]",1.0,-1.0,1.0,"[-1623094921.0682318, 0.0]","[1.0, 0.0]",1.0,0.0,1.5666711330413818,1623094923.2500448,1,-1,0,1,1.0,1.0,4,4,0,"[0, 0]"
272,"[1.0, -1.0]",1.0,-1.0,1.0,"[-1623094921.8514879, 0.0]","[1.0, 0.0]",1.0,0.0,3.866636037826538,1623094926.383395,1,-1,0,1,0.9333333333333333,0.0,15,14,0,"[0, 0]"
273,"[1.0, -1.0]",1.0,-1.0,1.0,"[-1623094927.9343278, 0.0]","[1.0, 0.0]",1.0,0.0,3.3834171295166016,1623094932.033237,1,-1,0,1,0.6153846153846154,1.0,13,8,0,"[0, 0]"
274,"[1.0, -1.0]",1.0,-1.0,1.0,"[-1623094932.650592, 0.0]","[1.0, 0.0]",1.0,0.0,3.766610860824585,1623094936.849854,1,-1,0,1,0.7333333333333333,1.0,15,11,0,"[0, 0]"
275,"[1.0, -1.0]",1.0,-1.0,1.0,"[-1623094937.6509628, 0.0]","[1.0, 0.0]",1.0,0.0,3.8667609691619873,1623094941.949795,1,-1,0,1,0.6,0.0,15,9,0,"[0, 0]"
276,"[1.0, -1.0]",1.0,-1.0,1.0,"[-1623094944.6663952, 0.0]","[1.0, 0.0]",1.0,0.0,1.9501886367797852,1623094947.3330402,1,-1,0,1,0.8333333333333334,1.0,6,5,0,"[0, 0]"
277,"[1.0, -1.0]",1.0,-1.0,1.0,"[-1623094946.33452, 0.0]","[1.0, 0.0]",1.0,0.0,3.8667569160461426,1623094950.833035,1,-1,0,1,0.7333333333333333,0.0,15,11,0,"[0, 0]"
278,"[1.0, -1.0]",1.0,-1.0,1.0,"[-1623094953.567309, 0.0]","[1.0, 0.0]",1.0,0.0,2.2333860397338867,1623094956.4662468,1,-1,0,1,0.5714285714285714,1.0,7,4,0,"[0, 0]"
279,"[1.0, -1.0]",1.0,-1.0,1.0,"[-1623094956.2170482, 0.0]","[1.0, 0.0]",1.0,0.0,3.166750907897949,1623094960.2828422,1,-1,0,1,0.6666666666666666,1.0,12,8,0,"[0, 0]"
280,"[1.0, -1.0]",1.0,-1.0,1.0,"[-1623094962.517687, 0.0]","[1.0, 0.0]",1.0,0.0,1.9666669368743896,1623094965.116155,1,-1,0,1,0.16666666666666666,1.0,6,1,0,"[0, 0]"
281,"[1.0, -1.0]",1.0,-1.0,-1.0,"[-1623094964.2009418, 0.0]","[0.0, 1.0]",0.0,1.0,3.8668651580810547,1623094968.716168,1,-1,0,1,0.6666666666666666,0.0,15,10,0,"[0, 0]"
282,"[1.0, -1.0]",1.0,-1.0,-1.0,"[-1623094969.8008554, 0.0]","[0.0, 1.0]",0.0,1.0,3.8668487071990967,1623094974.465989,1,-1,0,1,0.6,0.0,15,9,0,"[0, 0]"
283,"[1.0, -1.0]",1.0,-1.0,-1.0,"[-1623094975.3998082, 0.0]","[0.0, 1.0]",0.0,1.0,3.8668158054351807,1623094980.099282,1,-1,0,1,0.5333333333333333,0.0,15,8,0,"[0, 0]"
284,"[-1.0, -1.0]",-1.0,-1.0,-1.0,"[-1623094982.250385, 0.0]","[1.0, 1.0]",1.0,1.0,2.616611957550049,1623094985.665956,1,-1,0,-1,0.5555555555555556,1.0,9,5,0,"[0, 0]"
285,"[-1.0, -1.0]",-1.0,-1.0,-1.0,"[-1623094985.5832372, 0.0]","[1.0, 1.0]",1.0,1.0,3.8666508197784424,1623094990.132482,1,-1,0,-1,0.6666666666666666,0.0,15,10,0,"[0, 0]"
286,"[-1.0, -1.0]",-1.0,-1.0,-1.0,"[-1623094991.1840446, 0.0]","[1.0, 1.0]",1.0,1.0,3.8666203022003174,1623094995.749044,1,-1,0,-1,0.4666666666666667,0.0,15,7,0,"[0, 0]"
287,"[-1.0, -1.0]",-1.0,-1.0,-1.0,"[-1623094996.783884, 0.0]","[1.0, 1.0]",1.0,1.0,3.8668479919433594,1623095001.782283,1,-1,0,-1,0.6,0.0,15,9,0,"[0, 0]"
288,"[-1.0, -1.0]",-1.0,-1.0,-1.0,"[-1623095005.3669894, 0.0]","[1.0, 1.0]",1.0,1.0,1.38358473777771,1623095007.8821492,1,-1,0,-1,0.6666666666666666,1.0,3,2,0,"[0, 0]"
289,"[-1.0, -1.0]",-1.0,-1.0,-1.0,"[-1623095006.9338472, 0.0]","[1.0, 1.0]",1.0,1.0,3.3999948501586914,1623095011.2654982,1,-1,0,-1,0.46153846153846156,1.0,13,6,0,"[0, 0]"
290,"[-1.0, -1.0]",-1.0,-1.0,-1.0,"[-1623095012.2665641, 0.0]","[1.0, 1.0]",1.0,1.0,3.166674852371216,1623095016.0821362,1,-1,0,-1,0.5833333333333334,1.0,12,7,0,"[0, 0]"
291,"[-1.0, -1.0]",-1.0,-1.0,-1.0,"[-1623095017.248909, 0.0]","[1.0, 1.0]",1.0,1.0,2.766793966293335,1623095020.615391,1,-1,0,-1,0.6,1.0,10,6,0,"[0, 0]"
292,"[-1.0, -1.0]",-1.0,-1.0,1.0,"[-1623095020.232214, 0.0]","[0.0, 0.0]",0.0,0.0,3.866806983947754,1623095024.765314,1,-1,0,-1,0.6,0.0,15,9,0,"[0, 0]"
293,"[-1.0, -1.0]",-1.0,-1.0,1.0,"[-1623095025.8169801, 0.0]","[0.0, 0.0]",0.0,0.0,3.8667099475860596,1623095030.565332,1,-1,0,-1,0.5333333333333333,0.0,15,8,0,"[0, 0]"
294,"[-1.0, -1.0]",-1.0,-1.0,1.0,"[-1623095031.4162037, 0.0]","[0.0, 0.0]",0.0,0.0,3.8667690753936768,1623095036.148489,1,-1,0,-1,0.4666666666666667,0.0,15,7,0,"[0, 0]"
295,"[-1.0, -1.0]",-1.0,-1.0,1.0,"[-1623095036.9995878, 0.0]","[0.0, 0.0]",0.0,0.0,3.8666281700134277,1623095041.6984608,1,-1,0,-1,0.6,0.0,15,9,0,"[0, 0]"
296,"[-1.0, -1.0]",-1.0,-1.0,1.0,"[-1623095042.565296, 0.0]","[0.0, 0.0]",0.0,0.0,3.8834609985351562,1623095047.115016,1,-1,0,-1,0.7333333333333333,0.0,15,11,0,"[0, 0]"
297,"[1.0, -1.0]",1.0,-1.0,1.0,"[-1623095050.01626, 0.0]","[1.0, 0.0]",1.0,0.0,2.01672101020813,1623095052.631613,1,-1,0,1,0.8333333333333334,1.0,6,5,0,"[0, 0]"
298,"[1.0, -1.0]",1.0,-1.0,1.0,"[-1623095051.7499363, 0.0]","[1.0, 0.0]",1.0,0.0,3.8666627407073975,1623095056.264897,1,-1,0,1,0.6,0.0,15,9,0,"[0, 0]"
299,"[1.0, -1.0]",1.0,-1.0,1.0,"[-1623095058.6664698, 0.0]","[1.0, 0.0]",1.0,0.0,2.5500621795654297,1623095062.0148559,1,-1,0,1,1.0,1.0,9,9,0,"[0, 0]"
300,"[1.0, -1.0]",1.0,-1.0,1.0,"[-1623095062.332402, 0.0]","[1.0, 0.0]",1.0,0.0,2.9667229652404785,1623095066.348089,1,-1,0,1,0.9090909090909091,1.0,11,10,0,"[0, 0]"
301,"[1.0, -1.0]",1.0,-1.0,1.0,"[-1623095066.58304, 0.0]","[1.0, 0.0]",1.0,0.0,3.799989938735962,1623095070.8147562,1,-1,0,1,0.8666666666666667,1.0,15,13,0,"[0, 0]"
302,"[1.0, -1.0]",1.0,-1.0,1.0,"[-1623095073.91481, 0.0]","[1.0, 0.0]",1.0,0.0,1.5667228698730469,1623095076.131279,1,-1,0,1,1.0,1.0,4,4,0,"[0, 0]"
303,"[1.0, -1.0]",1.0,-1.0,-1.0,"[-1623095074.6825771, 0.0]","[0.0, 1.0]",0.0,1.0,3.8835289478302,1623095079.197899,1,-1,0,1,0.8,0.0,15,12,0,"[0, 0]"
304,"[1.0, -1.0]",1.0,-1.0,-1.0,"[-1623095080.2829554, 0.0]","[0.0, 1.0]",0.0,1.0,3.8665847778320312,1623095084.781294,1,-1,0,1,0.8,0.0,15,12,0,"[0, 0]"
305,"[1.0, -1.0]",1.0,-1.0,-1.0,"[-1623095085.882988, 0.0]","[0.0, 1.0]",0.0,1.0,3.8664650917053223,1623095090.664418,1,-1,0,1,0.6666666666666666,0.0,15,10,0,"[0, 0]"
306,"[1.0, -1.0]",1.0,-1.0,-1.0,"[-1623095091.4820979, 0.0]","[0.0, 1.0]",0.0,1.0,3.8667550086975098,1623095097.114366,1,-1,0,1,0.6666666666666666,0.0,15,10,0,"[0, 0]"
307,"[1.0, -1.0]",1.0,-1.0,-1.0,"[-1623095098.06511, 0.0]","[0.0, 1.0]",0.0,1.0,3.866934061050415,1623095102.930934,1,-1,0,1,0.8,0.0,15,12,0,"[0, 0]"
308,"[1.0, -1.0]",1.0,-1.0,-1.0,"[-1623095104.132067, 0.0]","[0.0, 1.0]",0.0,1.0,3.8837690353393555,1623095108.814188,1,-1,0,1,0.8666666666666667,0.0,15,13,0,"[0, 0]"
309,"[1.0, -1.0]",1.0,-1.0,-1.0,"[-1623095109.7486062, 0.0]","[0.0, 1.0]",0.0,1.0,3.866689682006836,1623095114.3974762,1,-1,0,1,0.8,0.0,15,12,0,"[0, 0]"
310,"[1.0, -1.0]",1.0,-1.0,-1.0,"[-1623095115.3487763, 0.0]","[0.0, 1.0]",0.0,1.0,3.8668107986450195,1623095120.1306822,1,-1,0,1,0.4666666666666667,0.0,15,7,0,"[0, 0]"
311,"[1.0, -1.0]",1.0,-1.0,-1.0,"[-1623095120.948254, 0.0]","[0.0, 1.0]",0.0,1.0,3.866752862930298,1623095125.897331,1,-1,0,1,0.6,0.0,15,9,0,"[0, 0]"
312,"[1.0, -1.0]",1.0,-1.0,-1.0,"[-1623095127.0320861, 0.0]","[0.0, 1.0]",0.0,1.0,3.866744041442871,1623095131.713909,1,-1,0,1,0.9333333333333333,0.0,15,14,0,"[0, 0]"
313,"[-1.0, -1.0]",-1.0,-1.0,-1.0,"[-1623095132.631981, 0.0]","[1.0, 1.0]",1.0,1.0,3.8666090965270996,1623095137.3305118,1,-1,0,-1,0.6666666666666666,0.0,15,10,0,"[0, 0]"
314,"[-1.0, -1.0]",-1.0,-1.0,-1.0,"[-1623095138.1979828, 0.0]","[1.0, 1.0]",1.0,1.0,3.8835811614990234,1623095142.8794188,1,-1,0,-1,0.4666666666666667,0.0,15,7,0,"[0, 0]"
315,"[-1.0, -1.0]",-1.0,-1.0,-1.0,"[-1623095143.7972639, 0.0]","[1.0, 1.0]",1.0,1.0,3.8668861389160156,1623095148.630281,1,-1,0,-1,0.4666666666666667,0.0,15,7,0,"[0, 0]"
316,"[-1.0, -1.0]",-1.0,-1.0,1.0,"[-1623095149.3803732, 0.0]","[0.0, 0.0]",0.0,0.0,3.866929769515991,1623095154.213567,1,-1,0,-1,0.7333333333333333,0.0,15,11,0,"[0, 0]"
317,"[-1.0, -1.0]",-1.0,-1.0,1.0,"[-1623095154.96545, 0.0]","[0.0, 0.0]",0.0,0.0,3.865778923034668,1623095159.530269,1,-1,0,-1,0.4666666666666667,0.0,15,7,0,"[0, 0]"
318,"[1.0, -1.0]",1.0,-1.0,1.0,"[-1623095163.4650323, 0.0]","[1.0, 0.0]",1.0,0.0,0.9500727653503418,1623095165.0634382,1,-1,0,1,1.0,1.0,1,1,0,"[0, 0]"
319,"[1.0, -1.0]",1.0,-1.0,1.0,"[-1623095164.2145379, 0.0]","[1.0, 0.0]",1.0,0.0,2.783405065536499,1623095167.596694,1,-1,0,1,0.6,1.0,10,6,0,"[0, 0]"
320,"[1.0, -1.0]",1.0,-1.0,1.0,"[-1623095167.214276, 0.0]","[1.0, 0.0]",1.0,0.0,3.883329153060913,1623095171.77998,1,-1,0,1,0.5333333333333333,0.0,15,8,0,"[0, 0]"
321,"[1.0, -1.0]",1.0,-1.0,1.0,"[-1623095174.914718, 0.0]","[1.0, 0.0]",1.0,0.0,1.7667951583862305,1623095177.329974,1,-1,0,1,1.0,1.0,5,5,0,"[0, 0]"
322,"[1.0, -1.0]",1.0,-1.0,1.0,"[-1623095176.5806348, 0.0]","[1.0, 0.0]",1.0,0.0,3.1667110919952393,1623095180.446542,1,-1,0,1,0.8333333333333334,1.0,12,10,0,"[0, 0]"
323,"[1.0, -1.0]",1.0,-1.0,1.0,"[-1623095180.479961, 0.0]","[1.0, 0.0]",1.0,0.0,3.8668131828308105,1623095184.963153,1,-1,0,1,0.6666666666666666,0.0,15,10,0,"[0, 0]"
324,"[1.0, -1.0]",1.0,-1.0,1.0,"[-1623095186.71543, 0.0]","[1.0, 0.0]",1.0,0.0,3.216017007827759,1623095190.679739,1,-1,0,1,0.6666666666666666,1.0,12,8,0,"[0, 0]"
325,"[1.0, -1.0]",1.0,-1.0,1.0,"[-1623095193.2631848, 0.0]","[1.0, 0.0]",1.0,0.0,1.7667152881622314,1623095196.2129998,1,-1,0,1,0.6,1.0,5,3,0,"[0, 0]"
326,"[1.0, -1.0]",1.0,-1.0,1.0,"[-1623095195.247956, 0.0]","[1.0, 0.0]",1.0,0.0,3.8666558265686035,1623095200.712945,1,-1,0,1,0.6666666666666666,0.0,15,10,0,"[0, 0]"
327,"[1.0, -1.0]",1.0,-1.0,1.0,"[-1623095202.4478023, 0.0]","[1.0, 0.0]",1.0,0.0,3.2667088508605957,1623095206.7128792,1,-1,0,1,0.6666666666666666,1.0,12,8,0,"[0, 0]"
328,"[1.0, -1.0]",1.0,-1.0,-1.0,"[-1623095206.9463937, 0.0]","[0.0, 1.0]",0.0,1.0,3.8667662143707275,1623095211.546156,1,-1,0,1,0.6666666666666666,0.0,15,10,0,"[0, 0]"
329,"[1.0, -1.0]",1.0,-1.0,-1.0,"[-1623095212.530462, 0.0]","[0.0, 1.0]",0.0,1.0,3.8665249347686768,1623095217.212703,1,-1,0,1,0.5333333333333333,0.0,15,8,0,"[0, 0]"
330,"[1.0, -1.0]",1.0,-1.0,-1.0,"[-1623095218.113119, 0.0]","[0.0, 1.0]",0.0,1.0,3.8668229579925537,1623095222.779289,1,-1,0,1,0.8,0.0,15,12,0,"[0, 0]"
331,"[1.0, -1.0]",1.0,-1.0,-1.0,"[-1623095223.680481, 0.0]","[0.0, 1.0]",0.0,1.0,3.883287191390991,1623095228.245972,1,-1,0,1,0.7333333333333333,0.0,15,11,0,"[0, 0]"
332,"[1.0, -1.0]",1.0,-1.0,-1.0,"[-1623095229.2642157, 0.0]","[0.0, 1.0]",0.0,1.0,3.883258104324341,1623095233.812512,1,-1,0,1,0.4,0.0,15,6,0,"[0, 0]"
333,"[1.0, -1.0]",1.0,-1.0,-1.0,"[-1623095234.880647, 0.0]","[0.0, 1.0]",0.0,1.0,3.8667540550231934,1623095239.779094,1,-1,0,1,0.8,0.0,15,12,0,"[0, 0]"
334,"[-1.0, -1.0]",-1.0,-1.0,-1.0,"[-1623095243.6639442, 0.0]","[1.0, 1.0]",1.0,1.0,1.183335781097412,1623095245.5290391,1,-1,0,-1,1.0,1.0,2,2,0,"[0, 0]"
335,"[-1.0, -1.0]",-1.0,-1.0,-1.0,"[-1623095243.5801759, 0.0]","[1.0, 1.0]",1.0,1.0,3.8665430545806885,1623095248.212338,1,-1,0,-1,0.6,0.0,15,9,0,"[0, 0]"
336,"[-1.0, -1.0]",-1.0,-1.0,-1.0,"[-1623095249.1636362, 0.0]","[1.0, 1.0]",1.0,1.0,3.8666799068450928,1623095253.762233,1,-1,0,-1,0.7333333333333333,0.0,15,11,0,"[0, 0]"
337,"[-1.0, -1.0]",-1.0,-1.0,-1.0,"[-1623095257.646987, 0.0]","[1.0, 1.0]",1.0,1.0,0.9666750431060791,1623095259.312143,1,-1,0,-1,1.0,1.0,1,1,0,"[0, 0]"
338,"[-1.0, -1.0]",-1.0,-1.0,-1.0,"[-1623095259.0302458, 0.0]","[1.0, 1.0]",1.0,1.0,2.1668291091918945,1623095261.862091,1,-1,0,-1,0.42857142857142855,1.0,7,3,0,"[0, 0]"
339,"[-1.0, -1.0]",-1.0,-1.0,1.0,"[-1623095260.8962831, 0.0]","[0.0, 0.0]",0.0,0.0,3.8835608959198,1623095265.411998,1,-1,0,-1,0.8,0.0,15,12,0,"[0, 0]"
340,"[-1.0, -1.0]",-1.0,-1.0,1.0,"[-1623095266.4967983, 0.0]","[0.0, 0.0]",0.0,0.0,3.866790771484375,1623095271.0119581,1,-1,0,-1,0.6666666666666666,0.0,15,10,0,"[0, 0]"
341,"[1.0, -1.0]",1.0,-1.0,1.0,"[-1623095274.796765, 0.0]","[1.0, 0.0]",1.0,0.0,1.1667699813842773,1623095276.8285592,1,-1,0,1,1.0,1.0,2,2,0,"[0, 0]"
342,"[1.0, -1.0]",1.0,-1.0,1.0,"[-1623095275.196881, 0.0]","[1.0, 0.0]",1.0,0.0,3.866694927215576,1623095279.678522,1,-1,0,1,0.6,0.0,15,9,0,"[0, 0]"
343,"[1.0, -1.0]",1.0,-1.0,1.0,"[-1623095282.4960098, 0.0]","[1.0, 0.0]",1.0,0.0,2.166659116744995,1623095285.295136,1,-1,0,1,0.5714285714285714,1.0,7,4,0,"[0, 0]"
344,"[1.0, -1.0]",1.0,-1.0,1.0,"[-1623095285.679635, 0.0]","[1.0, 0.0]",1.0,0.0,2.5833849906921387,1623095288.878363,1,-1,0,1,0.6666666666666666,1.0,9,6,0,"[0, 0]"
345,"[1.0, -1.0]",1.0,-1.0,1.0,"[-1623095288.478692, 0.0]","[1.0, 0.0]",1.0,0.0,3.866753101348877,1623095292.945007,1,-1,0,1,0.5333333333333333,0.0,15,8,0,"[0, 0]"
346,"[1.0, -1.0]",1.0,-1.0,1.0,"[-1623095296.579881, 0.0]","[1.0, 0.0]",1.0,0.0,1.3501241207122803,1623095298.494907,1,-1,0,1,1.0,1.0,3,3,0,"[0, 0]"
347,"[1.0, -1.0]",1.0,-1.0,1.0,"[-1623095296.7458622, 0.0]","[1.0, 0.0]",1.0,0.0,3.7833569049835205,1623095301.494901,1,-1,0,1,0.4666666666666667,1.0,15,7,0,"[0, 0]"
348,"[1.0, -1.0]",1.0,-1.0,1.0,"[-1623095302.544894, 0.0]","[1.0, 0.0]",1.0,0.0,3.5669870376586914,1623095307.161483,1,-1,0,1,0.5,1.0,14,7,0,"[0, 0]"
349,"[1.0, -1.0]",1.0,-1.0,1.0,"[-1623095307.9129403, 0.0]","[1.0, 0.0]",1.0,0.0,3.783360719680786,1623095312.278031,1,-1,0,1,0.5333333333333333,1.0,15,8,0,"[0, 0]"
350,"[1.0, -1.0]",1.0,-1.0,1.0,"[-1623095313.611335, 0.0]","[1.0, 0.0]",1.0,0.0,3.166706085205078,1623095317.511308,1,-1,0,1,0.6666666666666666,1.0,12,8,0,"[0, 0]"
351,"[1.0, -1.0]",1.0,-1.0,1.0,"[-1623095317.996203, 0.0]","[1.0, 0.0]",1.0,0.0,3.8667080402374268,1623095322.311265,1,-1,0,1,0.5333333333333333,0.0,15,8,0,"[0, 0]"
352,"[1.0, -1.0]",1.0,-1.0,1.0,"[-1623095323.078993, 0.0]","[1.0, 0.0]",1.0,0.0,3.883330821990967,1623095327.561188,1,-1,0,1,0.4,0.0,15,6,0,"[0, 0]"
353,"[1.0, -1.0]",1.0,-1.0,-1.0,"[-1623095328.6794167, 0.0]","[0.0, 1.0]",0.0,1.0,3.8666722774505615,1623095333.727871,1,-1,0,1,0.6666666666666666,0.0,15,10,0,"[0, 0]"
354,"[1.0, -1.0]",1.0,-1.0,-1.0,"[-1623095334.779407, 0.0]","[0.0, 1.0]",0.0,1.0,3.8666319847106934,1623095339.811048,1,-1,0,1,0.6666666666666666,0.0,15,10,0,"[0, 0]"
355,"[1.0, -1.0]",1.0,-1.0,-1.0,"[-1623095340.8792021, 0.0]","[0.0, 1.0]",0.0,1.0,3.8666508197784424,1623095345.411075,1,-1,0,1,0.6,0.0,15,9,0,"[0, 0]"
356,"[-1.0, -1.0]",-1.0,-1.0,-1.0,"[-1623095349.3792071, 0.0]","[1.0, 1.0]",1.0,1.0,0.9666938781738281,1623095351.0441952,1,-1,0,-1,1.0,1.0,1,1,0,"[0, 0]"
357,"[-1.0, -1.0]",-1.0,-1.0,-1.0,"[-1623095349.0622199, 0.0]","[1.0, 1.0]",1.0,1.0,3.866868257522583,1623095353.59335,1,-1,0,-1,0.8666666666666667,0.0,15,13,0,"[0, 0]"
358,"[-1.0, -1.0]",-1.0,-1.0,-1.0,"[-1623095354.6283429, 0.0]","[1.0, 1.0]",1.0,1.0,3.8833110332489014,1623095359.244118,1,-1,0,-1,0.6,0.0,15,9,0,"[0, 0]"
359,"[-1.0, -1.0]",-1.0,-1.0,-1.0,"[-1623095363.1446648, 0.0]","[1.0, 1.0]",1.0,1.0,0.9666922092437744,1623095364.56067,1,-1,0,-1,1.0,1.0,1,1,0,"[0, 0]"
360,"[-1.0, -1.0]",-1.0,-1.0,-1.0,"[-1623095362.995174, 0.0]","[1.0, 1.0]",1.0,1.0,3.199831008911133,1623095366.843955,1,-1,0,-1,0.4166666666666667,1.0,12,5,0,"[0, 0]"
361,"[-1.0, -1.0]",-1.0,-1.0,-1.0,"[-1623095369.4116201, 0.0]","[1.0, 1.0]",1.0,1.0,1.3667919635772705,1623095371.443924,1,-1,0,-1,0.3333333333333333,1.0,3,1,0,"[0, 0]"
362,"[-1.0, -1.0]",-1.0,-1.0,-1.0,"[-1623095369.995368, 0.0]","[1.0, 1.0]",1.0,1.0,3.866852045059204,1623095374.493855,1,-1,0,-1,0.4666666666666667,0.0,15,7,0,"[0, 0]"
363,"[-1.0, -1.0]",-1.0,-1.0,-1.0,"[-1623095377.494747, 0.0]","[1.0, 1.0]",1.0,1.0,1.9674742221832275,1623095380.3263738,1,-1,0,-1,0.3333333333333333,1.0,6,2,0,"[0, 0]"
364,"[-1.0, -1.0]",-1.0,-1.0,1.0,"[-1623095379.178297, 0.0]","[0.0, 0.0]",0.0,0.0,3.8665900230407715,1623095383.627147,1,-1,0,-1,0.6666666666666666,0.0,15,10,0,"[0, 0]"
365,"[-1.0, -1.0]",-1.0,-1.0,1.0,"[-1623095384.762111, 0.0]","[0.0, 0.0]",0.0,0.0,3.8666229248046875,1623095389.32704,1,-1,0,-1,0.5333333333333333,0.0,15,8,0,"[0, 0]"
366,"[-1.0, -1.0]",-1.0,-1.0,1.0,"[-1623095390.3452983, 0.0]","[0.0, 0.0]",0.0,0.0,3.883344888687134,1623095394.943587,1,-1,0,-1,0.4666666666666667,0.0,15,7,0,"[0, 0]"
367,"[-1.0, -1.0]",-1.0,-1.0,1.0,"[-1623095395.9615815, 0.0]","[0.0, 0.0]",0.0,0.0,3.8668487071990967,1623095400.5101912,1,-1,0,-1,0.5333333333333333,0.0,15,8,0,"[0, 0]"
368,"[1.0, -1.0]",1.0,-1.0,1.0,"[-1623095401.5616734, 0.0]","[1.0, 0.0]",1.0,0.0,3.8667216300964355,1623095406.2434602,1,-1,0,1,0.3333333333333333,0.0,15,5,0,"[0, 0]"
369,"[1.0, -1.0]",1.0,-1.0,1.0,"[-1623095407.1446552, 0.0]","[1.0, 0.0]",1.0,0.0,3.86667799949646,1623095411.81006,1,-1,0,1,0.8,0.0,15,12,0,"[0, 0]"
370,"[1.0, -1.0]",1.0,-1.0,1.0,"[-1623095412.994626, 0.0]","[1.0, 0.0]",1.0,0.0,3.59977388381958,1623095417.226689,1,-1,0,1,0.7142857142857143,1.0,14,10,0,"[0, 0]"
371,"[1.0, -1.0]",1.0,-1.0,1.0,"[-1623095417.794227, 0.0]","[1.0, 0.0]",1.0,0.0,3.8834550380706787,1623095422.3598561,1,-1,0,1,0.5333333333333333,0.0,15,8,0,"[0, 0]"
372,"[1.0, -1.0]",1.0,-1.0,1.0,"[-1623095424.4448202, 0.0]","[1.0, 0.0]",1.0,0.0,2.8167338371276855,1623095427.676467,1,-1,0,1,0.6,1.0,10,6,0,"[0, 0]"
373,"[1.0, -1.0]",1.0,-1.0,1.0,"[-1623095429.976901, 0.0]","[1.0, 0.0]",1.0,0.0,1.366689920425415,1623095432.15974,1,-1,0,1,1.0,1.0,3,3,0,"[0, 0]"
374,"[1.0, -1.0]",1.0,-1.0,1.0,"[-1623095430.560804, 0.0]","[1.0, 0.0]",1.0,0.0,3.8667211532592773,1623095434.976363,1,-1,0,1,0.6,0.0,15,9,0,"[0, 0]"
375,"[1.0, -1.0]",1.0,-1.0,1.0,"[-1623095436.1439512, 0.0]","[1.0, 0.0]",1.0,0.0,3.8666088581085205,1623095440.792993,1,-1,0,1,0.6666666666666666,0.0,15,10,0,"[0, 0]"
376,"[1.0, -1.0]",1.0,-1.0,1.0,"[-1623095441.7445261, 0.0]","[1.0, 0.0]",1.0,0.0,3.86667799949646,1623095446.276232,1,-1,0,1,0.4666666666666667,0.0,15,7,0,"[0, 0]"
377,"[1.0, -1.0]",1.0,-1.0,-1.0,"[-1623095447.3444538, 0.0]","[0.0, 1.0]",0.0,1.0,3.866812229156494,1623095452.0428438,1,-1,0,1,0.8,0.0,15,12,0,"[0, 0]"
378,"[1.0, -1.0]",1.0,-1.0,-1.0,"[-1623095452.943021, 0.0]","[0.0, 1.0]",0.0,1.0,3.866765022277832,1623095457.742759,1,-1,0,1,0.5333333333333333,0.0,15,8,0,"[0, 0]"
379,"[-1.0, -1.0]",-1.0,-1.0,-1.0,"[-1623095458.526412, 0.0]","[1.0, 1.0]",1.0,1.0,3.8666679859161377,1623095463.075961,1,-1,0,-1,0.5333333333333333,0.0,15,8,0,"[0, 0]"
380,"[-1.0, -1.0]",-1.0,-1.0,-1.0,"[-1623095464.9774919, 0.0]","[1.0, 1.0]",1.0,1.0,3.0000710487365723,1623095468.625901,1,-1,0,-1,0.8181818181818182,1.0,11,9,0,"[0, 0]"
381,"[-1.0, -1.0]",-1.0,-1.0,-1.0,"[-1623095468.694282, 0.0]","[1.0, 1.0]",1.0,1.0,3.8666529655456543,1623095473.17602,1,-1,0,-1,0.6,0.0,15,9,0,"[0, 0]"
382,"[-1.0, -1.0]",-1.0,-1.0,-1.0,"[-1623095475.9600272, 0.0]","[1.0, 1.0]",1.0,1.0,2.183511734008789,1623095479.059107,1,-1,0,-1,0.2857142857142857,1.0,7,2,0,"[0, 0]"
383,"[-1.0, -1.0]",-1.0,-1.0,-1.0,"[-1623095481.2757628, 0.0]","[1.0, 1.0]",1.0,1.0,0.9675452709197998,1623095482.874858,1,-1,0,-1,1.0,1.0,1,1,0,"[0, 0]"
384,"[-1.0, -1.0]",-1.0,-1.0,-1.0,"[-1623095481.9605973, 0.0]","[1.0, 1.0]",1.0,1.0,2.8666698932647705,1623095485.275717,1,-1,0,-1,0.8,1.0,10,8,0,"[0, 0]"
385,"[-1.0, -1.0]",-1.0,-1.0,-1.0,"[-1623095485.0598812, 0.0]","[1.0, 1.0]",1.0,1.0,3.866860866546631,1623095489.5922902,1,-1,0,-1,0.4666666666666667,0.0,15,7,0,"[0, 0]"
386,"[-1.0, -1.0]",-1.0,-1.0,-1.0,"[-1623095490.64325, 0.0]","[1.0, 1.0]",1.0,1.0,3.86730694770813,1623095495.441566,1,-1,0,-1,0.7333333333333333,0.0,15,11,0,"[0, 0]"
387,"[-1.0, -1.0]",-1.0,-1.0,-1.0,"[-1623095496.242243, 0.0]","[1.0, 1.0]",1.0,1.0,3.86677885055542,1623095501.0254772,1,-1,0,-1,0.5333333333333333,0.0,15,8,0,"[0, 0]"
388,"[-1.0, -1.0]",-1.0,-1.0,1.0,"[-1623095501.826337, 0.0]","[0.0, 0.0]",0.0,0.0,3.86682391166687,1623095506.37538,1,-1,0,-1,0.6666666666666666,0.0,15,10,0,"[0, 0]"
389,"[-1.0, -1.0]",-1.0,-1.0,1.0,"[-1623095507.4094203, 0.0]","[0.0, 0.0]",0.0,0.0,3.866637945175171,1623095511.975323,1,-1,0,-1,0.6,0.0,15,9,0,"[0, 0]"
390,"[1.0, -1.0]",1.0,-1.0,1.0,"[-1623095515.509437, 0.0]","[1.0, 0.0]",1.0,0.0,1.3666479587554932,1623095517.575284,1,-1,0,1,1.0,1.0,3,3,0,"[0, 0]"
391,"[1.0, -1.0]",1.0,-1.0,1.0,"[-1623095518.193484, 0.0]","[1.0, 0.0]",1.0,0.0,1.7667179107666016,1623095520.608612,1,-1,0,1,0.8,1.0,5,4,0,"[0, 0]"
392,"[1.0, -1.0]",1.0,-1.0,1.0,"[-1623095521.2754312, 0.0]","[1.0, 0.0]",1.0,0.0,1.7834608554840088,1623095523.79181,1,-1,0,1,0.8,1.0,5,4,0,"[0, 0]"
393,"[1.0, -1.0]",1.0,-1.0,1.0,"[-1623095525.276842, 0.0]","[1.0, 0.0]",1.0,0.0,1.3667488098144531,1623095527.175146,1,-1,0,1,1.0,1.0,3,3,0,"[0, 0]"
394,"[1.0, -1.0]",1.0,-1.0,1.0,"[-1623095528.0757709, 0.0]","[1.0, 0.0]",1.0,0.0,1.1501150131225586,1623095529.908363,1,-1,0,1,1.0,1.0,2,2,0,"[0, 0]"
395,"[1.0, -1.0]",1.0,-1.0,1.0,"[-1623095528.025486, 0.0]","[1.0, 0.0]",1.0,0.0,3.7832729816436768,1623095532.44172,1,-1,0,1,0.6,1.0,15,9,0,"[0, 0]"
396,"[1.0, -1.0]",1.0,-1.0,1.0,"[-1623095533.526015, 0.0]","[1.0, 0.0]",1.0,0.0,3.866594076156616,1623095537.875058,1,-1,0,1,0.6666666666666666,0.0,15,10,0,"[0, 0]"
397,"[1.0, -1.0]",1.0,-1.0,1.0,"[-1623095541.125813, 0.0]","[1.0, 0.0]",1.0,0.0,1.3667969703674316,1623095543.141551,1,-1,0,1,0.6666666666666666,1.0,3,2,0,"[0, 0]"
398,"[1.0, -1.0]",1.0,-1.0,1.0,"[-1623095544.3098958, 0.0]","[1.0, 0.0]",1.0,0.0,1.2667431831359863,1623095546.0415518,1,-1,0,1,0.5,1.0,2,1,0,"[0, 0]"
399,"[1.0, -1.0]",1.0,-1.0,-1.0,"[-1623095544.2923758, 0.0]","[0.0, 1.0]",0.0,1.0,3.8673131465911865,1623095548.807611,1,-1,0,1,0.6,0.0,15,9,0,"[0, 0]"
400,"[-1.0, -1.0]",-1.0,-1.0,-1.0,"[-1623095671.3742447, 0.0]","[1.0, 1.0]",1.0,1.0,2.3666722774505615,1623095680.4564219,1,-1,0,-1,0.625,1.0,8,5,0,"[0, 0]"
401,"[-1.0, -1.0]",-1.0,-1.0,-1.0,"[-1623095681.3740392, 0.0]","[1.0, 1.0]",1.0,1.0,2.4667398929595947,1623095684.68963,1,-1,0,-1,0.875,1.0,8,7,0,"[0, 0]"
402,"[-1.0, -1.0]",-1.0,-1.0,-1.0,"[-1623095686.957293, 0.0]","[1.0, 1.0]",1.0,1.0,0.9666907787322998,1623095688.8562071,1,-1,0,-1,1.0,1.0,1,1,0,"[0, 0]"
403,"[-1.0, -1.0]",-1.0,-1.0,-1.0,"[-1623095689.139848, 0.0]","[1.0, 1.0]",1.0,1.0,1.3667089939117432,1623095691.189505,1,-1,0,-1,1.0,1.0,3,3,0,"[0, 0]"
404,"[-1.0, -1.0]",-1.0,-1.0,-1.0,"[-1623095690.574415, 0.0]","[1.0, 1.0]",1.0,1.0,3.016674041748047,1623095694.289494,1,-1,0,-1,0.8181818181818182,1.0,11,9,0,"[0, 0]"
405,"[-1.0, -1.0]",-1.0,-1.0,-1.0,"[-1623095695.2231789, 0.0]","[1.0, 1.0]",1.0,1.0,2.966710090637207,1623095698.772751,1,-1,0,-1,0.45454545454545453,1.0,11,5,0,"[0, 0]"
406,"[-1.0, -1.0]",-1.0,-1.0,-1.0,"[-1623095698.8907666, 0.0]","[1.0, 1.0]",1.0,1.0,3.8835582733154297,1623095703.2893639,1,-1,0,-1,0.5333333333333333,0.0,15,8,0,"[0, 0]"
407,"[-1.0, -1.0]",-1.0,-1.0,-1.0,"[-1623095704.5082011, 0.0]","[1.0, 1.0]",1.0,1.0,3.8660378456115723,1623095709.272628,1,-1,0,-1,0.6,0.0,15,9,0,"[0, 0]"
408,"[-1.0, -1.0]",-1.0,-1.0,-1.0,"[-1623095711.7904444, 0.0]","[1.0, 1.0]",1.0,1.0,2.183243751525879,1623095714.805989,1,-1,0,-1,0.7142857142857143,1.0,7,5,0,"[0, 0]"
409,"[-1.0, -1.0]",-1.0,-1.0,-1.0,"[-1623095716.674227, 0.0]","[1.0, 1.0]",1.0,1.0,1.3833918571472168,1623095718.955803,1,-1,0,-1,1.0,1.0,3,3,0,"[0, 0]"
410,"[-1.0, -1.0]",-1.0,-1.0,-1.0,"[-1623095719.773477, 0.0]","[1.0, 1.0]",1.0,1.0,1.3669168949127197,1623095721.805778,1,-1,0,-1,0.6666666666666666,1.0,3,2,0,"[0, 0]"
411,"[-1.0, -1.0]",-1.0,-1.0,-1.0,"[-1623095721.8240082, 0.0]","[1.0, 1.0]",1.0,1.0,2.400078773498535,1623095724.9224372,1,-1,0,-1,0.75,1.0,8,6,0,"[0, 0]"
412,"[-1.0, -1.0]",-1.0,-1.0,-1.0,"[-1623095726.539801, 0.0]","[1.0, 1.0]",1.0,1.0,1.7841570377349854,1623095728.988256,1,-1,0,-1,0.8,1.0,5,4,0,"[0, 0]"
413,"[-1.0, -1.0]",-1.0,-1.0,1.0,"[-1623095728.023742, 0.0]","[0.0, 0.0]",0.0,0.0,3.883451223373413,1623095732.7556438,1,-1,0,-1,0.7333333333333333,0.0,15,11,0,"[0, 0]"
414,"[-1.0, -1.0]",-1.0,-1.0,1.0,"[-1623095733.639595, 0.0]","[0.0, 0.0]",0.0,0.0,3.8670778274536133,1623095738.5221992,1,-1,0,-1,0.8666666666666667,0.0,15,13,0,"[0, 0]"
415,"[1.0, -1.0]",1.0,-1.0,1.0,"[-1623095742.2234561, 0.0]","[1.0, 0.0]",1.0,0.0,1.366398811340332,1623095744.489098,1,-1,0,1,0.6666666666666666,1.0,3,2,0,"[0, 0]"
416,"[1.0, -1.0]",1.0,-1.0,1.0,"[-1623095742.8233118, 0.0]","[1.0, 0.0]",1.0,0.0,3.8665521144866943,1623095747.372146,1,-1,0,1,0.6,0.0,15,9,0,"[0, 0]"
417,"[1.0, -1.0]",1.0,-1.0,1.0,"[-1623095748.4062142, 0.0]","[1.0, 0.0]",1.0,0.0,3.8667898178100586,1623095752.972074,1,-1,0,1,0.6666666666666666,0.0,15,10,0,"[0, 0]"
418,"[1.0, -1.0]",1.0,-1.0,1.0,"[-1623095754.007116, 0.0]","[1.0, 0.0]",1.0,0.0,3.8666529655456543,1623095758.80529,1,-1,0,1,0.6,0.0,15,9,0,"[0, 0]"
419,"[1.0, -1.0]",1.0,-1.0,1.0,"[-1623095759.5897593, 0.0]","[1.0, 0.0]",1.0,0.0,3.883258819580078,1623095764.3385642,1,-1,0,1,0.5333333333333333,0.0,15,8,0,"[0, 0]"
420,"[1.0, -1.0]",1.0,-1.0,1.0,"[-1623095767.9054499, 0.0]","[1.0, 0.0]",1.0,0.0,1.1499500274658203,1623095770.121869,1,-1,0,1,1.0,1.0,2,2,0,"[0, 0]"
421,"[1.0, -1.0]",1.0,-1.0,1.0,"[-1623095770.3895032, 0.0]","[1.0, 0.0]",1.0,0.0,1.7500429153442383,1623095772.771766,1,-1,0,1,0.6,1.0,5,3,0,"[0, 0]"
422,"[1.0, -1.0]",1.0,-1.0,1.0,"[-1623095774.038252, 0.0]","[1.0, 0.0]",1.0,0.0,1.1834418773651123,1623095776.371712,1,-1,0,1,1.0,1.0,2,2,0,"[0, 0]"
423,"[1.0, -1.0]",1.0,-1.0,1.0,"[-1623095775.90553, 0.0]","[1.0, 0.0]",1.0,0.0,2.399738073348999,1623095779.054993,1,-1,0,1,0.875,1.0,8,7,0,"[0, 0]"
424,"[1.0, -1.0]",1.0,-1.0,1.0,"[-1623095780.6226387, 0.0]","[1.0, 0.0]",1.0,0.0,1.7668931484222412,1623095783.0216289,1,-1,0,1,0.8,1.0,5,4,0,"[0, 0]"
425,"[1.0, -1.0]",1.0,-1.0,1.0,"[-1623095783.004715, 0.0]","[1.0, 0.0]",1.0,0.0,2.4668140411376953,1623095786.171552,1,-1,0,1,0.875,1.0,8,7,0,"[0, 0]"
426,"[1.0, -1.0]",1.0,-1.0,1.0,"[-1623095785.6892061, 0.0]","[1.0, 0.0]",1.0,0.0,3.866765022277832,1623095790.154898,1,-1,0,1,0.5333333333333333,0.0,15,8,0,"[0, 0]"
427,"[1.0, -1.0]",1.0,-1.0,1.0,"[-1623095793.772537, 0.0]","[1.0, 0.0]",1.0,0.0,1.3667259216308594,1623095796.054786,1,-1,0,1,0.6666666666666666,1.0,3,2,0,"[0, 0]"
428,"[1.0, -1.0]",1.0,-1.0,1.0,"[-1623095797.2890842, 0.0]","[1.0, 0.0]",1.0,0.0,0.9501209259033203,1623095798.95472,1,-1,0,1,1.0,1.0,1,1,0,"[0, 0]"
429,"[1.0, -1.0]",1.0,-1.0,1.0,"[-1623095796.956151, 0.0]","[1.0, 0.0]",1.0,0.0,3.8668150901794434,1623095801.771457,1,-1,0,1,0.7333333333333333,0.0,15,11,0,"[0, 0]"
430,"[1.0, -1.0]",1.0,-1.0,-1.0,"[-1623095802.5385628, 0.0]","[0.0, 1.0]",0.0,1.0,3.866671085357666,1623095807.154591,1,-1,0,1,0.6666666666666666,0.0,15,10,0,"[0, 0]"
431,"[1.0, -1.0]",1.0,-1.0,-1.0,"[-1623095808.1393049, 0.0]","[0.0, 1.0]",0.0,1.0,3.8666770458221436,1623095812.9045398,1,-1,0,1,0.6,0.0,15,9,0,"[0, 0]"
432,"[1.0, -1.0]",1.0,-1.0,-1.0,"[-1623095813.7222512, 0.0]","[0.0, 1.0]",0.0,1.0,3.8666439056396484,1623095818.5379589,1,-1,0,1,0.8666666666666667,0.0,15,13,0,"[0, 0]"
433,"[1.0, -1.0]",1.0,-1.0,-1.0,"[-1623095819.287996, 0.0]","[0.0, 1.0]",0.0,1.0,3.86716890335083,1623095824.0705721,1,-1,0,1,0.4,0.0,15,6,0,"[0, 0]"
434,"[-1.0, -1.0]",-1.0,-1.0,-1.0,"[-1623095824.872012, 0.0]","[1.0, 1.0]",1.0,1.0,3.8834030628204346,1623095829.6876328,1,-1,0,-1,0.6666666666666666,0.0,15,10,0,"[0, 0]"
435,"[-1.0, -1.0]",-1.0,-1.0,-1.0,"[-1623095830.4719958, 0.0]","[1.0, 1.0]",1.0,1.0,3.8665730953216553,1623095835.170987,1,-1,0,-1,0.5333333333333333,0.0,15,8,0,"[0, 0]"
436,"[-1.0, -1.0]",-1.0,-1.0,-1.0,"[-1623095838.7051733, 0.0]","[1.0, 1.0]",1.0,1.0,1.216768741607666,1623095840.6374772,1,-1,0,-1,1.0,1.0,2,2,0,"[0, 0]"
437,"[-1.0, -1.0]",-1.0,-1.0,-1.0,"[-1623095840.2379959, 0.0]","[1.0, 1.0]",1.0,1.0,2.766693115234375,1623095843.87079,1,-1,0,-1,0.7,1.0,10,7,0,"[0, 0]"
438,"[-1.0, -1.0]",-1.0,-1.0,-1.0,"[-1623095843.7224069, 0.0]","[1.0, 1.0]",1.0,1.0,3.8666250705718994,1623095848.1707761,1,-1,0,-1,0.5333333333333333,0.0,15,8,0,"[0, 0]"
439,"[-1.0, -1.0]",-1.0,-1.0,-1.0,"[-1623095852.204808, 0.0]","[1.0, 1.0]",1.0,1.0,0.9841799736022949,1623095853.853163,1,-1,0,-1,1.0,1.0,1,1,0,"[0, 0]"
440,"[-1.0, -1.0]",-1.0,-1.0,-1.0,"[-1623095854.8222592, 0.0]","[1.0, 1.0]",1.0,1.0,0.9666738510131836,1623095856.237292,1,-1,0,-1,1.0,1.0,1,1,0,"[0, 0]"
441,"[-1.0, -1.0]",-1.0,-1.0,1.0,"[-1623095853.988096, 0.0]","[0.0, 0.0]",0.0,0.0,3.8833320140838623,1623095858.603945,1,-1,0,-1,0.7333333333333333,0.0,15,11,0,"[0, 0]"
442,"[-1.0, -1.0]",-1.0,-1.0,1.0,"[-1623095859.5887473, 0.0]","[0.0, 0.0]",0.0,0.0,3.8666698932647705,1623095864.320482,1,-1,0,-1,0.4666666666666667,0.0,15,7,0,"[0, 0]"
443,"[1.0, -1.0]",1.0,-1.0,1.0,"[-1623095867.4881232, 0.0]","[1.0, 0.0]",1.0,0.0,1.566715955734253,1623095869.937099,1,-1,0,1,1.0,1.0,4,4,0,"[0, 0]"
444,"[1.0, -1.0]",1.0,-1.0,1.0,"[-1623095871.471957, 0.0]","[1.0, 0.0]",1.0,0.0,1.1666629314422607,1623095873.2537332,1,-1,0,1,1.0,1.0,2,2,0,"[0, 0]"
445,"[1.0, -1.0]",1.0,-1.0,1.0,"[-1623095871.371265, 0.0]","[1.0, 0.0]",1.0,0.0,3.866868019104004,1623095875.853655,1,-1,0,1,0.8,0.0,15,12,0,"[0, 0]"
446,"[1.0, -1.0]",1.0,-1.0,1.0,"[-1623095876.9543622, 0.0]","[1.0, 0.0]",1.0,0.0,3.8668408393859863,1623095881.620238,1,-1,0,1,0.6,0.0,15,9,0,"[0, 0]"
447,"[1.0, -1.0]",1.0,-1.0,1.0,"[-1623095885.2215464, 0.0]","[1.0, 0.0]",1.0,0.0,1.2001936435699463,1623095887.2368362,1,-1,0,1,1.0,1.0,2,2,0,"[0, 0]"
448,"[1.0, -1.0]",1.0,-1.0,1.0,"[-1623095885.6383743, 0.0]","[1.0, 0.0]",1.0,0.0,3.8668007850646973,1623095890.1534941,1,-1,0,1,0.7333333333333333,0.0,15,11,0,"[0, 0]"
449,"[1.0, -1.0]",1.0,-1.0,1.0,"[-1623095893.088469, 0.0]","[1.0, 0.0]",1.0,0.0,2.0165810585021973,1623095895.803442,1,-1,0,1,1.0,1.0,6,6,0,"[0, 0]"
450,"[1.0, -1.0]",1.0,-1.0,1.0,"[-1623095894.8213906, 0.0]","[1.0, 0.0]",1.0,0.0,3.8665611743927,1623095899.470167,1,-1,0,1,0.5333333333333333,0.0,15,8,0,"[0, 0]"
451,"[-1.0, -1.0]",-1.0,-1.0,1.0,"[-1623095900.404446, 0.0]","[0.0, 0.0]",0.0,0.0,3.866816997528076,1623095905.003295,1,-1,0,-1,0.6666666666666666,0.0,15,10,0,"[0, 0]"
452,"[-1.0, -1.0]",-1.0,-1.0,-1.0,"[-1623095905.9891143, 0.0]","[1.0, 1.0]",1.0,1.0,3.8657169342041016,1623095910.503217,1,-1,0,-1,0.5333333333333333,0.0,15,8,0,"[0, 0]"
453,"[1.0, -1.0]",1.0,-1.0,-1.0,"[-1623095911.5714953, 0.0]","[0.0, 1.0]",0.0,1.0,3.8665049076080322,1623095916.119945,1,-1,0,1,0.6,0.0,15,9,0,"[0, 0]"
454,"[1.0, -1.0]",1.0,-1.0,-1.0,"[-1623095917.1546178, 0.0]","[0.0, 1.0]",0.0,1.0,3.8832602500915527,1623095921.803068,1,-1,0,1,0.4,0.0,15,6,0,"[0, 0]"
455,"[1.0, -1.0]",1.0,-1.0,-1.0,"[-1623095922.7699878, 0.0]","[0.0, 1.0]",0.0,1.0,3.866741180419922,1623095927.552981,1,-1,0,1,0.8,0.0,15,12,0,"[0, 0]"
456,"[-1.0, -1.0]",-1.0,-1.0,-1.0,"[-1623095930.4689689, 0.0]","[1.0, 1.0]",1.0,1.0,1.750910997390747,1623095933.618678,1,-1,0,-1,0.8,1.0,5,4,0,"[0, 0]"
457,"[-1.0, -1.0]",-1.0,-1.0,-1.0,"[-1623095935.3385422, 0.0]","[1.0, 1.0]",1.0,1.0,0.9659597873687744,1623095936.9361322,1,-1,0,-1,1.0,1.0,1,1,0,"[0, 0]"
458,"[-1.0, -1.0]",-1.0,-1.0,-1.0,"[-1623095935.0218482, 0.0]","[1.0, 1.0]",1.0,1.0,3.866046905517578,1623095939.319485,1,-1,0,-1,0.6,0.0,15,9,0,"[0, 0]"
459,"[-1.0, -1.0]",-1.0,-1.0,-1.0,"[-1623095942.003766, 0.0]","[1.0, 1.0]",1.0,1.0,1.9834120273590088,1623095944.602744,1,-1,0,-1,1.0,1.0,6,6,0,"[0, 0]"
460,"[-1.0, -1.0]",-1.0,-1.0,-1.0,"[-1623095943.6867661, 0.0]","[1.0, 1.0]",1.0,1.0,3.8833699226379395,1623095948.218664,1,-1,0,-1,0.6666666666666666,0.0,15,10,0,"[0, 0]"
461,"[-1.0, -1.0]",-1.0,-1.0,-1.0,"[-1623095949.270304, 0.0]","[1.0, 1.0]",1.0,1.0,3.8832390308380127,1623095953.736022,1,-1,0,-1,0.6,0.0,15,9,0,"[0, 0]"
462,"[-1.0, -1.0]",-1.0,-1.0,-1.0,"[-1623095957.4041653, 0.0]","[1.0, 1.0]",1.0,1.0,1.3500149250030518,1623095959.569213,1,-1,0,-1,0.6666666666666666,1.0,3,2,0,"[0, 0]"
463,"[-1.0, -1.0]",-1.0,-1.0,-1.0,"[-1623095960.487219, 0.0]","[1.0, 1.0]",1.0,1.0,1.3667938709259033,1623095962.485815,1,-1,0,-1,1.0,1.0,3,3,0,"[0, 0]"
464,"[-1.0, -1.0]",-1.0,-1.0,-1.0,"[-1623095963.57074, 0.0]","[1.0, 1.0]",1.0,1.0,1.36667799949646,1623095965.385864,1,-1,0,-1,1.0,1.0,3,3,0,"[0, 0]"
465,"[-1.0, -1.0]",-1.0,-1.0,-1.0,"[-1623095966.3533063, 0.0]","[1.0, 1.0]",1.0,1.0,1.16682767868042,1623095968.019066,1,-1,0,-1,1.0,1.0,2,2,0,"[0, 0]"
466,"[-1.0, -1.0]",-1.0,-1.0,-1.0,"[-1623095968.953942, 0.0]","[1.0, 1.0]",1.0,1.0,1.1497769355773926,1623095970.635926,1,-1,0,-1,1.0,1.0,2,2,0,"[0, 0]"
467,"[-1.0, -1.0]",-1.0,-1.0,-1.0,"[-1623095968.8206222, 0.0]","[1.0, 1.0]",1.0,1.0,3.8666229248046875,1623095973.152308,1,-1,0,-1,0.4,0.0,15,6,0,"[0, 0]"
468,"[-1.0, -1.0]",-1.0,-1.0,1.0,"[-1623095973.8871121, 0.0]","[0.0, 0.0]",0.0,0.0,3.882909059524536,1623095978.585569,1,-1,0,-1,0.5333333333333333,0.0,15,8,0,"[0, 0]"
469,"[-1.0, -1.0]",-1.0,-1.0,1.0,"[-1623095979.4857097, 0.0]","[0.0, 0.0]",0.0,0.0,3.8676092624664307,1623095984.3679948,1,-1,0,-1,0.7333333333333333,0.0,15,11,0,"[0, 0]"
470,"[-1.0, -1.0]",-1.0,-1.0,1.0,"[-1623095985.5537248, 0.0]","[0.0, 0.0]",0.0,0.0,3.883364200592041,1623095990.085512,1,-1,0,-1,0.3333333333333333,0.0,15,5,0,"[0, 0]"
471,"[-1.0, -1.0]",-1.0,-1.0,1.0,"[-1623095991.170782, 0.0]","[0.0, 0.0]",0.0,0.0,3.8664560317993164,1623095995.71873,1,-1,0,-1,0.5333333333333333,0.0,15,8,0,"[0, 0]"
472,"[-1.0, -1.0]",-1.0,-1.0,1.0,"[-1623095996.7702773, 0.0]","[0.0, 0.0]",0.0,0.0,3.8666417598724365,1623096001.6686232,1,-1,0,-1,0.5333333333333333,0.0,15,8,0,"[0, 0]"
473,"[-1.0, -1.0]",-1.0,-1.0,1.0,"[-1623096002.870024, 0.0]","[0.0, 0.0]",0.0,0.0,3.8667991161346436,1623096007.601851,1,-1,0,-1,0.7333333333333333,0.0,15,11,0,"[0, 0]"
474,"[1.0, -1.0]",1.0,-1.0,1.0,"[-1623096011.385556, 0.0]","[1.0, 0.0]",1.0,0.0,0.9500401020050049,1623096012.968447,1,-1,0,1,1.0,1.0,1,1,0,"[0, 0]"
475,"[1.0, -1.0]",1.0,-1.0,1.0,"[-1623096011.152826, 0.0]","[1.0, 0.0]",1.0,0.0,3.767167091369629,1623096015.5017579,1,-1,0,1,0.7333333333333333,1.0,15,11,0,"[0, 0]"
476,"[1.0, -1.0]",1.0,-1.0,1.0,"[-1623096018.6685452, 0.0]","[1.0, 0.0]",1.0,0.0,1.3500888347625732,1623096020.6350012,1,-1,0,1,1.0,1.0,3,3,0,"[0, 0]"
477,"[1.0, -1.0]",1.0,-1.0,1.0,"[-1623096019.2363968, 0.0]","[1.0, 0.0]",1.0,0.0,3.866914987564087,1623096023.785038,1,-1,0,1,0.5333333333333333,0.0,15,8,0,"[0, 0]"
478,"[1.0, -1.0]",1.0,-1.0,1.0,"[-1623096024.8857868, 0.0]","[1.0, 0.0]",1.0,0.0,3.816524028778076,1623096029.735054,1,-1,0,1,0.6666666666666666,1.0,15,10,0,"[0, 0]"
479,"[1.0, -1.0]",1.0,-1.0,1.0,"[-1623096033.118854, 0.0]","[1.0, 0.0]",1.0,0.0,1.1834650039672852,1623096035.2515352,1,-1,0,1,1.0,1.0,2,2,0,"[0, 0]"
480,"[1.0, -1.0]",1.0,-1.0,-1.0,"[-1623096033.519622, 0.0]","[0.0, 1.0]",0.0,1.0,3.866825819015503,1623096038.0181031,1,-1,0,1,0.8,0.0,15,12,0,"[0, 0]"
481,"[1.0, -1.0]",1.0,-1.0,-1.0,"[-1623096039.119897, 0.0]","[0.0, 1.0]",0.0,1.0,3.8664820194244385,1623096043.534796,1,-1,0,1,0.5333333333333333,0.0,15,8,0,"[0, 0]"
482,"[1.0, -1.0]",1.0,-1.0,-1.0,"[-1623096044.718553, 0.0]","[0.0, 1.0]",0.0,1.0,3.8667080402374268,1623096049.434619,1,-1,0,1,0.6,0.0,15,9,0,"[0, 0]"
483,"[1.0, -1.0]",1.0,-1.0,-1.0,"[-1623096050.319405, 0.0]","[0.0, 1.0]",0.0,1.0,3.866626024246216,1623096054.9679182,1,-1,0,1,0.5333333333333333,0.0,15,8,0,"[0, 0]"
484,"[1.0, -1.0]",1.0,-1.0,-1.0,"[-1623096055.902818, 0.0]","[0.0, 1.0]",0.0,1.0,3.8665759563446045,1623096060.634468,1,-1,0,1,0.9333333333333333,0.0,15,14,0,"[0, 0]"
485,"[-1.0, -1.0]",-1.0,-1.0,-1.0,"[-1623096062.3188298, 0.0]","[1.0, 1.0]",1.0,1.0,3.0333292484283447,1623096065.9844759,1,-1,0,-1,0.7272727272727273,1.0,11,8,0,"[0, 0]"
486,"[-1.0, -1.0]",-1.0,-1.0,-1.0,"[-1623096067.535739, 0.0]","[1.0, 1.0]",1.0,1.0,2.400057077407837,1623096070.60104,1,-1,0,-1,0.75,1.0,8,6,0,"[0, 0]"
487,"[-1.0, -1.0]",-1.0,-1.0,-1.0,"[-1623096070.1525493, 0.0]","[1.0, 1.0]",1.0,1.0,3.8667237758636475,1623096074.617679,1,-1,0,-1,0.8,0.0,15,12,0,"[0, 0]"
488,"[-1.0, -1.0]",-1.0,-1.0,-1.0,"[-1623096077.169036, 0.0]","[1.0, 1.0]",1.0,1.0,2.433472156524658,1623096080.017546,1,-1,0,-1,0.875,1.0,8,7,0,"[0, 0]"
489,"[-1.0, -1.0]",-1.0,-1.0,-1.0,"[-1623096081.417842, 0.0]","[1.0, 1.0]",1.0,1.0,1.7667100429534912,1623096083.917475,1,-1,0,-1,0.8,1.0,5,4,0,"[0, 0]"
490,"[-1.0, -1.0]",-1.0,-1.0,-1.0,"[-1623096084.385815, 0.0]","[1.0, 1.0]",1.0,1.0,2.3834519386291504,1623096087.36745,1,-1,0,-1,0.5,1.0,8,4,0,"[0, 0]"
491,"[-1.0, -1.0]",-1.0,-1.0,-1.0,"[-1623096089.685587, 0.0]","[1.0, 1.0]",1.0,1.0,1.1834440231323242,1623096091.3507168,1,-1,0,-1,1.0,1.0,2,2,0,"[0, 0]"
492,"[-1.0, -1.0]",-1.0,-1.0,1.0,"[-1623096089.5856378, 0.0]","[0.0, 0.0]",0.0,0.0,3.8668160438537598,1623096093.9006588,1,-1,0,-1,0.7333333333333333,0.0,15,11,0,"[0, 0]"
493,"[-1.0, -1.0]",-1.0,-1.0,1.0,"[-1623096094.667723, 0.0]","[0.0, 0.0]",0.0,0.0,3.8666491508483887,1623096099.467275,1,-1,0,-1,0.6666666666666666,0.0,15,10,0,"[0, 0]"
494,"[-1.0, -1.0]",-1.0,-1.0,1.0,"[-1623096100.251627, 0.0]","[0.0, 0.0]",0.0,0.0,3.866687059402466,1623096104.950573,1,-1,0,-1,0.7333333333333333,0.0,15,11,0,"[0, 0]"
495,"[-1.0, -1.0]",-1.0,-1.0,1.0,"[-1623096105.8341663, 0.0]","[0.0, 0.0]",0.0,0.0,3.8666157722473145,1623096110.6838331,1,-1,0,-1,0.6666666666666666,0.0,15,10,0,"[0, 0]"
496,"[1.0, -1.0]",1.0,-1.0,1.0,"[-1623096111.400542, 0.0]","[1.0, 0.0]",1.0,0.0,3.8842339515686035,1623096115.9161139,1,-1,0,1,0.6,0.0,15,9,0,"[0, 0]"
497,"[1.0, -1.0]",1.0,-1.0,1.0,"[-1623096119.901283, 0.0]","[1.0, 0.0]",1.0,0.0,0.9664568901062012,1623096121.300019,1,-1,0,1,1.0,1.0,1,1,0,"[0, 0]"
498,"[1.0, -1.0]",1.0,-1.0,1.0,"[-1623096121.317606, 0.0]","[1.0, 0.0]",1.0,0.0,1.633070945739746,1623096123.699372,1,-1,0,1,1.0,1.0,4,4,0,"[0, 0]"
499,"[1.0, -1.0]",1.0,-1.0,1.0,"[-1623096122.4506671, 0.0]","[1.0, 0.0]",1.0,0.0,3.582624912261963,1623096126.682107,1,-1,0,1,0.7857142857142857,1.0,14,11,0,"[0, 0]"
500,"[1.0, -1.0]",1.0,-1.0,1.0,"[-1623096127.5327768, 0.0]","[1.0, 0.0]",1.0,0.0,3.5829131603240967,1623096131.81438,1,-1,0,1,0.7142857142857143,1.0,14,10,0,"[0, 0]"
501,"[1.0, -1.0]",1.0,-1.0,1.0,"[-1623096133.6321568, 0.0]","[1.0, 0.0]",1.0,0.0,2.5660500526428223,1623096136.847019,1,-1,0,1,0.8888888888888888,1.0,9,8,0,"[0, 0]"
502,"[1.0, -1.0]",1.0,-1.0,1.0,"[-1623096138.71466, 0.0]","[1.0, 0.0]",1.0,0.0,1.566472053527832,1623096140.913541,1,-1,0,1,0.5,1.0,4,2,0,"[0, 0]"
503,"[1.0, -1.0]",1.0,-1.0,1.0,"[-1623096139.7639651, 0.0]","[1.0, 0.0]",1.0,0.0,3.600219964981079,1623096143.94558,1,-1,0,1,0.6428571428571429,1.0,14,9,0,"[0, 0]"
504,"[1.0, -1.0]",1.0,-1.0,1.0,"[-1623096146.2473757, 0.0]","[1.0, 0.0]",1.0,0.0,2.2001092433929443,1623096149.0793269,1,-1,0,1,1.0,1.0,7,7,0,"[0, 0]"
505,"[1.0, -1.0]",1.0,-1.0,1.0,"[-1623096150.6629322, 0.0]","[1.0, 0.0]",1.0,0.0,1.366670846939087,1623096152.6291,1,-1,0,1,1.0,1.0,3,3,0,"[0, 0]"
506,"[1.0, -1.0]",1.0,-1.0,1.0,"[-1623096153.130367, 0.0]","[1.0, 0.0]",1.0,0.0,1.983323097229004,1623096155.979002,1,-1,0,1,1.0,1.0,6,6,0,"[0, 0]"
507,"[1.0, -1.0]",1.0,-1.0,1.0,"[-1623096156.13001, 0.0]","[1.0, 0.0]",1.0,0.0,2.566620111465454,1623096159.345511,1,-1,0,1,0.4444444444444444,1.0,9,4,0,"[0, 0]"
508,"[1.0, -1.0]",1.0,-1.0,-1.0,"[-1623096158.9139655, 0.0]","[0.0, 1.0]",0.0,1.0,3.86586856842041,1623096163.4120462,1,-1,0,1,0.4666666666666667,0.0,15,7,0,"[0, 0]"
509,"[1.0, -1.0]",1.0,-1.0,-1.0,"[-1623096164.4968333, 0.0]","[0.0, 1.0]",0.0,1.0,3.866668701171875,1623096169.1619241,1,-1,0,1,0.8666666666666667,0.0,15,13,0,"[0, 0]"
510,"[-1.0, -1.0]",-1.0,-1.0,-1.0,"[-1623096170.096895, 0.0]","[1.0, 1.0]",1.0,1.0,3.8664610385894775,1623096174.645122,1,-1,0,-1,0.5333333333333333,0.0,15,8,0,"[0, 0]"
511,"[-1.0, -1.0]",-1.0,-1.0,-1.0,"[-1623096175.963484, 0.0]","[1.0, 1.0]",1.0,1.0,3.5831539630889893,1623096180.178255,1,-1,0,-1,0.5714285714285714,1.0,14,8,0,"[0, 0]"
512,"[-1.0, -1.0]",-1.0,-1.0,-1.0,"[-1623096180.7800782, 0.0]","[1.0, 1.0]",1.0,1.0,3.8659000396728516,1623096185.278108,1,-1,0,-1,0.4666666666666667,0.0,15,7,0,"[0, 0]"
513,"[-1.0, -1.0]",-1.0,-1.0,-1.0,"[-1623096186.362233, 0.0]","[1.0, 1.0]",1.0,1.0,3.8667869567871094,1623096190.778053,1,-1,0,-1,0.26666666666666666,0.0,15,4,0,"[0, 0]"
514,"[-1.0, -1.0]",-1.0,-1.0,-1.0,"[-1623096191.9626741, 0.0]","[1.0, 1.0]",1.0,1.0,3.866971015930176,1623096197.644405,1,-1,0,-1,0.4,0.0,15,6,0,"[0, 0]"
515,"[-1.0, -1.0]",-1.0,-1.0,-1.0,"[-1623096199.444998, 0.0]","[1.0, 1.0]",1.0,1.0,2.9841299057006836,1623096203.477081,1,-1,0,-1,0.6363636363636364,1.0,11,7,0,"[0, 0]"
516,"[-1.0, -1.0]",-1.0,-1.0,-1.0,"[-1623096205.946209, 0.0]","[1.0, 1.0]",1.0,1.0,1.5665500164031982,1623096208.044514,1,-1,0,-1,0.5,1.0,4,2,0,"[0, 0]"
517,"[-1.0, -1.0]",-1.0,-1.0,-1.0,"[-1623096208.996113, 0.0]","[1.0, 1.0]",1.0,1.0,1.6000919342041016,1623096211.277687,1,-1,0,-1,1.0,1.0,4,4,0,"[0, 0]"
518,"[-1.0, -1.0]",-1.0,-1.0,-1.0,"[-1623096209.81204, 0.0]","[1.0, 1.0]",1.0,1.0,3.866738796234131,1623096214.327656,1,-1,0,-1,0.8666666666666667,0.0,15,13,0,"[0, 0]"
519,"[-1.0, -1.0]",-1.0,-1.0,1.0,"[-1623096215.395076, 0.0]","[0.0, 0.0]",0.0,0.0,3.8665969371795654,1623096220.177603,1,-1,0,-1,0.5333333333333333,0.0,15,8,0,"[0, 0]"
520,"[-1.0, -1.0]",-1.0,-1.0,1.0,"[-1623096220.995256, 0.0]","[0.0, 0.0]",0.0,0.0,3.8666510581970215,1623096225.877426,1,-1,0,-1,0.6,0.0,15,9,0,"[0, 0]"
521,"[-1.0, -1.0]",-1.0,-1.0,1.0,"[-1623096227.079573, 0.0]","[0.0, 0.0]",0.0,0.0,3.8661701679229736,1623096233.2772758,1,-1,0,-1,0.4,0.0,15,6,0,"[0, 0]"
522,"[-1.0, -1.0]",-1.0,-1.0,1.0,"[-1623096234.1613011, 0.0]","[0.0, 0.0]",0.0,0.0,3.8837549686431885,1623096239.027292,1,-1,0,-1,0.8666666666666667,0.0,15,13,0,"[0, 0]"
523,"[1.0, -1.0]",1.0,-1.0,1.0,"[-1623096242.7611191, 0.0]","[1.0, 0.0]",1.0,0.0,1.367387056350708,1623096244.626524,1,-1,0,1,0.3333333333333333,1.0,3,1,0,"[0, 0]"
524,"[1.0, -1.0]",1.0,-1.0,1.0,"[-1623096242.8615851, 0.0]","[1.0, 0.0]",1.0,0.0,3.866663932800293,1623096247.41042,1,-1,0,1,0.6666666666666666,0.0,15,10,0,"[0, 0]"
525,"[1.0, -1.0]",1.0,-1.0,1.0,"[-1623096248.444264, 0.0]","[1.0, 0.0]",1.0,0.0,3.866852045059204,1623096253.110349,1,-1,0,1,0.8,0.0,15,12,0,"[0, 0]"
526,"[1.0, -1.0]",1.0,-1.0,1.0,"[-1623096254.0447822, 0.0]","[1.0, 0.0]",1.0,0.0,3.8666439056396484,1623096258.593589,1,-1,0,1,0.6,0.0,15,9,0,"[0, 0]"
527,"[1.0, -1.0]",1.0,-1.0,1.0,"[-1623096261.727472, 0.0]","[1.0, 0.0]",1.0,0.0,1.7668108940124512,1623096264.176867,1,-1,0,1,0.6,1.0,5,3,0,"[0, 0]"
528,"[1.0, -1.0]",1.0,-1.0,1.0,"[-1623096263.2111602, 0.0]","[1.0, 0.0]",1.0,0.0,3.8668007850646973,1623096267.776823,1,-1,0,1,0.6666666666666666,0.0,15,10,0,"[0, 0]"
529,"[1.0, -1.0]",1.0,-1.0,1.0,"[-1623096270.494314, 0.0]","[1.0, 0.0]",1.0,0.0,2.183372974395752,1623096273.5434,1,-1,0,1,0.7142857142857143,1.0,7,5,0,"[0, 0]"
530,"[1.0, -1.0]",1.0,-1.0,-1.0,"[-1623096272.894005, 0.0]","[0.0, 1.0]",0.0,1.0,3.8675589561462402,1623096277.409324,1,-1,0,1,0.6666666666666666,0.0,15,10,0,"[0, 0]"
531,"[1.0, -1.0]",1.0,-1.0,-1.0,"[-1623096278.494784, 0.0]","[0.0, 1.0]",0.0,1.0,3.8667819499969482,1623096283.476588,1,-1,0,1,0.7333333333333333,0.0,15,11,0,"[0, 0]"
532,"[-1.0, -1.0]",-1.0,-1.0,-1.0,"[-1623096284.593954, 0.0]","[1.0, 1.0]",1.0,1.0,3.8666839599609375,1623096289.8764842,1,-1,0,-1,0.9333333333333333,0.0,15,14,0,"[0, 0]"
533,"[-1.0, -1.0]",-1.0,-1.0,-1.0,"[-1623096290.7599611, 0.0]","[1.0, 1.0]",1.0,1.0,3.799978017807007,1623096295.4597309,1,-1,0,-1,1.0,1.0,15,15,0,"[0, 0]"
534,"[-1.0, -1.0]",-1.0,-1.0,-1.0,"[-1623096296.2774706, 0.0]","[1.0, 1.0]",1.0,1.0,3.8667712211608887,1623096300.943003,1,-1,0,-1,0.6666666666666666,0.0,15,10,0,"[0, 0]"
535,"[-1.0, -1.0]",-1.0,-1.0,-1.0,"[-1623096302.960719, 0.0]","[1.0, 1.0]",1.0,1.0,2.766803026199341,1623096306.792928,1,-1,0,-1,0.7,1.0,10,7,0,"[0, 0]"
536,"[-1.0, -1.0]",-1.0,-1.0,-1.0,"[-1623096308.3104048, 0.0]","[1.0, 1.0]",1.0,1.0,2.0001142024993896,1623096311.042065,1,-1,0,-1,0.3333333333333333,1.0,6,2,0,"[0, 0]"
537,"[-1.0, -1.0]",-1.0,-1.0,-1.0,"[-1623096310.0265112, 0.0]","[1.0, 1.0]",1.0,1.0,3.8666739463806152,1623096314.4427571,1,-1,0,-1,0.6,0.0,15,9,0,"[0, 0]"
538,"[-1.0, -1.0]",-1.0,-1.0,-1.0,"[-1623096315.6113126, 0.0]","[1.0, 1.0]",1.0,1.0,3.8665783405303955,1623096320.3760698,1,-1,0,-1,0.5333333333333333,0.0,15,8,0,"[0, 0]"
539,"[-1.0, -1.0]",-1.0,-1.0,-1.0,"[-1623096323.326112, 0.0]","[1.0, 1.0]",1.0,1.0,1.750856876373291,1623096325.941867,1,-1,0,-1,0.6,1.0,5,3,0,"[0, 0]"
540,"[-1.0, -1.0]",-1.0,-1.0,-1.0,"[-1623096324.7942078, 0.0]","[1.0, 1.0]",1.0,1.0,3.866589069366455,1623096329.625922,1,-1,0,-1,0.4,0.0,15,6,0,"[0, 0]"
541,"[-1.0, -1.0]",-1.0,-1.0,-1.0,"[-1623096330.6602237, 0.0]","[1.0, 1.0]",1.0,1.0,3.599942207336426,1623096335.2258718,1,-1,0,-1,0.5714285714285714,1.0,14,8,0,"[0, 0]"
542,"[-1.0, -1.0]",-1.0,-1.0,-1.0,"[-1623096337.893873, 0.0]","[1.0, 1.0]",1.0,1.0,1.9501159191131592,1623096340.425733,1,-1,0,-1,0.5,1.0,6,3,0,"[0, 0]"
543,"[-1.0, -1.0]",-1.0,-1.0,-1.0,"[-1623096342.260632, 0.0]","[1.0, 1.0]",1.0,1.0,1.1667499542236328,1623096344.0256472,1,-1,0,-1,0.5,1.0,2,1,0,"[0, 0]"
544,"[-1.0, -1.0]",-1.0,-1.0,1.0,"[-1623096342.1597793, 0.0]","[0.0, 0.0]",0.0,0.0,3.866689920425415,1623096346.592232,1,-1,0,-1,0.5333333333333333,0.0,15,8,0,"[0, 0]"
545,"[-1.0, -1.0]",-1.0,-1.0,1.0,"[-1623096347.74281, 0.0]","[0.0, 0.0]",0.0,0.0,3.8668270111083984,1623096352.242226,1,-1,0,-1,0.7333333333333333,0.0,15,11,0,"[0, 0]"
546,"[-1.0, -1.0]",-1.0,-1.0,1.0,"[-1623096353.343548, 0.0]","[0.0, 0.0]",0.0,0.0,3.8668909072875977,1623096357.808779,1,-1,0,-1,0.6,0.0,15,9,0,"[0, 0]"
547,"[-1.0, -1.0]",-1.0,-1.0,1.0,"[-1623096358.9429157, 0.0]","[0.0, 0.0]",0.0,0.0,3.8674612045288086,1623096363.5246809,1,-1,0,-1,0.6,0.0,15,9,0,"[0, 0]"
548,"[1.0, -1.0]",1.0,-1.0,1.0,"[-1623096366.043505, 0.0]","[1.0, 0.0]",1.0,0.0,2.3666670322418213,1623096369.125325,1,-1,0,1,1.0,1.0,8,8,0,"[0, 0]"
549,"[1.0, -1.0]",1.0,-1.0,1.0,"[-1623096370.4936628, 0.0]","[1.0, 0.0]",1.0,0.0,2.000113010406494,1623096373.141846,1,-1,0,1,0.5,1.0,6,3,0,"[0, 0]"
550,"[1.0, -1.0]",1.0,-1.0,1.0,"[-1623096374.792866, 0.0]","[1.0, 0.0]",1.0,0.0,1.283282995223999,1623096376.791948,1,-1,0,1,1.0,1.0,2,2,0,"[0, 0]"
551,"[1.0, -1.0]",1.0,-1.0,1.0,"[-1623096375.2933109, 0.0]","[1.0, 0.0]",1.0,0.0,3.8666880130767822,1623096379.591848,1,-1,0,1,0.7333333333333333,0.0,15,11,0,"[0, 0]"
552,"[1.0, -1.0]",1.0,-1.0,1.0,"[-1623096381.6585913, 0.0]","[1.0, 0.0]",1.0,0.0,2.600034713745117,1623096384.9750872,1,-1,0,1,1.0,1.0,9,9,0,"[0, 0]"
553,"[1.0, -1.0]",1.0,-1.0,1.0,"[-1623096384.5426836, 0.0]","[1.0, 0.0]",1.0,0.0,3.7831733226776123,1623096388.9750998,1,-1,0,1,0.3333333333333333,1.0,15,5,0,"[0, 0]"
554,"[1.0, -1.0]",1.0,-1.0,1.0,"[-1623096392.77668, 0.0]","[1.0, 0.0]",1.0,0.0,1.150007963180542,1623096394.441542,1,-1,0,1,1.0,1.0,2,2,0,"[0, 0]"
555,"[1.0, -1.0]",1.0,-1.0,1.0,"[-1623096394.043083, 0.0]","[1.0, 0.0]",1.0,0.0,2.466714859008789,1623096397.174885,1,-1,0,1,0.625,1.0,8,5,0,"[0, 0]"
556,"[1.0, -1.0]",1.0,-1.0,-1.0,"[-1623096396.7096732, 0.0]","[0.0, 1.0]",0.0,1.0,3.883394956588745,1623096401.1915112,1,-1,0,1,0.4666666666666667,0.0,15,7,0,"[0, 0]"
557,"[1.0, -1.0]",1.0,-1.0,-1.0,"[-1623096402.325336, 0.0]","[0.0, 1.0]",0.0,1.0,3.8677330017089844,1623096406.957081,1,-1,0,1,0.8666666666666667,0.0,15,13,0,"[0, 0]"
558,"[1.0, -1.0]",1.0,-1.0,-1.0,"[-1623096407.925963, 0.0]","[0.0, 1.0]",0.0,1.0,3.866763114929199,1623096412.8745909,1,-1,0,1,0.4666666666666667,0.0,15,7,0,"[0, 0]"
559,"[1.0, -1.0]",1.0,-1.0,-1.0,"[-1623096414.026246, 0.0]","[0.0, 1.0]",0.0,1.0,3.866652011871338,1623096418.6579251,1,-1,0,1,0.6,0.0,15,9,0,"[0, 0]"
560,"[1.0, -1.0]",1.0,-1.0,-1.0,"[-1623096419.6258569, 0.0]","[0.0, 1.0]",0.0,1.0,3.8667380809783936,1623096424.207846,1,-1,0,1,0.5333333333333333,0.0,15,8,0,"[0, 0]"
561,"[-1.0, -1.0]",-1.0,-1.0,-1.0,"[-1623096425.29244, 0.0]","[1.0, 1.0]",1.0,1.0,3.7833731174468994,1623096429.7909539,1,-1,0,-1,0.7333333333333333,1.0,15,11,0,"[0, 0]"
562,"[-1.0, -1.0]",-1.0,-1.0,-1.0,"[-1623096432.875407, 0.0]","[1.0, 1.0]",1.0,1.0,1.8000380992889404,1623096435.341001,1,-1,0,-1,0.8,1.0,5,4,0,"[0, 0]"
563,"[-1.0, -1.0]",-1.0,-1.0,-1.0,"[-1623096436.9257274, 0.0]","[1.0, 1.0]",1.0,1.0,1.3501477241516113,1623096438.7575521,1,-1,0,-1,1.0,1.0,3,3,0,"[0, 0]"
564,"[-1.0, -1.0]",-1.0,-1.0,-1.0,"[-1623096438.2420013, 0.0]","[1.0, 1.0]",1.0,1.0,2.6166489124298096,1623096441.557545,1,-1,0,-1,0.6666666666666666,1.0,9,6,0,"[0, 0]"
565,"[-1.0, -1.0]",-1.0,-1.0,-1.0,"[-1623096441.5752077, 0.0]","[1.0, 1.0]",1.0,1.0,3.3666722774505615,1623096445.624127,1,-1,0,-1,0.5384615384615384,1.0,13,7,0,"[0, 0]"
566,"[-1.0, -1.0]",-1.0,-1.0,-1.0,"[-1623096447.992397, 0.0]","[1.0, 1.0]",1.0,1.0,2.0332589149475098,1623096450.5741389,1,-1,0,-1,0.6666666666666666,1.0,6,4,0,"[0, 0]"
567,"[-1.0, -1.0]",-1.0,-1.0,-1.0,"[-1623096452.442286, 0.0]","[1.0, 1.0]",1.0,1.0,1.166722059249878,1623096454.040694,1,-1,0,-1,1.0,1.0,2,2,0,"[0, 0]"
568,"[-1.0, -1.0]",-1.0,-1.0,-1.0,"[-1623096452.325414, 0.0]","[1.0, 1.0]",1.0,1.0,3.866776943206787,1623096456.623919,1,-1,0,-1,0.4,0.0,15,6,0,"[0, 0]"
569,"[-1.0, -1.0]",-1.0,-1.0,-1.0,"[-1623096459.675443, 0.0]","[1.0, 1.0]",1.0,1.0,1.6166279315948486,1623096462.057301,1,-1,0,-1,1.0,1.0,4,4,0,"[0, 0]"
570,"[-1.0, -1.0]",-1.0,-1.0,1.0,"[-1623096460.4901028, 0.0]","[0.0, 0.0]",0.0,0.0,3.8840370178222656,1623096465.073073,1,-1,0,-1,0.5333333333333333,0.0,15,8,0,"[0, 0]"
571,"[-1.0, -1.0]",-1.0,-1.0,1.0,"[-1623096466.0918744, 0.0]","[0.0, 0.0]",0.0,0.0,3.866806745529175,1623096470.573765,1,-1,0,-1,0.8,0.0,15,12,0,"[0, 0]"
572,"[-1.0, -1.0]",-1.0,-1.0,1.0,"[-1623096471.6909862, 0.0]","[0.0, 0.0]",0.0,0.0,3.8668110370635986,1623096476.373648,1,-1,0,-1,0.5333333333333333,0.0,15,8,0,"[0, 0]"
573,"[1.0, -1.0]",1.0,-1.0,1.0,"[-1623096479.9914832, 0.0]","[1.0, 0.0]",1.0,0.0,1.16672682762146,1623096481.956921,1,-1,0,1,0.5,1.0,2,1,0,"[0, 0]"
574,"[1.0, -1.0]",1.0,-1.0,1.0,"[-1623096482.875102, 0.0]","[1.0, 0.0]",1.0,0.0,1.3666698932647705,1623096484.85697,1,-1,0,1,1.0,1.0,3,3,0,"[0, 0]"
575,"[1.0, -1.0]",1.0,-1.0,1.0,"[-1623096484.558507, 0.0]","[1.0, 0.0]",1.0,0.0,2.783297061920166,1623096487.806904,1,-1,0,1,0.5,1.0,10,5,0,"[0, 0]"
576,"[1.0, -1.0]",1.0,-1.0,1.0,"[-1623096488.6748276, 0.0]","[1.0, 0.0]",1.0,0.0,2.7663443088531494,1623096492.0893078,1,-1,0,1,0.5,1.0,10,5,0,"[0, 0]"
577,"[1.0, -1.0]",1.0,-1.0,1.0,"[-1623096495.0564177, 0.0]","[1.0, 0.0]",1.0,0.0,0.9676573276519775,1623096496.4558349,1,-1,0,1,1.0,1.0,1,1,0,"[0, 0]"
578,"[1.0, -1.0]",1.0,-1.0,1.0,"[-1623096494.9410589, 0.0]","[1.0, 0.0]",1.0,0.0,3.1667580604553223,1623096498.823337,1,-1,0,1,0.5833333333333334,1.0,12,7,0,"[0, 0]"
579,"[1.0, -1.0]",1.0,-1.0,1.0,"[-1623096500.8248699, 0.0]","[1.0, 0.0]",1.0,0.0,2.366737127304077,1623096503.806608,1,-1,0,1,1.0,1.0,8,8,0,"[0, 0]"
580,"[1.0, -1.0]",1.0,-1.0,1.0,"[-1623096505.7074041, 0.0]","[1.0, 0.0]",1.0,0.0,1.56732177734375,1623096507.789185,1,-1,0,1,0.5,1.0,4,2,0,"[0, 0]"
581,"[1.0, -1.0]",1.0,-1.0,1.0,"[-1623096509.407983, 0.0]","[1.0, 0.0]",1.0,0.0,0.9666907787322998,1623096511.039844,1,-1,0,1,1.0,1.0,1,1,0,"[0, 0]"
582,"[1.0, -1.0]",1.0,-1.0,1.0,"[-1623096509.107925, 0.0]","[1.0, 0.0]",1.0,0.0,3.866795063018799,1623096513.623074,1,-1,0,1,0.8,0.0,15,12,0,"[0, 0]"
583,"[1.0, -1.0]",1.0,-1.0,1.0,"[-1623096516.624502, 0.0]","[1.0, 0.0]",1.0,0.0,1.9500410556793213,1623096519.222987,1,-1,0,1,0.8333333333333334,1.0,6,5,0,"[0, 0]"
584,"[1.0, -1.0]",1.0,-1.0,1.0,"[-1623096520.2078593, 0.0]","[1.0, 0.0]",1.0,0.0,1.9666597843170166,1623096522.906413,1,-1,0,1,0.16666666666666666,1.0,6,1,0,"[0, 0]"
585,"[1.0, -1.0]",1.0,-1.0,1.0,"[-1623096523.607385, 0.0]","[1.0, 0.0]",1.0,0.0,2.1500771045684814,1623096526.522909,1,-1,0,1,0.7142857142857143,1.0,7,5,0,"[0, 0]"
586,"[1.0, -1.0]",1.0,-1.0,1.0,"[-1623096527.2585123, 0.0]","[1.0, 0.0]",1.0,0.0,2.582535743713379,1623096530.406259,1,-1,0,1,0.5555555555555556,1.0,9,5,0,"[0, 0]"
587,"[1.0, -1.0]",1.0,-1.0,-1.0,"[-1623096530.074332, 0.0]","[0.0, 1.0]",0.0,1.0,3.8666939735412598,1623096534.439465,1,-1,0,1,0.6666666666666666,0.0,15,10,0,"[0, 0]"
588,"[1.0, -1.0]",1.0,-1.0,-1.0,"[-1623096535.156787, 0.0]","[0.0, 1.0]",0.0,1.0,3.866698980331421,1623096539.7727501,1,-1,0,1,0.4666666666666667,0.0,15,7,0,"[0, 0]"
589,"[1.0, -1.0]",1.0,-1.0,-1.0,"[-1623096540.739785, 0.0]","[0.0, 1.0]",0.0,1.0,3.8666622638702393,1623096545.2561128,1,-1,0,1,0.8,0.0,15,12,0,"[0, 0]"
590,"[-1.0, -1.0]",-1.0,-1.0,-1.0,"[-1623096546.3406541, 0.0]","[1.0, 1.0]",1.0,1.0,3.866757869720459,1623096550.805869,1,-1,0,-1,0.5333333333333333,0.0,15,8,0,"[0, 0]"
591,"[-1.0, -1.0]",-1.0,-1.0,-1.0,"[-1623096551.940644, 0.0]","[1.0, 1.0]",1.0,1.0,3.866595983505249,1623096556.422611,1,-1,0,-1,0.7333333333333333,0.0,15,11,0,"[0, 0]"
592,"[1.0, -1.0]",1.0,-1.0,-1.0,"[-1623096557.524041, 0.0]","[0.0, 1.0]",0.0,1.0,3.88319993019104,1623096562.205777,1,-1,0,1,0.7333333333333333,0.0,15,11,0,"[0, 0]"
593,"[1.0, -1.0]",1.0,-1.0,-1.0,"[-1623096563.1400652, 0.0]","[0.0, 1.0]",0.0,1.0,3.8667619228363037,1623096567.838919,1,-1,0,1,0.4,0.0,15,6,0,"[0, 0]"
594,"[-1.0, -1.0]",-1.0,-1.0,-1.0,"[-1623096569.588212, 0.0]","[1.0, 1.0]",1.0,1.0,3.0008530616760254,1623096573.2380438,1,-1,0,-1,0.8181818181818182,1.0,11,9,0,"[0, 0]"
595,"[-1.0, -1.0]",-1.0,-1.0,-1.0,"[-1623096575.790481, 0.0]","[1.0, 1.0]",1.0,1.0,1.383315086364746,1623096577.788804,1,-1,0,-1,0.6666666666666666,1.0,3,2,0,"[0, 0]"
596,"[-1.0, -1.0]",-1.0,-1.0,-1.0,"[-1623096576.390381, 0.0]","[1.0, 1.0]",1.0,1.0,3.866576910018921,1623096580.888748,1,-1,0,-1,0.6666666666666666,0.0,15,10,0,"[0, 0]"
597,"[-1.0, -1.0]",-1.0,-1.0,-1.0,"[-1623096584.690081, 0.0]","[1.0, 1.0]",1.0,1.0,1.1667490005493164,1623096586.738647,1,-1,0,-1,1.0,1.0,2,2,0,"[0, 0]"
598,"[-1.0, -1.0]",-1.0,-1.0,-1.0,"[-1623096585.3736298, 0.0]","[1.0, 1.0]",1.0,1.0,3.566563129425049,1623096589.838642,1,-1,0,-1,0.5714285714285714,1.0,14,8,0,"[0, 0]"
599,"[-1.0, -1.0]",-1.0,-1.0,1.0,"[-1623096590.6568167, 0.0]","[0.0, 0.0]",0.0,0.0,3.883270263671875,1623096595.3052218,1,-1,0,-1,0.6666666666666666,0.0,15,10,0,"[0, 0]"
