,Unnamed: 0,trial_idx,agent_choices,choice_a0,choice_a1,better_choice,correct_a0,correct_a1,correct_choices,navigation_init_time,navigation_init_idx,navigation_end_time,observer,player,player_choice,observer_choice,poll_probs,prop_touched_polls,reaction_time,reward,reward_time,total_polls,touched_polls,trial_aborted,trial_duration,history,pos_in_block,switched
0,0,0,[-1.0],-1.0,0,-1.0,1.0,0,[1.0],1668088374.106655,161,7.848000049591064,1,0,-1,0,0.15,0.6,[1.8817830085754395],1.0,7.848000049591064,15,9,0,8.347519874572754,1R,0.0,1.0
1,1,1,[-1.0],-1.0,0,-1.0,1.0,0,[1.0],1668088383.38996,118,3.76669192314148,1,0,-1,0,0.15,0.6,[1.166672945022583],1.0,3.76669192314148,5,3,0,4.267000913619995,1R,1.0,1.0
2,2,2,[1.0],1.0,0,-1.0,-1.0,0,[-1.0],1668088389.338905,130,7.266443729400635,1,0,1,0,0.0,0.6666666666666666,[1.366243839263916],0.0,7.266443729400635,15,10,0,7.764951705932617,,,
3,3,3,[1.0],1.0,0,-1.0,-1.0,0,[-1.0],1668088398.439033,112,7.06569766998291,1,0,1,0,0.0,0.7333333333333333,[1.0665137767791748],0.0,7.06569766998291,15,11,0,7.565081834793091,,,
4,4,4,[-1.0],-1.0,0,-1.0,1.0,0,[1.0],1668088410.004852,255,9.350396156311035,1,0,-1,0,0.15,0.5333333333333333,[3.4499189853668213],0.0,9.350396156311035,15,8,0,9.849103212356567,,,
5,5,5,[1.0],1.0,0,-1.0,-1.0,0,[-1.0],1668088419.3701088,123,7.199678182601929,1,0,1,0,0.0,0.6,[1.2494573593139648],0.0,7.199678182601929,15,9,0,7.698718309402466,,,
6,6,6,[-1.0],-1.0,0,-1.0,1.0,0,[1.0],1668088430.8691862,254,9.532788038253784,1,0,-1,0,0.15,0.4666666666666667,[3.432729959487915],0.0,9.532788038253784,15,7,0,10.03259301185608,,,
7,7,7,[1.0],1.0,0,-1.0,-1.0,0,[-1.0],1668088440.468659,124,7.366605758666992,1,0,1,0,0.0,0.6,[1.2663989067077637],0.0,7.366605758666992,15,9,0,7.866948843002319,,,
8,8,8,[-1.0],-1.0,0,-1.0,1.0,0,[1.0],1668088450.584338,160,3.44966197013855,1,0,-1,0,0.15,0.5,[1.882176160812378],1.0,3.44966197013855,2,1,0,3.948681116104126,1R,8.0,1.0
9,9,9,[-1.0],-1.0,0,-1.0,1.0,0,[1.0],1668088455.1848152,111,5.282255172729492,1,0,-1,0,0.15,0.8,[1.0493249893188477],1.0,5.282255172729492,10,8,0,5.782045841217041,1R,9.0,1.0
10,10,10,[-1.0],-1.0,0,-1.0,1.0,0,[1.0],1668088462.484038,109,3.0619089603424072,1,0,-1,0,0.15,1.0,[1.0157840251922607],1.0,3.0619089603424072,3,3,0,3.561484098434448,1R,10.0,1.0
11,11,11,[-1.0],-1.0,0,1.0,-1.0,0,[-1.0],1668088468.42959,164,7.832984685897827,1,0,-1,0,0.0,0.6666666666666666,[1.9323468208312988],0.0,7.832984685897827,15,10,0,8.331998825073242,1NR,11.0,1.0
12,12,12,[1.0],1.0,0,1.0,1.0,0,[1.0],1668088477.67853,119,4.8501598834991455,1,0,1,0,0.15,0.625,[1.2000796794891357],1.0,4.8501598834991455,8,5,0,5.349352836608887,1R,0.0,1.0
13,13,13,[1.0],1.0,0,1.0,1.0,0,[1.0],1668088484.678876,127,4.583014249801636,1,0,1,0,0.15,0.5714285714285714,[1.3160481452941895],1.0,4.583014249801636,7,4,0,5.08270001411438,1R,1.0,1.0
14,14,14,[1.0],1.0,0,1.0,1.0,0,[1.0],1668088491.277444,127,4.549673080444336,1,0,1,0,0.15,0.5714285714285714,[1.315338134765625],1.0,4.549673080444336,7,4,0,5.048427104949951,1R,2.0,1.0
15,15,15,[1.0],1.0,0,1.0,1.0,0,[1.0],1668088497.54392,109,4.916987180709839,1,0,1,0,0.15,0.6666666666666666,[1.0172710418701172],1.0,4.916987180709839,9,6,0,5.415765047073364,1R,3.0,1.0
16,16,16,[1.0],1.0,0,1.0,1.0,0,[1.0],1668088505.076465,143,7.215035915374756,1,0,1,0,0.15,0.5714285714285714,[1.5817508697509766],1.0,7.215035915374756,14,8,0,7.714548110961914,1R,4.0,1.0
17,17,17,[1.0],1.0,0,1.0,1.0,0,[1.0],1668088513.842798,108,7.099090814590454,1,0,1,0,0.15,0.4666666666666667,[0.9999399185180664],0.0,7.099090814590454,15,7,0,7.598716735839844,1NR,5.0,1.0
18,18,18,[1.0],1.0,0,1.0,1.0,0,[1.0],1668088523.2585669,120,2.833981990814209,1,0,1,0,0.15,0.5,[1.199841022491455],1.0,2.833981990814209,2,1,0,3.335745096206665,1R,6.0,1.0
19,19,19,[1.0],1.0,0,1.0,1.0,0,[1.0],1668088528.324785,137,4.38268518447876,1,0,1,0,0.15,0.6666666666666666,[1.482201099395752],1.0,4.38268518447876,6,4,0,4.881469249725342,1R,7.0,1.0
20,20,20,[1.0],1.0,0,1.0,1.0,0,[1.0],1668088534.2085068,106,2.867027282714844,1,0,1,0,0.15,1.0,[0.9663138389587402],1.0,2.867027282714844,3,3,0,3.366644859313965,1R,8.0,1.0
21,21,21,[1.0],1.0,0,1.0,1.0,0,[1.0],1668088539.574049,138,7.515543699264526,1,0,1,0,0.15,0.4666666666666667,[1.4994208812713623],0.0,7.515543699264526,15,7,0,8.016011953353882,1NR,9.0,1.0
22,22,22,[1.0],1.0,0,1.0,1.0,0,[1.0],1668088548.773397,111,2.999868869781494,1,0,1,0,0.15,0.3333333333333333,[1.0490319728851318],1.0,2.999868869781494,3,1,0,3.5001049041748047,1R,10.0,1.0
23,23,23,[1.0],1.0,0,1.0,1.0,0,[1.0],1668088553.723225,110,5.982187986373901,1,0,1,0,0.15,0.8333333333333334,[1.032378911972046],1.0,5.982187986373901,12,10,0,6.481635808944702,1R,11.0,1.0
24,24,24,[1.0],1.0,0,1.0,1.0,0,[1.0],1668088561.7227,106,2.5331709384918213,1,0,1,0,0.15,0.5,[0.9661867618560791],1.0,2.5331709384918213,2,1,0,3.0325069427490234,1R,12.0,1.0
25,25,25,[1.0],1.0,0,1.0,1.0,0,[1.0],1668088566.205424,106,6.882761001586914,1,0,1,0,0.15,0.8666666666666667,[0.9658911228179932],0.0,6.882761001586914,15,13,0,7.382093191146851,1NR,13.0,1.0
26,26,26,[1.0],1.0,0,1.0,1.0,0,[1.0],1668088576.238062,168,4.566393136978149,1,0,1,0,0.15,0.4,[1.9997830390930176],1.0,4.566393136978149,5,2,0,5.066165924072266,1R,14.0,1.0
27,27,27,[1.0],1.0,0,-1.0,-1.0,0,[-1.0],1668088581.938126,115,7.21513819694519,1,0,1,0,0.0,0.6,[1.1158173084259033],0.0,7.21513819694519,15,9,0,7.71475625038147,1NR,15.0,1.0
28,28,28,[1.0],1.0,0,-1.0,-1.0,0,[-1.0],1668088591.120194,106,7.066126823425293,1,0,1,0,0.0,0.6,[0.9656898975372314],0.0,7.066126823425293,15,9,0,7.565255880355835,2NR,16.0,1.0
29,29,29,[-1.0],-1.0,0,-1.0,1.0,0,[1.0],1668088600.520076,119,3.0829591751098637,1,0,-1,0,0.15,0.6666666666666666,[1.182600975036621],1.0,3.0829591751098637,3,2,0,3.582166910171509,1R,0.0,1.0
30,30,30,[-1.0],-1.0,0,-1.0,1.0,0,[1.0],1668088605.602619,121,4.152842044830322,1,0,-1,0,0.15,0.8333333333333334,[1.2158021926879883],1.0,4.152842044830322,6,5,0,4.651848077774048,1R,1.0,1.0
31,31,31,[-1.0],-1.0,0,-1.0,1.0,0,[1.0],1668088613.519135,227,6.566377878189087,1,0,-1,0,0.15,0.875,[2.98360276222229],1.0,6.566377878189087,8,7,0,7.066098928451538,1R,2.0,1.0
32,32,32,[-1.0],-1.0,0,-1.0,1.0,0,[1.0],1668088621.401734,179,3.4161298274993896,1,0,-1,0,0.15,1.0,[2.1827878952026367],1.0,3.4161298274993896,1,1,0,3.916114091873169,1R,3.0,1.0
33,33,33,[1.0],1.0,0,-1.0,-1.0,0,[-1.0],1668088625.5848188,106,6.881192922592163,1,0,1,0,0.0,0.7333333333333333,[0.966588020324707],0.0,6.881192922592163,15,11,0,7.382550001144409,,,
34,34,34,[-1.0],-1.0,0,-1.0,1.0,0,[1.0],1668088635.417412,157,7.716670036315918,1,0,-1,0,0.15,0.6,[1.8194169998168945],0.0,7.716670036315918,15,9,0,8.216122150421143,,,
35,35,35,[1.0],1.0,0,-1.0,-1.0,0,[-1.0],1668088644.433272,106,7.066677093505859,1,0,1,0,0.0,0.3333333333333333,[0.9660768508911133],0.0,7.066677093505859,15,5,0,7.565618991851807,,,
36,36,36,[1.0],1.0,0,-1.0,-1.0,0,[-1.0],1668088653.682843,110,7.148464202880859,1,0,1,0,0.0,0.6666666666666666,[1.0328991413116455],0.0,7.148464202880859,15,10,0,7.648866176605225,,,
37,37,37,[-1.0],-1.0,0,-1.0,1.0,0,[1.0],1668088663.9320052,169,8.115379095077515,1,0,-1,0,0.15,0.4666666666666667,[2.0159780979156494],0.0,8.115379095077515,15,7,0,8.615356206893921,,,
38,38,38,[1.0],1.0,0,1.0,1.0,0,[1.0],1668088673.9646158,154,4.666455984115601,1,0,1,0,0.15,0.6666666666666666,[1.766550064086914],1.0,4.666455984115601,6,4,0,5.165996789932251,1R,0.0,1.0
39,39,39,[1.0],1.0,0,1.0,1.0,0,[1.0],1668088679.964304,112,5.0009849071502686,1,0,1,0,0.15,0.6666666666666666,[1.066288709640503],1.0,5.0009849071502686,9,6,0,5.501068830490112,1R,1.0,1.0
40,40,40,[1.0],1.0,0,1.0,1.0,0,[1.0],1668088687.2972522,130,2.9337799549102783,1,0,1,0,0.15,0.5,[1.3674371242523193],1.0,2.9337799549102783,2,1,0,3.434608221054077,1R,2.0,1.0
41,41,41,[1.0],1.0,0,1.0,1.0,0,[1.0],1668088692.513311,149,3.349317789077759,1,0,1,0,0.15,0.5,[1.6832489967346191],1.0,3.349317789077759,2,1,0,3.849130868911743,1R,3.0,1.0
42,42,42,[1.0],1.0,0,1.0,1.0,0,[1.0],1668088697.2463748,113,2.7162928581237797,1,0,1,0,0.15,1.0,[1.0840117931365967],1.0,2.7162928581237797,2,2,0,3.215989828109741,1R,4.0,1.0
43,43,43,[1.0],1.0,0,1.0,1.0,0,[1.0],1668088704.663027,278,8.415830612182617,1,0,1,0,0.15,0.5454545454545454,[3.834017753601074],1.0,8.415830612182617,11,6,0,8.915323734283447,1R,5.0,1.0
44,44,44,[1.0],1.0,0,1.0,1.0,0,[1.0],1668088713.0288398,144,5.849278926849365,1,0,1,0,0.15,0.6,[1.599315881729126],1.0,5.849278926849365,10,6,0,6.34893798828125,1R,6.0,1.0
45,45,45,[1.0],1.0,0,1.0,1.0,0,[1.0],1668088721.31129,165,8.048731327056885,1,0,1,0,0.15,0.6666666666666666,[1.9496471881866455],0.0,8.048731327056885,15,10,0,8.548455238342285,1NR,7.0,1.0
46,46,46,[-1.0],-1.0,0,1.0,-1.0,0,[-1.0],1668088733.34396,273,9.86663818359375,1,0,-1,0,0.0,0.5333333333333333,[3.7502052783966064],0.0,9.86663818359375,15,8,0,10.366111040115356,,,
47,47,47,[-1.0],-1.0,0,1.0,-1.0,0,[-1.0],1668088743.4263182,153,7.64973783493042,1,0,-1,0,0.0,0.6,[1.7506070137023926],0.0,7.64973783493042,15,9,0,8.149486064910889,,,
48,48,48,[1.0],1.0,0,1.0,1.0,0,[1.0],1668088753.009254,140,7.5165510177612305,1,0,1,0,0.15,0.5333333333333333,[1.5349550247192383],0.0,7.5165510177612305,15,8,0,8.016495943069458,,,
49,49,49,[1.0],1.0,0,1.0,1.0,0,[1.0],1668088762.67532,140,4.768063068389893,1,0,1,0,0.15,0.7142857142857143,[1.532848834991455],1.0,4.768063068389893,7,5,0,5.267025947570801,1R,11.0,1.0
50,50,50,[1.0],1.0,0,1.0,1.0,0,[1.0],1668088769.225107,125,4.849637031555176,1,0,1,0,0.15,0.5,[1.282940149307251],1.0,4.849637031555176,8,4,0,5.349239110946655,1R,12.0,1.0
51,51,51,[1.0],1.0,0,1.0,1.0,0,[1.0],1668088775.790879,106,3.266878128051758,1,0,1,0,0.15,0.25,[0.9665858745574951],1.0,3.266878128051758,4,1,0,3.766618251800537,1R,13.0,1.0
52,52,52,[1.0],1.0,0,1.0,1.0,0,[1.0],1668088781.123917,111,7.165801048278809,1,0,1,0,0.15,0.6666666666666666,[1.0490119457244873],0.0,7.165801048278809,15,10,0,7.666640043258667,1NR,14.0,1.0
53,53,53,[1.0],1.0,0,1.0,1.0,0,[1.0],1668088790.456348,113,3.682852983474731,1,0,1,0,0.15,0.6,[1.0833189487457275],1.0,3.682852983474731,5,3,0,4.182783842086792,1R,15.0,1.0
54,54,54,[1.0],1.0,0,1.0,1.0,0,[1.0],1668088797.022594,167,8.08311414718628,1,0,1,0,0.15,0.6,[1.984990119934082],0.0,8.08311414718628,15,9,0,8.583116054534912,1NR,16.0,1.0
55,55,55,[-1.0],-1.0,0,1.0,-1.0,0,[-1.0],1668088807.8219829,200,8.649104118347168,1,0,-1,0,0.0,0.7333333333333333,[2.533398151397705],0.0,8.649104118347168,15,11,0,9.14935302734375,,,
56,56,56,[1.0],1.0,0,-1.0,-1.0,0,[-1.0],1668088817.0877812,106,7.066777944564819,1,0,1,0,0.0,0.6,[0.9664821624755859],0.0,7.066777944564819,15,9,0,7.565930843353271,,,
57,57,57,[-1.0],-1.0,0,-1.0,1.0,0,[1.0],1668088827.438008,176,8.032023906707764,1,0,-1,0,0.15,0.7333333333333333,[2.1331467628479004],0.0,8.032023906707764,15,11,0,8.532000064849854,,,
58,58,58,[1.0],1.0,0,-1.0,-1.0,0,[-1.0],1668088836.5370932,109,6.915183067321777,1,0,1,0,0.0,0.6,[1.0156891345977783],0.0,6.915183067321777,15,9,0,7.414867162704468,,,
59,59,59,[1.0],1.0,0,-1.0,-1.0,0,[-1.0],1668088845.587338,110,6.9331560134887695,1,0,1,0,0.0,0.6666666666666666,[1.0331859588623047],0.0,6.9331560134887695,15,10,0,7.432724952697754,,,
60,60,60,[1.0],1.0,0,-1.0,-1.0,0,[-1.0],1668088855.302625,150,7.815741062164307,1,0,1,0,0.0,0.5333333333333333,[1.7000491619110107],0.0,7.815741062164307,15,8,0,8.316004037857056,,,
61,61,61,[-1.0],-1.0,0,-1.0,1.0,0,[1.0],1668088865.2854028,151,3.2827579975128174,1,0,-1,0,0.15,0.5,[1.7158780097961426],1.0,3.2827579975128174,2,1,0,3.782325983047485,1R,0.0,1.0
62,62,62,[-1.0],-1.0,0,-1.0,1.0,0,[1.0],1668088870.668395,158,7.933377027511597,1,0,-1,0,0.15,0.7333333333333333,[1.8351950645446777],0.0,7.933377027511597,15,11,0,8.433645248413086,1NR,1.0,1.0
63,63,63,[-1.0],-1.0,0,-1.0,1.0,0,[1.0],1668088880.866548,164,8.04892110824585,1,0,-1,0,0.15,0.6666666666666666,[1.9325790405273438],0.0,8.04892110824585,15,10,0,8.548334121704102,2NR,2.0,1.0
64,64,64,[1.0],1.0,0,-1.0,-1.0,0,[-1.0],1668088890.599576,135,7.465395927429199,1,0,1,0,0.0,0.7333333333333333,[1.4493098258972168],0.0,7.465395927429199,15,11,0,7.964754819869995,,,
65,65,65,[1.0],1.0,0,-1.0,-1.0,0,[-1.0],1668088900.3331509,143,7.681812047958374,1,0,1,0,0.0,0.6,[1.5823030471801758],0.0,7.681812047958374,15,9,0,8.180815935134888,,,
66,66,66,[-1.0],-1.0,0,-1.0,1.0,0,[1.0],1668088910.482357,161,6.482931852340698,1,0,-1,0,0.15,0.8181818181818182,[1.8825700283050537],1.0,6.482931852340698,11,9,0,6.982700109481812,1R,5.0,1.0
67,67,67,[-1.0],-1.0,0,-1.0,1.0,0,[1.0],1668088918.314233,117,2.4167957305908203,1,0,-1,0,0.15,1.0,[1.1496787071228027],1.0,2.4167957305908203,1,1,0,2.917037010192871,1R,6.0,1.0
68,68,68,[-1.0],-1.0,0,-1.0,1.0,0,[1.0],1668088922.730742,120,7.299113035202026,1,0,-1,0,0.15,0.6,[1.1991698741912842],0.0,7.299113035202026,15,9,0,7.798934936523437,1NR,7.0,1.0
69,69,69,[-1.0],-1.0,0,-1.0,1.0,0,[1.0],1668088932.996581,170,7.665978908538818,1,0,-1,0,0.15,0.7142857142857143,[2.033090114593506],1.0,7.665978908538818,14,10,0,8.165537118911743,1R,8.0,1.0
70,70,70,[-1.0],-1.0,0,-1.0,1.0,0,[1.0],1668088941.829191,111,2.9671759605407715,1,0,-1,0,0.15,0.3333333333333333,[1.0499989986419678],1.0,2.9671759605407715,3,1,0,3.466459035873413,1R,9.0,1.0
71,71,71,[-1.0],-1.0,0,-1.0,1.0,0,[1.0],1668088948.395817,209,4.949428081512451,1,0,-1,0,0.15,0.5,[2.6829702854156494],1.0,4.949428081512451,4,2,0,5.44914698600769,1R,10.0,1.0
72,72,72,[-1.0],-1.0,0,-1.0,1.0,0,[1.0],1668088955.445278,212,8.316908597946167,1,0,-1,0,0.15,0.5714285714285714,[2.7333858013153076],1.0,8.316908597946167,14,8,0,8.815618753433228,1R,11.0,1.0
73,73,73,[-1.0],-1.0,0,-1.0,1.0,0,[1.0],1668088966.2277818,229,8.915696144104004,1,0,-1,0,0.15,0.5333333333333333,[3.0180091857910156],0.0,8.915696144104004,15,8,0,9.41501808166504,1NR,12.0,1.0
74,74,74,[1.0],1.0,0,-1.0,-1.0,0,[-1.0],1668088975.560617,122,7.134176969528198,1,0,1,0,0.0,0.6666666666666666,[1.2342259883880615],0.0,7.134176969528198,15,10,0,7.632314920425415,,,
75,75,75,[1.0],1.0,0,1.0,1.0,0,[1.0],1668088984.5436978,106,2.883372068405152,1,0,1,0,0.15,0.3333333333333333,[0.9665868282318115],1.0,2.883372068405152,3,1,0,3.383039951324463,1R,0.0,1.0
76,76,76,[1.0],1.0,0,1.0,1.0,0,[1.0],1668088989.4262478,108,2.8994688987731934,1,0,1,0,0.15,0.3333333333333333,[1.0009808540344238],1.0,2.8994688987731934,3,1,0,3.399005889892578,1R,1.0,1.0
77,77,77,[1.0],1.0,0,1.0,1.0,0,[1.0],1668088994.392543,114,4.332436800003052,1,0,1,0,0.15,0.5714285714285714,[1.0993247032165527],1.0,4.332436800003052,7,4,0,4.832023620605469,1R,2.0,1.0
78,78,78,[1.0],1.0,0,1.0,1.0,0,[1.0],1668089000.742151,114,3.667093992233277,1,0,1,0,0.15,0.6,[1.0998589992523193],1.0,3.667093992233277,5,3,0,4.166640281677246,1R,3.0,1.0
79,79,79,[1.0],1.0,0,1.0,1.0,0,[1.0],1668089006.85794,142,4.5493597984313965,1,0,1,0,0.15,0.6666666666666666,[1.5662298202514648],1.0,4.5493597984313965,6,4,0,5.049165010452271,1R,4.0,1.0
80,80,80,[1.0],1.0,0,1.0,1.0,0,[1.0],1668089013.057698,119,3.1162359714508057,1,0,1,0,0.15,0.6666666666666666,[1.1827011108398438],1.0,3.1162359714508057,3,2,0,3.616358757019043,1R,5.0,1.0
81,81,81,[1.0],1.0,0,1.0,1.0,0,[1.0],1668089017.975204,110,5.016646146774292,1,0,1,0,0.15,0.8888888888888888,[1.0331711769104004],1.0,5.016646146774292,9,8,0,5.516035079956055,1R,6.0,1.0
82,82,82,[1.0],1.0,0,1.0,1.0,0,[1.0],1668089025.07335,113,4.3495707511901855,1,0,1,0,0.15,0.2857142857142857,[1.082364797592163],1.0,4.3495707511901855,7,2,0,4.8484368324279785,1R,7.0,1.0
83,83,83,[1.0],1.0,0,1.0,1.0,0,[1.0],1668089031.789707,134,4.9998040199279785,1,0,1,0,0.15,0.5,[1.4335277080535889],1.0,4.9998040199279785,8,4,0,5.499491930007935,1R,8.0,1.0
84,84,84,[1.0],1.0,0,1.0,1.0,0,[1.0],1668089038.355985,106,4.600268840789795,1,0,1,0,0.15,0.75,[0.9670438766479492],1.0,4.600268840789795,8,6,0,5.099674940109253,1R,9.0,1.0
85,85,85,[1.0],1.0,0,1.0,1.0,0,[1.0],1668089044.972526,106,3.2164430618286133,1,0,1,0,0.15,0.25,[0.966961145401001],1.0,3.2164430618286133,4,1,0,3.7159249782562256,1R,10.0,1.0
86,86,86,[1.0],1.0,0,1.0,1.0,0,[1.0],1668089050.155307,106,3.1997339725494385,1,0,1,0,0.15,0.75,[0.9663960933685303],1.0,3.1997339725494385,4,3,0,3.699548959732056,1R,11.0,1.0
87,87,87,[1.0],1.0,0,1.0,1.0,0,[1.0],1668089055.687966,128,7.250022172927856,1,0,1,0,0.15,0.8,[1.3336961269378662],0.0,7.250022172927856,15,12,0,7.749089002609253,1NR,12.0,1.0
88,88,88,[-1.0],-1.0,0,1.0,-1.0,0,[-1.0],1668089065.1213608,130,7.316854953765869,1,0,-1,0,0.0,0.7333333333333333,[1.3674800395965576],0.0,7.316854953765869,15,11,0,7.81606388092041,,,
89,89,89,[-1.0],-1.0,0,-1.0,1.0,0,[1.0],1668089074.236609,111,2.6165387630462646,1,0,-1,0,0.15,0.5,[1.0506207942962646],1.0,2.6165387630462646,2,1,0,3.1162240505218506,1R,0.0,1.0
90,90,90,[-1.0],-1.0,0,-1.0,1.0,0,[1.0],1668089078.786564,110,7.132837057113648,1,0,-1,0,0.15,0.6,[1.0327491760253906],0.0,7.132837057113648,15,9,0,7.632795095443726,1NR,1.0,1.0
91,91,91,[-1.0],-1.0,0,-1.0,1.0,0,[1.0],1668089088.1194282,115,3.3508150577545166,1,0,-1,0,0.15,0.5,[1.1172208786010742],1.0,3.3508150577545166,4,2,0,3.850330829620361,1R,2.0,1.0
92,92,92,[-1.0],-1.0,0,-1.0,1.0,0,[1.0],1668089093.985653,147,5.566262722015381,1,0,-1,0,0.15,0.6666666666666666,[1.651197910308838],1.0,5.566262722015381,9,6,0,6.065666675567627,1R,3.0,1.0
93,93,93,[-1.0],-1.0,0,-1.0,1.0,0,[1.0],1668089101.484596,139,5.750066757202148,1,0,-1,0,0.15,0.6,[1.5173637866973877],1.0,5.750066757202148,10,6,0,6.249169826507568,1R,4.0,1.0
94,94,94,[-1.0],-1.0,0,-1.0,1.0,0,[1.0],1668089109.584123,156,4.366894006729126,1,0,-1,0,0.15,0.8,[1.7996139526367188],1.0,4.366894006729126,5,4,0,4.8664939403533936,1R,5.0,1.0
95,95,95,[1.0],1.0,0,-1.0,-1.0,0,[-1.0],1668089116.000802,158,7.949369192123413,1,0,1,0,0.0,0.2666666666666666,[1.8343501091003418],0.0,7.949369192123413,15,4,0,8.449109077453613,,,
96,96,96,[-1.0],-1.0,0,-1.0,1.0,0,[1.0],1668089126.066776,156,3.032700777053833,1,0,-1,0,0.15,1.0,[1.7993950843811035],1.0,3.032700777053833,1,1,0,3.532386064529419,1R,7.0,1.0
97,97,97,[-1.0],-1.0,0,-1.0,1.0,0,[1.0],1668089131.182968,163,7.816104888916016,1,0,-1,0,0.15,0.6666666666666666,[1.9161930084228516],0.0,7.816104888916016,15,10,0,8.315288066864014,1NR,8.0,1.0
98,98,98,[1.0],1.0,0,-1.0,-1.0,0,[-1.0],1668089140.265386,110,7.148458957672119,1,0,1,0,0.0,0.6666666666666666,[1.032932996749878],0.0,7.148458957672119,15,10,0,7.648643970489502,,,
99,99,99,[1.0],1.0,0,-1.0,-1.0,0,[-1.0],1668089151.048071,201,8.650018215179443,1,0,1,0,0.0,0.5333333333333333,[2.5498123168945312],0.0,8.650018215179443,15,8,0,9.149477243423462,,,
100,100,100,[1.0],1.0,0,-1.0,-1.0,0,[-1.0],1668089160.947755,145,7.733060121536255,1,0,1,0,0.0,0.6666666666666666,[1.616678237915039],0.0,7.733060121536255,15,10,0,8.232547044754028,,,
101,101,101,[-1.0],-1.0,0,-1.0,1.0,0,[1.0],1668089170.49678,125,2.86637282371521,1,0,-1,0,0.15,0.5,[1.2826499938964844],1.0,2.86637282371521,2,1,0,3.3655359745025635,1R,12.0,1.0
102,102,102,[-1.0],-1.0,0,1.0,-1.0,0,[-1.0],1668089175.763714,151,7.816338300704956,1,0,-1,0,0.0,0.6,[1.7170612812042236],0.0,7.816338300704956,15,9,0,8.315414190292358,1NR,13.0,1.0
103,103,103,[1.0],1.0,0,1.0,1.0,0,[1.0],1668089185.6465,146,7.732608079910278,1,0,1,0,0.15,0.6,[1.6328740119934082],0.0,7.732608079910278,15,9,0,8.249174118041992,,,
104,104,104,[1.0],1.0,0,1.0,1.0,0,[1.0],1668089195.561544,147,7.749179840087891,1,0,1,0,0.15,0.5333333333333333,[1.6493797302246094],0.0,7.749179840087891,15,8,0,8.249218702316284,,,
105,105,105,[1.0],1.0,0,1.0,1.0,0,[1.0],1668089204.861305,111,4.350090265274048,1,0,1,0,0.15,0.7142857142857143,[1.0495681762695312],1.0,4.350090265274048,7,5,0,4.849476099014282,1R,0.0,1.0
106,106,106,[1.0],1.0,0,1.0,1.0,0,[1.0],1668089211.427398,123,6.565952062606812,1,0,1,0,0.15,0.6153846153846154,[1.2496230602264404],1.0,6.565952062606812,13,8,0,7.0656211376190186,1R,1.0,1.0
107,107,107,[1.0],1.0,0,1.0,1.0,0,[1.0],1668089219.8599172,108,6.89947509765625,1,0,1,0,0.15,0.7333333333333333,[0.9992971420288086],0.0,6.89947509765625,15,11,0,7.399034023284912,1NR,2.0,1.0
108,108,108,[1.0],1.0,0,1.0,1.0,0,[1.0],1668089228.9593909,113,4.016277074813843,1,0,1,0,0.15,0.8333333333333334,[1.0834479331970215],1.0,4.016277074813843,6,5,0,4.516236782073975,1R,3.0,1.0
109,109,109,[1.0],1.0,0,1.0,1.0,0,[1.0],1668089234.859205,106,5.549225330352783,1,0,1,0,0.15,0.6363636363636364,[0.9660069942474365],1.0,5.549225330352783,11,7,0,6.048807144165039,1R,4.0,1.0
110,110,110,[1.0],1.0,0,1.0,1.0,0,[1.0],1668089242.508286,108,5.93285870552063,1,0,1,0,0.15,0.5833333333333334,[0.9995567798614502],1.0,5.93285870552063,12,7,0,6.432573795318604,1R,5.0,1.0
111,111,111,[1.0],1.0,0,1.0,1.0,0,[1.0],1668089250.79098,125,2.9678428173065186,1,0,1,0,0.15,0.5,[1.2836668491363525],1.0,2.9678428173065186,2,1,0,3.466274738311768,1R,6.0,1.0
112,112,112,[1.0],1.0,0,1.0,1.0,0,[1.0],1668089255.49089,111,7.148374080657959,1,0,1,0,0.15,0.6,[1.0494427680969238],0.0,7.148374080657959,15,9,0,7.648639917373657,1NR,7.0,1.0
113,113,113,[1.0],1.0,0,1.0,1.0,0,[1.0],1668089264.674177,106,4.565866231918335,1,0,1,0,0.15,0.875,[0.9669981002807617],1.0,4.565866231918335,8,7,0,5.065646171569824,1R,8.0,1.0
114,114,114,[-1.0],-1.0,0,-1.0,1.0,0,[1.0],1668089271.523081,122,5.482862949371338,1,0,-1,0,0.15,0.8,[1.2330329418182373],1.0,5.482862949371338,10,8,0,5.9827940464019775,1R,0.0,1.0
115,115,115,[-1.0],-1.0,0,-1.0,1.0,0,[1.0],1668089279.7391942,162,3.799607038497925,1,0,-1,0,0.15,1.0,[1.899510145187378],1.0,3.799607038497925,3,3,0,4.299993276596069,1R,1.0,1.0
116,116,116,[-1.0],-1.0,0,-1.0,1.0,0,[1.0],1668089285.172676,140,4.099573135375977,1,0,-1,0,0.15,0.8,[1.533250093460083],1.0,4.099573135375977,5,4,0,4.599059104919434,1R,2.0,1.0
117,117,117,[-1.0],-1.0,0,-1.0,1.0,0,[1.0],1668089292.705475,226,6.28234601020813,1,0,-1,0,0.15,0.5714285714285714,[2.9656691551208496],1.0,6.28234601020813,7,4,0,6.782232046127319,1R,3.0,1.0
118,118,118,[-1.0],-1.0,0,-1.0,1.0,0,[1.0],1668089300.604238,197,5.733024835586548,1,0,-1,0,0.15,0.7142857142857143,[2.48246693611145],1.0,5.733024835586548,7,5,0,6.232850790023804,1R,4.0,1.0
119,119,119,[-1.0],-1.0,0,-1.0,1.0,0,[1.0],1668089308.337118,193,4.649322032928467,1,0,-1,0,0.15,0.5,[2.4162118434906006],1.0,4.649322032928467,4,2,0,5.149730682373047,1R,5.0,1.0
120,120,120,[-1.0],-1.0,0,-1.0,1.0,0,[1.0],1668089315.303244,210,5.966142892837524,1,0,-1,0,0.15,0.5714285714285714,[2.700260877609253],1.0,5.966142892837524,7,4,0,6.466645002365112,1R,6.0,1.0
121,121,121,[-1.0],-1.0,0,-1.0,1.0,0,[1.0],1668089323.902715,242,5.8161211013793945,1,0,-1,0,0.15,0.6,[3.2505710124969482],1.0,5.8161211013793945,5,3,0,6.316483020782471,1R,7.0,1.0
122,122,122,[1.0],1.0,0,-1.0,-1.0,0,[-1.0],1668089329.5354528,107,6.966061115264893,1,0,1,0,0.0,0.4666666666666667,[0.9832122325897217],0.0,6.966061115264893,15,7,0,7.466120958328247,,,
123,123,123,[1.0],1.0,0,-1.0,-1.0,0,[-1.0],1668089338.851499,121,7.316080808639526,1,0,1,0,0.0,0.7333333333333333,[1.2168619632720947],0.0,7.316080808639526,15,11,0,7.815927028656006,,,
124,124,124,[1.0],1.0,0,-1.0,-1.0,0,[-1.0],1668089348.167669,112,7.166321754455566,1,0,1,0,0.0,0.4666666666666667,[1.0685858726501465],0.0,7.166321754455566,15,7,0,7.665851831436157,,,
125,125,125,[1.0],1.0,0,-1.0,-1.0,0,[-1.0],1668089358.683483,186,8.21648907661438,1,0,1,0,0.0,0.7333333333333333,[2.2997379302978516],0.0,8.21648907661438,15,11,0,8.717314958572388,,,
126,126,126,[1.0],1.0,0,-1.0,-1.0,0,[-1.0],1668089368.299638,140,7.5825159549713135,1,0,1,0,0.0,0.6,[1.5331957340240479],0.0,7.5825159549713135,15,9,0,8.081973791122437,,,
127,127,127,[1.0],1.0,0,-1.0,-1.0,0,[-1.0],1668089377.616089,116,7.232606887817383,1,0,1,0,0.0,0.6666666666666666,[1.1334447860717773],0.0,7.232606887817383,15,10,0,7.7326390743255615,,,
128,128,128,[-1.0],-1.0,0,-1.0,1.0,0,[1.0],1668089387.048801,121,6.799615859985352,1,0,-1,0,0.15,0.7142857142857143,[1.2165842056274414],1.0,6.799615859985352,14,10,0,7.298900842666626,1R,14.0,1.0
129,129,129,[-1.0],-1.0,0,-1.0,1.0,0,[1.0],1668089395.99758,122,5.199421167373657,1,0,-1,0,0.15,0.6666666666666666,[1.2344810962677002],1.0,5.199421167373657,9,6,0,5.69917631149292,1R,15.0,1.0
130,130,130,[-1.0],-1.0,0,-1.0,1.0,0,[1.0],1668089403.480486,137,6.715936899185181,1,0,-1,0,0.15,0.5384615384615384,[1.4831018447875977],1.0,6.715936899185181,13,7,0,7.215602874755859,1R,16.0,1.0
131,131,131,[-1.0],-1.0,0,1.0,-1.0,0,[-1.0],1668089411.946379,116,7.232362985610962,1,0,-1,0,0.0,0.5333333333333333,[1.1329960823059082],0.0,7.232362985610962,15,8,0,7.732023000717163,1NR,17.0,1.0
132,132,132,[-1.0],-1.0,0,1.0,-1.0,0,[-1.0],1668089425.095516,344,11.031650066375732,1,0,-1,0,0.0,0.6,[4.932557106018066],0.0,11.031650066375732,15,9,0,11.532104969024658,2NR,18.0,1.0
133,133,133,[1.0],1.0,0,1.0,1.0,0,[1.0],1668089434.4616609,106,4.549290895462036,1,0,1,0,0.15,0.375,[0.9662959575653076],1.0,4.549290895462036,8,3,0,5.049057960510254,1R,0.0,1.0
134,134,134,[1.0],1.0,0,1.0,1.0,0,[1.0],1668089441.1943629,116,6.399095058441162,1,0,1,0,0.15,0.4615384615384615,[1.1323091983795166],1.0,6.399095058441162,13,6,0,6.899048089981079,1R,1.0,1.0
135,135,135,[1.0],1.0,0,1.0,1.0,0,[1.0],1668089449.610477,111,2.666542053222656,1,0,1,0,0.15,1.0,[1.0500578880310059],1.0,2.666542053222656,2,2,0,3.1673078536987305,1R,2.0,1.0
136,136,136,[1.0],1.0,0,1.0,1.0,0,[1.0],1668089454.260103,113,6.666830778121948,1,0,1,0,0.15,0.6428571428571429,[1.084256887435913],1.0,6.666830778121948,14,9,0,7.165793895721436,1R,3.0,1.0
137,137,137,[1.0],1.0,0,1.0,1.0,0,[1.0],1668089463.375988,134,7.082573652267456,1,0,1,0,0.15,0.8571428571428571,[1.4332690238952637],1.0,7.082573652267456,14,12,0,7.582358598709106,1R,4.0,1.0
138,138,138,[1.0],1.0,0,1.0,1.0,0,[1.0],1668089473.475559,187,5.000221014022827,1,0,1,0,0.15,0.6,[2.3326950073242188],1.0,5.000221014022827,5,3,0,5.500084161758423,1R,5.0,1.0
139,139,139,[1.0],1.0,0,1.0,1.0,0,[1.0],1668089479.458436,124,3.1825389862060547,1,0,1,0,0.15,0.6666666666666666,[1.2655022144317627],1.0,3.1825389862060547,3,2,0,3.682368040084839,1R,6.0,1.0
140,140,140,[1.0],1.0,0,1.0,1.0,0,[1.0],1668089484.724858,131,2.66605281829834,1,0,1,0,0.15,1.0,[1.3832039833068848],1.0,2.66605281829834,1,1,0,3.166050910949707,1R,7.0,1.0
141,141,141,[1.0],1.0,0,1.0,1.0,0,[1.0],1668089489.274438,127,7.21630072593689,1,0,1,0,0.15,0.6666666666666666,[1.315850019454956],0.0,7.21630072593689,15,10,0,7.715621709823608,1NR,8.0,1.0
142,142,142,[1.0],1.0,0,1.0,1.0,0,[1.0],1668089498.40713,114,4.3495259284973145,1,0,1,0,0.15,0.7142857142857143,[1.0992310047149658],1.0,4.3495259284973145,7,5,0,4.849019765853882,1R,9.0,1.0
143,143,143,[1.0],1.0,0,1.0,1.0,0,[1.0],1668089504.639988,106,2.5330848693847656,1,0,1,0,0.15,0.5,[0.9660129547119141],1.0,2.5330848693847656,2,1,0,3.0325827598571777,1R,10.0,1.0
144,144,144,[1.0],1.0,0,1.0,1.0,0,[1.0],1668089509.22288,112,6.965364217758179,1,0,1,0,0.15,0.6666666666666666,[1.065932035446167],0.0,6.965364217758179,15,10,0,7.46485710144043,1NR,11.0,1.0
145,145,145,[1.0],1.0,0,1.0,1.0,0,[1.0],1668089518.939396,150,4.26565408706665,1,0,1,0,0.15,1.0,[1.6990041732788086],1.0,4.26565408706665,5,5,0,4.765373945236206,1R,12.0,1.0
146,146,146,[1.0],1.0,0,1.0,1.0,0,[1.0],1668089524.889259,130,7.282757997512817,1,0,1,0,0.15,0.4,[1.3669288158416748],0.0,7.282757997512817,15,6,0,7.782047033309936,1NR,13.0,1.0
147,147,147,[1.0],1.0,0,-1.0,-1.0,0,[-1.0],1668089534.07143,116,7.0659708976745605,1,0,1,0,0.0,0.6666666666666666,[1.1326777935028076],0.0,7.0659708976745605,15,10,0,7.565424919128418,2NR,14.0,1.0
148,148,148,[-1.0],-1.0,0,-1.0,1.0,0,[1.0],1668089543.154394,110,5.60031008720398,1,0,-1,0,0.15,0.6363636363636364,[1.033717155456543],1.0,5.60031008720398,11,7,0,6.099990129470825,1R,0.0,1.0
149,149,149,[-1.0],-1.0,0,-1.0,1.0,0,[1.0],1668089552.354329,201,4.799731016159058,1,0,-1,0,0.15,0.5,[2.5681517124176025],1.0,4.799731016159058,4,2,0,5.299555778503418,1R,1.0,1.0
150,150,150,[-1.0],-1.0,0,-1.0,1.0,0,[1.0],1668089559.7029,233,5.982222080230713,1,0,-1,0,0.15,0.8333333333333334,[3.0824801921844482],1.0,5.982222080230713,6,5,0,6.481793165206909,1R,2.0,1.0
151,151,151,[-1.0],-1.0,0,-1.0,1.0,0,[1.0],1668089566.635668,165,7.89982008934021,1,0,-1,0,0.15,0.6666666666666666,[1.9497830867767334],0.0,7.89982008934021,15,10,0,8.39907193183899,1NR,3.0,1.0
152,152,152,[1.0],1.0,0,-1.0,-1.0,0,[-1.0],1668089575.752598,108,6.96678900718689,1,0,1,0,0.0,0.6666666666666666,[1.0168910026550293],0.0,6.96678900718689,15,10,0,7.465957880020142,,,
153,153,153,[1.0],1.0,0,-1.0,-1.0,0,[-1.0],1668089584.784629,106,6.8660969734191895,1,0,1,0,0.0,0.6,[0.9657130241394043],0.0,6.8660969734191895,15,9,0,7.364954948425293,,,
154,154,154,[1.0],1.0,0,-1.0,-1.0,0,[-1.0],1668089593.7671402,106,6.88296914100647,1,0,1,0,0.0,0.8,[0.9666099548339844],0.0,6.88296914100647,15,12,0,7.382510185241699,,,
155,155,155,[1.0],1.0,0,-1.0,-1.0,0,[-1.0],1668089602.849941,112,7.167157888412476,1,0,1,0,0.0,0.3333333333333333,[1.067451000213623],0.0,7.167157888412476,15,5,0,7.665542125701904,,,
156,156,156,[1.0],1.0,0,-1.0,-1.0,0,[-1.0],1668089612.033035,106,6.899863004684448,1,0,1,0,0.0,0.6,[0.966724157333374],0.0,6.899863004684448,15,9,0,7.399639129638672,,,
157,157,157,[1.0],1.0,0,-1.0,-1.0,0,[-1.0],1668089621.215199,116,7.048809051513672,1,0,1,0,0.0,0.6,[1.1326489448547363],0.0,7.048809051513672,15,9,0,7.549098014831543,,,
158,158,158,[1.0],1.0,0,-1.0,-1.0,0,[-1.0],1668089630.597579,129,7.45005202293396,1,0,1,0,0.0,0.7333333333333333,[1.3502168655395508],0.0,7.45005202293396,15,11,0,7.949304103851318,,,
159,159,159,[-1.0],-1.0,0,1.0,-1.0,0,[-1.0],1668089640.5806348,153,7.666584014892578,1,0,-1,0,0.0,0.3333333333333333,[1.750180959701538],0.0,7.666584014892578,15,5,0,8.166022777557373,,,
160,160,160,[-1.0],-1.0,0,1.0,-1.0,0,[-1.0],1668089650.812866,177,8.115521669387817,1,0,-1,0,0.0,0.6,[2.166245698928833],0.0,8.115521669387817,15,9,0,8.616244792938232,,,
161,161,161,[1.0],1.0,0,1.0,1.0,0,[1.0],1668089659.8957188,106,4.600006341934204,1,0,1,0,0.15,0.75,[0.9660720825195312],1.0,4.600006341934204,8,6,0,5.098897933959961,1R,0.0,1.0
162,162,162,[1.0],1.0,0,1.0,1.0,0,[1.0],1668089666.9455569,132,7.299489021301269,1,0,1,0,0.15,0.6666666666666666,[1.3998939990997314],0.0,7.299489021301269,15,10,0,7.799066781997681,1NR,1.0,1.0
163,163,163,[1.0],1.0,0,1.0,1.0,0,[1.0],1668089675.995756,108,2.599777936935425,1,0,1,0,0.15,0.5,[0.9997680187225342],1.0,2.599777936935425,2,1,0,3.0993857383728027,1R,2.0,1.0
164,164,164,[1.0],1.0,0,1.0,1.0,0,[1.0],1668089680.5942662,112,2.682908773422241,1,0,1,0,0.15,0.5,[1.0668418407440186],1.0,2.682908773422241,2,1,0,3.182652950286865,1R,3.0,1.0
165,165,165,[1.0],1.0,0,1.0,1.0,0,[1.0],1668089685.294063,116,2.415179967880249,1,0,1,0,0.15,1.0,[1.1319739818572998],1.0,2.415179967880249,1,1,0,2.9151370525360107,1R,4.0,1.0
166,166,166,[1.0],1.0,0,1.0,1.0,0,[1.0],1668089689.910621,132,4.299454927444458,1,0,1,0,0.15,0.5,[1.3993349075317383],1.0,4.299454927444458,6,3,0,4.799360990524292,1R,5.0,1.0
167,167,167,[1.0],1.0,0,1.0,1.0,0,[1.0],1668089695.893108,112,2.6325762271881104,1,0,1,0,0.15,1.0,[1.0666511058807373],1.0,2.6325762271881104,2,2,0,3.132174253463745,1R,6.0,1.0
168,168,168,[1.0],1.0,0,1.0,1.0,0,[1.0],1668089700.376513,106,3.566378116607666,1,0,1,0,0.15,0.4,[0.9667191505432129],1.0,3.566378116607666,5,2,0,4.082633972167969,1R,7.0,1.0
169,169,169,[1.0],1.0,0,1.0,1.0,0,[1.0],1668089705.942666,106,2.8994269371032715,1,0,1,0,0.15,1.0,[0.9657750129699707],1.0,2.8994269371032715,3,3,0,3.399103879928589,1R,8.0,1.0
170,170,170,[1.0],1.0,0,1.0,1.0,0,[1.0],1668089710.909026,112,4.766224145889282,1,0,1,0,0.15,0.625,[1.0668540000915527],1.0,4.766224145889282,8,5,0,5.265602111816406,1R,9.0,1.0
171,171,171,[1.0],1.0,0,1.0,1.0,0,[1.0],1668089717.758441,115,6.349122047424316,1,0,1,0,0.15,0.5384615384615384,[1.1168708801269531],1.0,6.349122047424316,13,7,0,6.84938907623291,1R,10.0,1.0
172,172,172,[1.0],1.0,0,1.0,1.0,0,[1.0],1668089726.0911129,109,4.266392946243286,1,0,1,0,0.15,0.5714285714285714,[1.0158889293670654],1.0,4.266392946243286,7,4,0,4.78245997428894,1R,11.0,1.0
173,173,173,[1.0],1.0,0,1.0,1.0,0,[1.0],1668089733.1740851,156,6.033139944076538,1,0,1,0,0.15,0.6,[1.7996609210968018],1.0,6.033139944076538,10,6,0,6.532859802246094,1R,12.0,1.0
174,174,174,[1.0],1.0,0,1.0,1.0,0,[1.0],1668089740.4572291,106,2.8828580379486084,1,0,1,0,0.15,0.6666666666666666,[0.9664661884307861],1.0,2.8828580379486084,3,2,0,3.382438898086548,1R,13.0,1.0
175,175,175,[1.0],1.0,0,-1.0,-1.0,0,[-1.0],1668089745.4232168,113,7.032490015029907,1,0,1,0,0.0,0.6666666666666666,[1.0836639404296875],0.0,7.032490015029907,15,10,0,7.532080888748169,1NR,14.0,1.0
176,176,176,[1.0],1.0,0,-1.0,-1.0,0,[-1.0],1668089754.455918,106,7.08296799659729,1,0,1,0,0.0,0.6,[0.9668972492218018],0.0,7.08296799659729,15,9,0,7.582481861114502,2NR,15.0,1.0
177,177,177,[-1.0],-1.0,0,-1.0,1.0,0,[1.0],1668089764.421746,152,3.9998199939727774,1,0,-1,0,0.15,0.75,[1.7333199977874756],1.0,3.9998199939727774,4,3,0,4.499426126480103,1R,0.0,1.0
178,178,178,[-1.0],-1.0,0,-1.0,1.0,0,[1.0],1668089770.0878668,132,6.681961297988892,1,0,-1,0,0.15,0.6923076923076923,[1.3988502025604248],1.0,6.681961297988892,13,9,0,7.18237829208374,1R,1.0,1.0
179,179,179,[-1.0],-1.0,0,-1.0,1.0,0,[1.0],1668089778.6710248,120,3.116452217102051,1,0,-1,0,0.15,0.6666666666666666,[1.1997709274291992],1.0,3.116452217102051,3,2,0,3.616239070892334,1R,2.0,1.0
180,180,180,[-1.0],-1.0,0,-1.0,1.0,0,[1.0],1668089783.803714,122,3.533539056777954,1,0,-1,0,0.15,0.5,[1.2332541942596436],1.0,3.533539056777954,4,2,0,4.033169269561768,1R,3.0,1.0
181,181,181,[-1.0],-1.0,0,-1.0,1.0,0,[1.0],1668089790.503415,193,4.399249076843262,1,0,-1,0,0.15,0.6666666666666666,[2.4159250259399414],1.0,4.399249076843262,3,2,0,4.899038076400757,1R,4.0,1.0
182,182,182,[-1.0],-1.0,0,-1.0,1.0,0,[1.0],1668089795.4693592,106,3.917487144470215,1,0,-1,0,0.15,0.6666666666666666,[0.9663779735565186],1.0,3.917487144470215,6,4,0,4.41651725769043,1R,5.0,1.0
183,183,183,[-1.0],-1.0,0,-1.0,1.0,0,[1.0],1668089801.7861,130,7.3004469871521,1,0,-1,0,0.15,0.6,[1.3661668300628662],1.0,7.3004469871521,15,9,0,7.799330711364746,1R,6.0,1.0
184,184,184,[-1.0],-1.0,0,-1.0,1.0,0,[1.0],1668089811.952256,174,7.332842111587524,1,0,-1,0,0.15,0.3846153846153846,[2.099485158920288],1.0,7.332842111587524,13,5,0,7.832121133804321,1R,7.0,1.0
185,185,185,[-1.0],-1.0,0,-1.0,1.0,0,[1.0],1668089822.5011232,239,6.083324909210205,1,0,-1,0,0.15,0.5,[3.18375301361084],1.0,6.083324909210205,6,3,0,6.583045959472656,1R,8.0,1.0
186,186,186,[-1.0],-1.0,0,-1.0,1.0,0,[1.0],1668089829.017166,140,3.467871189117432,1,0,-1,0,0.15,0.6666666666666666,[1.5332181453704834],1.0,3.467871189117432,3,2,0,3.9661734104156494,1R,9.0,1.0
187,187,187,[-1.0],-1.0,0,1.0,-1.0,0,[-1.0],1668089834.117087,119,7.282103061676025,1,0,-1,0,0.0,0.7333333333333333,[1.1828439235687256],0.0,7.282103061676025,15,11,0,7.781958818435669,1NR,10.0,1.0
188,188,188,[1.0],1.0,0,1.0,1.0,0,[1.0],1668089843.466771,115,7.033099889755249,1,0,1,0,0.15,0.6,[1.1166367530822754],0.0,7.033099889755249,15,9,0,7.532258033752441,,,
189,189,189,[1.0],1.0,0,1.0,1.0,0,[1.0],1668089852.599065,114,7.1325297355651855,1,0,1,0,0.15,0.4666666666666667,[1.0992040634155273],1.0,7.1325297355651855,15,7,0,7.632278919219971,1R,0.0,1.0
190,190,190,[1.0],1.0,0,1.0,1.0,0,[1.0],1668089862.282239,140,4.783246755599976,1,0,1,0,0.15,0.7142857142857143,[1.532961130142212],1.0,4.783246755599976,7,5,0,5.282464981079102,1R,1.0,1.0
191,191,191,[1.0],1.0,0,1.0,1.0,0,[1.0],1668089868.714412,117,5.382760047912598,1,0,1,0,0.15,0.5,[1.150184154510498],1.0,5.382760047912598,10,5,0,5.883288145065308,1R,2.0,1.0
192,192,192,[1.0],1.0,0,1.0,1.0,0,[1.0],1668089876.297643,126,7.399695158004761,1,0,1,0,0.15,0.6,[1.300286054611206],0.0,7.399695158004761,15,9,0,7.89928126335144,1NR,3.0,1.0
193,193,193,[1.0],1.0,0,1.0,1.0,0,[1.0],1668089885.913683,130,6.966555833816528,1,0,1,0,0.15,0.7142857142857143,[1.38336181640625],1.0,6.966555833816528,14,10,0,7.465325832366943,1R,4.0,1.0
194,194,194,[1.0],1.0,0,1.0,1.0,0,[1.0],1668089894.5794718,106,3.9169671535491934,1,0,1,0,0.15,0.5,[0.9670741558074951],1.0,3.9169671535491934,6,3,0,4.416632175445557,1R,5.0,1.0
195,195,195,[1.0],1.0,0,1.0,1.0,0,[1.0],1668089900.61228,113,2.649511814117432,1,0,1,0,0.15,1.0,[1.0845508575439453],1.0,2.649511814117432,2,2,0,3.148955821990967,1R,6.0,1.0
196,196,196,[1.0],1.0,0,1.0,1.0,0,[1.0],1668089905.2283971,114,3.683272838592529,1,0,1,0,0.15,0.6,[1.1003177165985107],1.0,3.683272838592529,5,3,0,4.182928085327148,1R,7.0,1.0
197,197,197,[1.0],1.0,0,1.0,1.0,0,[1.0],1668089910.7954931,108,7.09952187538147,1,0,1,0,0.15,0.4666666666666667,[0.9998610019683838],0.0,7.09952187538147,15,7,0,7.599108934402466,1NR,8.0,1.0
198,198,198,[1.0],1.0,0,1.0,1.0,0,[1.0],1668089919.97765,106,3.2004191875457764,1,0,1,0,0.15,0.25,[0.9667651653289795],1.0,3.2004191875457764,4,1,0,3.699697971343994,1R,9.0,1.0
199,199,199,[1.0],1.0,0,1.0,1.0,0,[1.0],1668089925.693678,139,7.415382146835327,1,0,1,0,0.15,0.7333333333333333,[1.5161139965057373],1.0,7.415382146835327,15,11,0,7.9148759841918945,1R,10.0,1.0
200,200,200,[1.0],1.0,0,-1.0,-1.0,0,[-1.0],1668089934.760522,110,6.966665983200073,1,0,1,0,0.0,0.8,[1.0337188243865967],0.0,6.966665983200073,15,12,0,7.465744972229004,1NR,11.0,1.0
201,201,201,[1.0],1.0,0,-1.0,-1.0,0,[-1.0],1668089943.7760231,106,6.865646123886108,1,0,1,0,0.0,0.8,[0.9661197662353516],0.0,6.865646123886108,15,12,0,7.365386009216309,2NR,12.0,1.0
202,202,202,[-1.0],-1.0,0,-1.0,1.0,0,[1.0],1668089953.276601,137,5.39959716796875,1,0,-1,0,0.15,0.7777777777777778,[1.4826781749725342],1.0,5.39959716796875,9,7,0,5.89937686920166,1R,0.0,1.0
203,203,203,[-1.0],-1.0,0,-1.0,1.0,0,[1.0],1668089960.657974,132,6.999919891357422,1,0,-1,0,0.15,0.7142857142857143,[1.4001619815826416],1.0,6.999919891357422,14,10,0,7.499160766601562,1R,1.0,1.0
204,204,204,[-1.0],-1.0,0,-1.0,1.0,0,[1.0],1668089969.390838,110,4.299621820449829,1,0,-1,0,0.15,0.5714285714285714,[1.0328419208526611],1.0,4.299621820449829,7,4,0,4.799645900726318,1R,2.0,1.0
205,205,205,[-1.0],-1.0,0,-1.0,1.0,0,[1.0],1668089976.040434,131,3.9658050537109375,1,0,-1,0,0.15,0.6,[1.3828787803649902],1.0,3.9658050537109375,5,3,0,4.465609788894653,1R,3.0,1.0
206,206,206,[-1.0],-1.0,0,-1.0,1.0,0,[1.0],1668089981.789997,118,3.200448989868164,1,0,-1,0,0.15,0.3333333333333333,[1.1669621467590332],1.0,3.200448989868164,3,1,0,3.700084924697876,1R,4.0,1.0
207,207,207,[-1.0],-1.0,0,-1.0,1.0,0,[1.0],1668089986.773431,106,4.916585922241211,1,0,-1,0,0.15,0.8888888888888888,[0.9665517807006836],1.0,4.916585922241211,9,8,0,5.41632890701294,1R,5.0,1.0
208,208,208,[-1.0],-1.0,0,-1.0,1.0,0,[1.0],1668089994.405714,148,5.266081809997559,1,0,-1,0,0.15,0.75,[1.666543960571289],1.0,5.266081809997559,8,6,0,5.765893936157227,1R,6.0,1.0
209,209,209,[-1.0],-1.0,0,-1.0,1.0,0,[1.0],1668090001.338916,125,6.565881252288818,1,0,-1,0,0.15,0.6153846153846154,[1.2826671600341797],1.0,6.565881252288818,13,8,0,7.065601110458374,1R,7.0,1.0
210,210,210,[-1.0],-1.0,0,-1.0,1.0,0,[1.0],1668090009.8545768,116,7.049360990524292,1,0,-1,0,0.15,0.5333333333333333,[1.1328558921813965],0.0,7.049360990524292,15,8,0,7.549081087112427,1NR,8.0,1.0
211,211,211,[-1.0],-1.0,0,-1.0,1.0,0,[1.0],1668090019.970499,173,4.749727010726929,1,0,-1,0,0.15,0.6,[2.0829808712005615],1.0,4.749727010726929,5,3,0,5.2495276927948,1R,9.0,1.0
212,212,212,[-1.0],-1.0,0,-1.0,1.0,0,[1.0],1668090025.803476,116,5.3826212882995605,1,0,-1,0,0.15,0.4,[1.132939100265503],1.0,5.3826212882995605,10,4,0,5.88227915763855,1R,10.0,1.0
213,213,213,[-1.0],-1.0,0,-1.0,1.0,0,[1.0],1668090033.7200818,145,5.182931184768677,1,0,-1,0,0.15,0.875,[1.6166012287139893],1.0,5.182931184768677,8,7,0,5.6826112270355225,1R,11.0,1.0
214,214,214,[-1.0],-1.0,0,-1.0,1.0,0,[1.0],1668090041.119054,155,3.1335721015930176,1,0,-1,0,0.15,1.0,[1.782932996749878],1.0,3.1335721015930176,1,1,0,3.632474184036255,1R,12.0,1.0
215,215,215,[-1.0],-1.0,0,1.0,-1.0,0,[-1.0],1668090046.0358431,143,7.582430124282837,1,0,-1,0,0.0,0.8666666666666667,[1.5828819274902344],0.0,7.582430124282837,15,13,0,8.082054138183594,1NR,13.0,1.0
216,216,216,[1.0],1.0,0,1.0,1.0,0,[1.0],1668090055.1680598,108,3.233020782470703,1,0,1,0,0.15,0.5,[0.9996657371520996],1.0,3.233020782470703,4,2,0,3.732956886291504,1R,0.0,1.0
217,217,217,[1.0],1.0,0,1.0,1.0,0,[1.0],1668090060.467654,113,2.983009099960327,1,0,1,0,0.15,0.6666666666666666,[1.0837771892547607],1.0,2.983009099960327,3,2,0,3.4826951026916504,1R,1.0,1.0
218,218,218,[1.0],1.0,0,1.0,1.0,0,[1.0],1668090065.467328,116,3.3663158416748047,1,0,1,0,0.15,0.5,[1.1327478885650635],1.0,3.3663158416748047,4,2,0,3.866477012634277,1R,2.0,1.0
219,219,219,[1.0],1.0,0,1.0,1.0,0,[1.0],1668090070.6510348,106,2.633076906204224,1,0,1,0,0.15,1.0,[0.9670059680938721],1.0,2.633076906204224,2,2,0,3.133033037185669,1R,3.0,1.0
220,220,220,[1.0],1.0,0,1.0,1.0,0,[1.0],1668090075.234057,106,4.216188192367554,1,0,1,0,0.15,0.5714285714285714,[0.9667770862579346],1.0,4.216188192367554,7,4,0,4.716407060623169,1R,4.0,1.0
221,221,221,[1.0],1.0,0,1.0,1.0,0,[1.0],1668090081.450036,106,2.9165871143341064,1,0,1,0,0.15,1.0,[0.9664661884307861],1.0,2.9165871143341064,3,3,0,3.41641902923584,1R,5.0,1.0
222,222,222,[1.0],1.0,0,1.0,1.0,0,[1.0],1668090086.4325418,112,6.982805013656616,1,0,1,0,0.15,0.6666666666666666,[1.0656559467315674],0.0,6.982805013656616,15,10,0,7.481919050216675,1NR,6.0,1.0
223,223,223,[1.0],1.0,0,1.0,1.0,0,[1.0],1668090095.6651368,120,4.433009147644043,1,0,1,0,0.15,0.7142857142857143,[1.199841022491455],1.0,4.433009147644043,7,5,0,4.93319296836853,1R,7.0,1.0
224,224,224,[1.0],1.0,0,1.0,1.0,0,[1.0],1668090102.048449,116,7.233245134353638,1,0,1,0,0.15,0.5333333333333333,[1.1329381465911865],0.0,7.233245134353638,15,8,0,7.732587099075317,1NR,8.0,1.0
225,225,225,[1.0],1.0,0,1.0,1.0,0,[1.0],1668090111.364332,113,3.3508059978485107,1,0,1,0,0.15,0.5,[1.0854148864746094],1.0,3.3508059978485107,4,2,0,3.851454973220825,1R,9.0,1.0
226,226,226,[1.0],1.0,0,1.0,1.0,0,[1.0],1668090116.997361,131,7.300616025924683,1,0,1,0,0.15,0.7333333333333333,[1.3838181495666504],0.0,7.300616025924683,15,11,0,7.7994019985198975,1NR,10.0,1.0
227,227,227,[1.0],1.0,0,1.0,1.0,0,[1.0],1668090126.013296,106,2.199416160583496,1,0,1,0,0.15,1.0,[0.9660329818725586],1.0,2.199416160583496,1,1,0,2.6994059085845947,1R,11.0,1.0
228,228,228,[1.0],1.0,0,-1.0,-1.0,0,[-1.0],1668090131.296433,175,8.216378688812256,1,0,1,0,0.0,0.8666666666666667,[2.1169626712799072],0.0,8.216378688812256,15,13,0,8.716013669967651,1NR,12.0,1.0
229,229,229,[-1.0],-1.0,0,-1.0,1.0,0,[1.0],1668090140.728579,118,7.133328914642334,1,0,-1,0,0.15,0.4666666666666667,[1.166801929473877],0.0,7.133328914642334,15,7,0,7.632678747177124,,,
230,230,230,[-1.0],-1.0,0,-1.0,1.0,0,[1.0],1668090151.594659,215,5.049359083175659,1,0,-1,0,0.15,0.75,[2.782663106918335],1.0,5.049359083175659,4,3,0,5.549149990081787,1R,0.0,1.0
231,231,231,[-1.0],-1.0,0,-1.0,1.0,0,[1.0],1668090158.17786,184,4.850085020065308,1,0,-1,0,0.15,0.2,[2.266922950744629],1.0,4.850085020065308,5,1,0,5.34974479675293,1R,1.0,1.0
232,232,232,[-1.0],-1.0,0,-1.0,1.0,0,[1.0],1668090164.094906,126,5.567578077316284,1,0,-1,0,0.15,0.7,[1.3006131649017334],1.0,5.567578077316284,10,7,0,6.083384990692139,1R,2.0,1.0
233,233,233,[-1.0],-1.0,0,-1.0,1.0,0,[1.0],1668090171.660144,121,5.21720027923584,1,0,-1,0,0.15,0.7777777777777778,[1.2198760509490967],1.0,5.21720027923584,9,7,0,5.716513156890869,1R,3.0,1.0
234,234,234,[-1.0],-1.0,0,-1.0,1.0,0,[1.0],1668090179.4761732,154,5.349761009216309,1,0,-1,0,0.15,0.75,[1.7662200927734375],1.0,5.349761009216309,8,6,0,5.850502014160156,1R,4.0,1.0
235,235,235,[-1.0],-1.0,0,-1.0,1.0,0,[1.0],1668090186.576746,136,3.366894006729126,1,0,-1,0,0.15,0.6666666666666666,[1.4666228294372559],1.0,3.366894006729126,3,2,0,3.866434097290039,1R,5.0,1.0
236,236,236,[1.0],1.0,0,-1.0,-1.0,0,[-1.0],1668090192.9083352,195,8.399592161178589,1,0,1,0,0.0,0.6,[2.449784994125366],0.0,8.399592161178589,15,9,0,8.898893117904663,,,
237,237,237,[1.0],1.0,0,-1.0,-1.0,0,[-1.0],1668090202.007873,106,6.86616587638855,1,0,1,0,0.0,0.6666666666666666,[0.966500997543335],0.0,6.86616587638855,15,10,0,7.365616083145142,,,
238,238,238,[1.0],1.0,0,-1.0,-1.0,0,[-1.0],1668090211.140322,115,7.016217947006226,1,0,1,0,0.0,0.6,[1.1153991222381592],0.0,7.016217947006226,15,9,0,7.514980316162109,,,
239,239,239,[1.0],1.0,0,1.0,1.0,0,[1.0],1668090220.4067469,123,7.350011110305786,1,0,1,0,0.15,0.6666666666666666,[1.2497482299804688],0.0,7.350011110305786,15,10,0,7.849115133285522,,,
240,240,240,[-1.0],-1.0,0,1.0,-1.0,0,[-1.0],1668090230.673334,170,8.016167163848877,1,0,-1,0,0.0,0.7333333333333333,[2.032651901245117],0.0,8.016167163848877,15,11,0,8.515708208084106,,,
241,241,241,[1.0],1.0,0,1.0,1.0,0,[1.0],1668090240.038488,121,4.132899761199951,1,0,1,0,0.15,0.5,[1.2164809703826904],1.0,4.132899761199951,6,3,0,4.633579969406128,1R,0.0,1.0
242,242,242,[1.0],1.0,0,1.0,1.0,0,[1.0],1668090245.921356,106,3.583292007446289,1,0,1,0,0.15,0.6,[0.9656951427459717],1.0,3.583292007446289,5,3,0,4.082633972167969,1R,1.0,1.0
243,243,243,[1.0],1.0,0,1.0,1.0,0,[1.0],1668090251.487486,106,2.533025026321411,1,0,1,0,0.15,1.0,[0.9662401676177979],1.0,2.533025026321411,2,2,0,3.034276008605957,1R,2.0,1.0
244,244,244,[1.0],1.0,0,1.0,1.0,0,[1.0],1668090256.420444,133,4.6494128704071045,1,0,1,0,0.15,0.5714285714285714,[1.4164319038391113],1.0,4.6494128704071045,7,4,0,5.1493120193481445,1R,3.0,1.0
245,245,245,[1.0],1.0,0,1.0,1.0,0,[1.0],1668090262.754037,113,5.982178688049316,1,0,1,0,0.15,0.5833333333333334,[1.0835599899291992],1.0,5.982178688049316,12,7,0,6.482187032699585,1R,4.0,1.0
246,246,246,[1.0],1.0,0,1.0,1.0,0,[1.0],1668090270.869539,116,7.099313020706177,1,0,1,0,0.15,0.4666666666666667,[1.1329541206359863],0.0,7.099313020706177,15,7,0,7.59877610206604,1NR,5.0,1.0
247,247,247,[1.0],1.0,0,1.0,1.0,0,[1.0],1668090280.219244,124,3.1665189266204834,1,0,1,0,0.15,0.6666666666666666,[1.2663578987121582],1.0,3.1665189266204834,3,2,0,3.665868997573853,1R,6.0,1.0
248,248,248,[1.0],1.0,0,1.0,1.0,0,[1.0],1668090285.402109,127,2.565794944763184,1,0,1,0,0.15,1.0,[1.3160319328308105],1.0,2.565794944763184,1,1,0,3.065932035446167,1R,7.0,1.0
249,249,249,[1.0],1.0,0,1.0,1.0,0,[1.0],1668090290.168517,142,6.466518878936768,1,0,1,0,0.15,0.5833333333333334,[1.5678019523620605],1.0,6.466518878936768,12,7,0,6.965652227401733,1R,8.0,1.0
250,250,250,[1.0],1.0,0,1.0,1.0,0,[1.0],1668090298.3852532,121,5.11558985710144,1,0,1,0,0.15,0.6666666666666666,[1.216641902923584],1.0,5.11558985710144,9,6,0,5.615990877151489,1R,9.0,1.0
251,251,251,[1.0],1.0,0,1.0,1.0,0,[1.0],1668090305.6336792,126,3.867501974105835,1,0,1,0,0.15,0.8,[1.300300121307373],1.0,3.867501974105835,5,4,0,4.366858005523682,1R,10.0,1.0
252,252,252,[1.0],1.0,0,-1.0,-1.0,0,[-1.0],1668090311.333629,116,7.232571840286255,1,0,1,0,0.0,0.6,[1.1327617168426514],0.0,7.232571840286255,15,9,0,7.732424974441528,1NR,11.0,1.0
253,253,253,[1.0],1.0,0,-1.0,-1.0,0,[-1.0],1668090320.532557,106,6.882412910461426,1,0,1,0,0.0,0.8,[0.9671359062194824],0.0,6.882412910461426,15,12,0,7.382891893386841,2NR,12.0,1.0
254,254,254,[-1.0],-1.0,0,-1.0,1.0,0,[1.0],1668090330.549374,167,4.233787775039673,1,0,-1,0,0.15,1.0,[1.9840550422668457],1.0,4.233787775039673,4,4,0,4.732700824737549,1R,0.0,1.0
255,255,255,[-1.0],-1.0,0,-1.0,1.0,0,[1.0],1668090336.21519,132,4.317320823669434,1,0,-1,0,0.15,0.8333333333333334,[1.3994617462158203],1.0,4.317320823669434,6,5,0,4.817014932632446,1R,1.0,1.0
256,256,256,[-1.0],-1.0,0,-1.0,1.0,0,[1.0],1668090342.281085,116,3.4159960746765137,1,0,-1,0,0.15,0.75,[1.1341700553894043],1.0,3.4159960746765137,4,3,0,3.915993213653565,1R,2.0,1.0
257,257,257,[-1.0],-1.0,0,-1.0,1.0,0,[1.0],1668090348.180782,146,7.282747268676758,1,0,-1,0,0.15,0.5,[1.633141040802002],1.0,7.282747268676758,14,7,0,7.783048152923584,1R,3.0,1.0
258,258,258,[-1.0],-1.0,0,-1.0,1.0,0,[1.0],1668090357.246752,125,4.183113098144531,1,0,-1,0,0.15,0.5,[1.282999038696289],1.0,4.183113098144531,6,3,0,4.683160781860352,1R,4.0,1.0
259,259,259,[-1.0],-1.0,0,-1.0,1.0,0,[1.0],1668090363.346606,120,7.099746942520142,1,0,-1,0,0.15,0.6,[1.1998848915100098],0.0,7.099746942520142,15,9,0,7.599285840988159,1NR,5.0,1.0
260,260,260,[1.0],1.0,0,-1.0,-1.0,0,[-1.0],1668090372.9627929,144,7.716300964355469,1,0,1,0,0.0,0.6666666666666666,[1.6000089645385742],0.0,7.716300964355469,15,10,0,8.215686082839966,,,
261,261,261,[1.0],1.0,0,-1.0,-1.0,0,[-1.0],1668090382.195019,106,6.899049997329712,1,0,1,0,0.0,0.7333333333333333,[0.9657008647918701],0.0,6.899049997329712,15,11,0,7.398181915283203,,,
262,262,262,[1.0],1.0,0,-1.0,-1.0,0,[-1.0],1668090391.477879,122,7.334497690200806,1,0,1,0,0.0,0.6666666666666666,[1.2347838878631592],0.0,7.334497690200806,15,10,0,7.833838939666748,,,
263,263,263,[1.0],1.0,0,-1.0,-1.0,0,[-1.0],1668090401.410642,149,7.598990201950073,1,0,1,0,0.0,0.6,[1.6993038654327393],0.0,7.598990201950073,15,9,0,8.09909200668335,,,
264,264,264,[-1.0],-1.0,0,-1.0,1.0,0,[1.0],1668090411.0599449,144,5.850318193435669,1,0,-1,0,0.15,0.6,[1.6000261306762695],1.0,5.850318193435669,10,6,0,6.350130081176758,1R,10.0,1.0
265,265,265,[-1.0],-1.0,0,-1.0,1.0,0,[1.0],1668090418.393043,109,4.666356086730957,1,0,-1,0,0.15,0.75,[1.0165841579437256],1.0,4.666356086730957,8,6,0,5.166158199310303,1R,11.0,1.0
266,266,266,[-1.0],-1.0,0,-1.0,1.0,0,[1.0],1668090425.858888,155,7.750405788421631,1,0,-1,0,0.15,0.6666666666666666,[1.7834289073944092],0.0,7.750405788421631,15,10,0,8.249799966812134,1NR,12.0,1.0
267,267,267,[-1.0],-1.0,0,-1.0,1.0,0,[1.0],1668090436.1746922,181,5.483315944671631,1,0,-1,0,0.15,0.8571428571428571,[2.2163310050964355],1.0,5.483315944671631,7,6,0,5.983121871948242,1R,13.0,1.0
268,268,268,[-1.0],-1.0,0,-1.0,1.0,0,[1.0],1668090442.790941,125,5.516844034194946,1,0,-1,0,0.15,0.7,[1.2831411361694336],1.0,5.516844034194946,10,7,0,6.017064094543457,1R,14.0,1.0
269,269,269,[-1.0],-1.0,0,1.0,-1.0,0,[-1.0],1668090450.223975,116,7.066363096237183,1,0,-1,0,0.0,0.5333333333333333,[1.1329708099365234],0.0,7.066363096237183,15,8,0,7.565455913543701,1NR,15.0,1.0
270,270,270,[1.0],1.0,0,1.0,1.0,0,[1.0],1668090460.023464,153,4.333332061767578,1,0,1,0,0.15,0.6,[1.7501230239868164],1.0,4.333332061767578,5,3,0,4.832848310470581,1R,0.0,1.0
271,271,271,[1.0],1.0,0,1.0,1.0,0,[1.0],1668090466.455876,158,7.732721090316772,1,0,1,0,0.15,0.7333333333333333,[1.8337461948394775],1.0,7.732721090316772,15,11,0,8.232522010803223,1R,1.0,1.0
272,272,272,[1.0],1.0,0,1.0,1.0,0,[1.0],1668090476.022134,138,3.7498350143432617,1,0,1,0,0.15,0.5,[1.499582052230835],1.0,3.7498350143432617,4,2,0,4.249521970748901,1R,2.0,1.0
273,273,273,[1.0],1.0,0,1.0,1.0,0,[1.0],1668090482.088038,159,5.0832812786102295,1,0,1,0,0.15,0.8571428571428571,[1.849682331085205],1.0,5.0832812786102295,7,6,0,5.583383083343506,1R,3.0,1.0
274,274,274,[1.0],1.0,0,1.0,1.0,0,[1.0],1668090488.337683,106,6.8677659034729,1,0,1,0,0.15,0.8,[0.9663469791412354],0.0,6.8677659034729,15,12,0,7.366599082946777,1NR,4.0,1.0
275,275,275,[1.0],1.0,0,1.0,1.0,0,[1.0],1668090497.320405,106,4.1995530128479,1,0,1,0,0.15,1.0,[0.9660499095916748],1.0,4.1995530128479,7,7,0,4.69928503036499,1R,5.0,1.0
276,276,276,[1.0],1.0,0,1.0,1.0,0,[1.0],1668090503.870545,126,3.933269023895264,1,0,1,0,0.15,0.8,[1.3161978721618652],1.0,3.933269023895264,5,4,0,4.433941841125488,1R,6.0,1.0
277,277,277,[1.0],1.0,0,1.0,1.0,0,[1.0],1668090509.519679,110,4.632349014282227,1,0,1,0,0.15,0.75,[1.0323069095611572],1.0,4.632349014282227,8,6,0,5.1321117877960205,1R,7.0,1.0
278,278,278,[1.0],1.0,0,1.0,1.0,0,[1.0],1668090516.168919,110,5.600271701812744,1,0,1,0,0.15,0.7272727272727273,[1.0333528518676758],1.0,5.600271701812744,11,8,0,6.0991528034210205,1R,8.0,1.0
279,279,279,[1.0],1.0,0,1.0,1.0,0,[1.0],1668090523.8522198,111,2.2996950149536133,1,0,1,0,0.15,1.0,[1.0494379997253418],1.0,2.2996950149536133,1,1,0,2.799307107925415,1R,9.0,1.0
280,280,280,[1.0],1.0,0,-1.0,-1.0,0,[-1.0],1668090528.201945,118,7.082309722900391,1,0,1,0,0.0,0.4666666666666667,[1.1659059524536133],0.0,7.082309722900391,15,7,0,7.581788778305054,1NR,10.0,1.0
281,281,281,[1.0],1.0,0,-1.0,-1.0,0,[-1.0],1668090537.5848022,129,7.249587059020996,1,0,1,0,0.0,0.8666666666666667,[1.3501200675964355],0.0,7.249587059020996,15,13,0,7.748897075653076,2NR,11.0,1.0
282,282,282,[-1.0],-1.0,0,-1.0,1.0,0,[1.0],1668090548.250154,206,4.866231918334961,1,0,-1,0,0.15,1.0,[2.6329407691955566],1.0,4.866231918334961,4,4,0,5.367228031158447,1R,0.0,1.0
283,283,283,[-1.0],-1.0,0,-1.0,1.0,0,[1.0],1668090553.9164128,131,6.30181360244751,1,0,-1,0,0.15,0.5833333333333334,[1.3837299346923828],1.0,6.30181360244751,12,7,0,6.799361705780029,1R,1.0,1.0
284,284,284,[-1.0],-1.0,0,-1.0,1.0,0,[1.0],1668090563.449106,201,4.449612855911255,1,0,-1,0,0.15,0.3333333333333333,[2.549072027206421],1.0,4.449612855911255,3,1,0,4.94920802116394,1R,2.0,1.0
285,285,285,[-1.0],-1.0,0,-1.0,1.0,0,[1.0],1668090568.682938,127,2.983612060546875,1,0,-1,0,0.15,0.5,[1.3170671463012695],1.0,2.983612060546875,2,1,0,3.483252048492432,1R,3.0,1.0
286,286,286,[-1.0],-1.0,0,-1.0,1.0,0,[1.0],1668090573.3818848,112,4.316321849822998,1,0,-1,0,0.15,0.8571428571428571,[1.0662569999694824],1.0,4.316321849822998,7,6,0,4.815835952758789,1R,4.0,1.0
287,287,287,[-1.0],-1.0,0,-1.0,1.0,0,[1.0],1668090579.8823612,122,7.1328771114349365,1,0,-1,0,0.15,0.6666666666666666,[1.2342970371246338],0.0,7.1328771114349365,15,10,0,7.632705926895142,1NR,5.0,1.0
288,288,288,[1.0],1.0,0,-1.0,-1.0,0,[-1.0],1668090588.8646688,106,7.065886974334717,1,0,1,0,0.0,0.8,[0.9664909839630127],0.0,7.065886974334717,15,12,0,7.565607070922852,,,
289,289,289,[1.0],1.0,0,-1.0,-1.0,0,[-1.0],1668090598.346647,124,7.166437149047852,1,0,1,0,0.0,0.6,[1.2665948867797852],0.0,7.166437149047852,15,9,0,7.682585000991821,,,
290,290,290,[1.0],1.0,0,-1.0,-1.0,0,[-1.0],1668090607.379166,108,6.899394035339356,1,0,1,0,0.0,0.6666666666666666,[0.9998672008514404],0.0,6.899394035339356,15,10,0,7.398842096328735,,,
291,291,291,[1.0],1.0,0,-1.0,-1.0,0,[-1.0],1668090616.361734,106,6.883340835571289,1,0,1,0,0.0,0.6666666666666666,[0.9666328430175781],0.0,6.883340835571289,15,10,0,7.382854700088501,,,
292,292,292,[1.0],1.0,0,-1.0,-1.0,0,[-1.0],1668090625.361214,106,7.083104133605957,1,0,1,0,0.0,0.6666666666666666,[0.9666740894317627],0.0,7.083104133605957,15,10,0,7.582932949066162,,,
293,293,293,[-1.0],-1.0,0,1.0,-1.0,0,[-1.0],1668090635.461115,160,7.966196060180664,1,0,-1,0,0.0,0.6,[1.8660359382629395],0.0,7.966196060180664,15,9,0,8.465756177902222,,,
294,294,294,[-1.0],-1.0,0,1.0,-1.0,0,[-1.0],1668090646.0270238,186,8.398914813995361,1,0,-1,0,0.0,0.5333333333333333,[2.299659013748169],0.0,8.398914813995361,15,8,0,8.898690700531006,,,
295,295,295,[1.0],1.0,0,1.0,1.0,0,[1.0],1668090655.4262788,114,5.563385009765625,1,0,1,0,0.15,0.8,[1.0999491214752197],1.0,5.563385009765625,10,8,0,6.062747955322266,1R,0.0,1.0
296,296,296,[1.0],1.0,0,1.0,1.0,0,[1.0],1668090663.372204,135,5.032381057739258,1,0,1,0,0.15,0.75,[1.4486608505249023],1.0,5.032381057739258,8,6,0,5.531646966934204,1R,1.0,1.0
297,297,297,[1.0],1.0,0,1.0,1.0,0,[1.0],1668090670.0382662,111,2.949852228164673,1,0,1,0,0.15,0.3333333333333333,[1.0500071048736572],1.0,2.949852228164673,3,1,0,3.448903083801269,1R,2.0,1.0
298,298,298,[1.0],1.0,0,1.0,1.0,0,[1.0],1668090674.904943,108,6.899677991867065,1,0,1,0,0.15,0.5333333333333333,[0.9999630451202393],0.0,6.899677991867065,15,8,0,7.399200916290283,1NR,3.0,1.0
299,299,299,[1.0],1.0,0,1.0,1.0,0,[1.0],1668090685.2205608,185,3.850270986557007,1,0,1,0,0.15,1.0,[2.2829411029815674],1.0,3.850270986557007,2,2,0,4.350006103515625,1R,4.0,1.0
300,300,300,[1.0],1.0,0,1.0,1.0,0,[1.0],1668090690.004854,121,4.132709264755249,1,0,1,0,0.15,0.6666666666666666,[1.2166950702667236],1.0,4.132709264755249,6,4,0,4.632805109024048,1R,5.0,1.0
301,301,301,[1.0],1.0,0,1.0,1.0,0,[1.0],1668090695.903198,107,4.248924255371094,1,0,1,0,0.15,0.7142857142857143,[0.9828081130981445],1.0,4.248924255371094,7,5,0,4.748913288116455,1R,6.0,1.0
302,302,302,[1.0],1.0,0,1.0,1.0,0,[1.0],1668090702.236213,112,7.183691024780273,1,0,1,0,0.15,0.6666666666666666,[1.06636381149292],0.0,7.183691024780273,15,10,0,7.682914018630981,1NR,7.0,1.0
303,303,303,[1.0],1.0,0,1.0,1.0,0,[1.0],1668090712.1691608,150,6.266780853271484,1,0,1,0,0.15,0.8181818181818182,[1.700322151184082],1.0,6.266780853271484,11,9,0,6.7665979862213135,1R,8.0,1.0
304,304,304,[1.0],1.0,0,1.0,1.0,0,[1.0],1668090719.918211,114,3.3332679271698,1,0,1,0,0.15,1.0,[1.0996391773223877],1.0,3.3332679271698,4,4,0,3.83279013633728,1R,9.0,1.0
305,305,305,[1.0],1.0,0,-1.0,-1.0,0,[-1.0],1668090725.1016908,106,6.86591100692749,1,0,1,0,0.0,0.7333333333333333,[0.9662160873413086],0.0,6.86591100692749,15,11,0,7.365426063537598,1NR,10.0,1.0
306,306,306,[1.0],1.0,0,-1.0,-1.0,0,[-1.0],1668090735.850456,212,8.832443952560425,1,0,1,0,0.0,0.6,[2.732421875],0.0,8.832443952560425,15,9,0,9.332294940948486,2NR,11.0,1.0
307,307,307,[-1.0],-1.0,0,-1.0,1.0,0,[1.0],1668090745.800032,147,7.649416923522949,1,0,-1,0,0.15,0.6,[1.6495590209960938],0.0,7.649416923522949,15,9,0,8.14903974533081,,,
308,308,308,[-1.0],-1.0,0,-1.0,1.0,0,[1.0],1668090756.782846,218,5.416567087173462,1,0,-1,0,0.15,0.6,[2.833714246749878],1.0,5.416567087173462,5,3,0,5.916905879974365,1R,0.0,1.0
309,309,309,[-1.0],-1.0,0,-1.0,1.0,0,[1.0],1668090763.465224,170,4.699806213378906,1,0,-1,0,0.15,0.4,[2.03302001953125],1.0,4.699806213378906,5,2,0,5.1993958950042725,1R,1.0,1.0
310,310,310,[-1.0],-1.0,0,-1.0,1.0,0,[1.0],1668090769.531818,130,7.399779796600342,1,0,-1,0,0.15,1.0,[1.3663320541381836],0.0,7.399779796600342,15,15,0,7.898941993713379,1NR,2.0,1.0
311,311,311,[1.0],1.0,0,-1.0,-1.0,0,[-1.0],1668090779.64799,165,7.882973909378052,1,0,1,0,0.0,0.6666666666666666,[1.9499740600585938],0.0,7.882973909378052,15,10,0,8.382513046264648,,,
312,312,312,[1.0],1.0,0,-1.0,-1.0,0,[-1.0],1668090788.696705,106,6.866483926773071,1,0,1,0,0.0,0.7333333333333333,[0.9667460918426514],0.0,6.866483926773071,15,11,0,7.366285085678101,,,
313,313,313,[1.0],1.0,0,-1.0,-1.0,0,[-1.0],1668090797.6794171,106,7.066220998764038,1,0,1,0,0.0,0.4666666666666667,[0.9669408798217773],0.0,7.066220998764038,15,7,0,7.565536975860596,,,
314,314,314,[1.0],1.0,0,-1.0,-1.0,0,[-1.0],1668090807.112012,121,7.1495912075042725,1,0,1,0,0.0,0.8,[1.2166850566864014],0.0,7.1495912075042725,15,12,0,7.649763107299805,,,
315,315,315,[1.0],1.0,0,-1.0,-1.0,0,[-1.0],1668090816.179181,109,6.950240135192871,1,0,1,0,0.0,0.8,[1.0165798664093018],0.0,6.950240135192871,15,12,0,7.449258089065552,,,
316,316,316,[1.0],1.0,0,-1.0,-1.0,0,[-1.0],1668090825.194458,106,6.8661720752716064,1,0,1,0,0.0,0.5333333333333333,[0.9663519859313965],0.0,6.8661720752716064,15,8,0,7.365616083145142,,,
317,317,317,[-1.0],-1.0,0,1.0,-1.0,0,[-1.0],1668090835.810671,204,8.515686988830566,1,0,-1,0,0.0,0.7333333333333333,[2.59954571723938],0.0,8.515686988830566,15,11,0,9.015605926513672,,,
318,318,318,[-1.0],-1.0,0,1.0,-1.0,0,[-1.0],1668090845.909555,168,8.099582195281982,1,0,-1,0,0.0,0.4,[2.000925064086914],0.0,8.099582195281982,15,6,0,8.600082159042358,,,
319,319,319,[1.0],1.0,0,1.0,1.0,0,[1.0],1668090856.19264,169,8.066502094268799,1,0,1,0,0.15,0.5333333333333333,[2.0165421962738037],1.0,8.066502094268799,15,8,0,8.566141128540039,1R,0.0,1.0
320,320,320,[1.0],1.0,0,1.0,1.0,0,[1.0],1668090865.425128,109,2.616093158721924,1,0,1,0,0.15,0.5,[1.0161101818084717],1.0,2.616093158721924,2,1,0,3.1158080101013184,1R,1.0,1.0
321,321,321,[1.0],1.0,0,1.0,1.0,0,[1.0],1668090870.0751371,114,4.700224161148071,1,0,1,0,0.15,0.75,[1.0996320247650146],1.0,4.700224161148071,8,6,0,5.199663877487183,1R,2.0,1.0
322,322,322,[1.0],1.0,0,1.0,1.0,0,[1.0],1668090876.9412322,122,2.465414047241211,1,0,1,0,0.15,1.0,[1.2337000370025635],1.0,2.465414047241211,1,1,0,2.9651999473571777,1R,3.0,1.0
323,323,323,[1.0],1.0,0,1.0,1.0,0,[1.0],1668090881.174412,111,2.300358772277832,1,0,1,0,0.15,1.0,[1.050616979598999],1.0,2.300358772277832,1,1,0,2.800357818603516,1R,4.0,1.0
324,324,324,[1.0],1.0,0,1.0,1.0,0,[1.0],1668090885.674034,126,3.233193874359131,1,0,1,0,0.15,0.6666666666666666,[1.3001630306243896],1.0,3.233193874359131,3,2,0,3.733024835586548,1R,5.0,1.0
325,325,325,[1.0],1.0,0,1.0,1.0,0,[1.0],1668090890.740332,118,2.749580144882202,1,0,1,0,0.15,0.5,[1.1669440269470215],1.0,2.749580144882202,2,1,0,3.2494821548461914,1R,6.0,1.0
326,326,326,[1.0],1.0,0,1.0,1.0,0,[1.0],1668090895.739619,136,5.732866764068604,1,0,1,0,0.15,0.8,[1.4657306671142578],1.0,5.732866764068604,10,8,0,6.23298978805542,1R,7.0,1.0
327,327,327,[1.0],1.0,0,1.0,1.0,0,[1.0],1668090903.2566998,119,4.883214712142944,1,0,1,0,0.15,0.375,[1.1823689937591553],1.0,4.883214712142944,8,3,0,5.383271932601929,1R,8.0,1.0
328,328,328,[1.0],1.0,0,1.0,1.0,0,[1.0],1668090909.954986,106,6.5484459400177,1,0,1,0,0.15,0.5714285714285714,[0.9655230045318604],1.0,6.5484459400177,14,8,0,7.048461198806763,1R,9.0,1.0
329,329,329,[1.0],1.0,0,1.0,1.0,0,[1.0],1668090918.688025,111,6.966347217559815,1,0,1,0,0.15,0.6666666666666666,[1.0493571758270264],0.0,6.966347217559815,15,10,0,7.46576714515686,1NR,10.0,1.0
330,330,330,[1.0],1.0,0,1.0,1.0,0,[1.0],1668090927.9877608,124,3.18317985534668,1,0,1,0,0.15,0.6666666666666666,[1.2658028602600098],1.0,3.18317985534668,3,2,0,3.682573795318604,1R,11.0,1.0
331,331,331,[1.0],1.0,0,-1.0,-1.0,0,[-1.0],1668090932.95383,113,7.198648691177368,1,0,1,0,0.0,0.4666666666666667,[1.082763910293579],0.0,7.198648691177368,15,7,0,7.698934078216553,1NR,12.0,1.0
332,332,332,[-1.0],-1.0,0,-1.0,1.0,0,[1.0],1668090944.4536488,244,5.5165839195251465,1,0,-1,0,0.15,1.0,[3.266305923461914],1.0,5.5165839195251465,4,4,0,6.016143798828125,1R,0.0,1.0
333,333,333,[-1.0],-1.0,0,-1.0,1.0,0,[1.0],1668090950.8866172,175,7.749311923980713,1,0,-1,0,0.15,0.8571428571428571,[2.1157066822052],1.0,7.749311923980713,14,12,0,8.249080657958984,1R,1.0,1.0
334,334,334,[-1.0],-1.0,0,-1.0,1.0,0,[1.0],1668090959.68481,109,2.5829708576202397,1,0,-1,0,0.15,0.5,[1.015923023223877],1.0,2.5829708576202397,2,1,0,3.082930088043213,1R,2.0,1.0
335,335,335,[-1.0],-1.0,0,-1.0,1.0,0,[1.0],1668090965.618428,193,5.000083923339844,1,0,-1,0,0.15,0.6,[2.4167017936706543],1.0,5.000083923339844,5,3,0,5.499847888946533,1R,3.0,1.0
336,336,336,[-1.0],-1.0,0,-1.0,1.0,0,[1.0],1668090971.7675462,139,5.533443927764893,1,0,-1,0,0.15,0.5555555555555556,[1.5175538063049316],1.0,5.533443927764893,9,5,0,6.032857894897461,1R,4.0,1.0
337,337,337,[-1.0],-1.0,0,-1.0,1.0,0,[1.0],1668090979.167222,127,7.41571569442749,1,0,-1,0,0.15,0.4666666666666667,[1.3164899349212646],0.0,7.41571569442749,15,7,0,7.915490865707397,1NR,5.0,1.0
338,338,338,[1.0],1.0,0,-1.0,-1.0,0,[-1.0],1668090988.533316,115,7.049181938171387,1,0,1,0,0.0,0.6666666666666666,[1.1160991191864014],0.0,7.049181938171387,15,10,0,7.549083948135376,,,
339,339,339,[1.0],1.0,0,-1.0,-1.0,0,[-1.0],1668090997.5989509,110,6.966469764709473,1,0,1,0,0.0,0.6666666666666666,[1.0332458019256592],0.0,6.966469764709473,15,10,0,7.465540885925293,,,
340,340,340,[1.0],1.0,0,-1.0,-1.0,0,[-1.0],1668091006.6820538,110,7.1323230266571045,1,0,1,0,0.0,0.7333333333333333,[1.0327880382537842],0.0,7.1323230266571045,15,11,0,7.632205009460449,,,
341,341,341,[1.0],1.0,0,-1.0,-1.0,0,[-1.0],1668091016.2483242,128,7.233154058456421,1,0,1,0,0.0,0.4666666666666667,[1.3328559398651123],0.0,7.233154058456421,15,7,0,7.732363939285278,,,
342,342,342,[1.0],1.0,0,-1.0,-1.0,0,[-1.0],1668091025.24711,106,7.066551923751831,1,0,1,0,0.0,0.4666666666666667,[0.9664759635925293],0.0,7.066551923751831,15,7,0,7.565923690795898,,,
343,343,343,[-1.0],-1.0,0,-1.0,1.0,0,[1.0],1668091035.297045,158,4.733022928237915,1,0,-1,0,0.15,0.8333333333333334,[1.8338990211486816],1.0,4.733022928237915,6,5,0,5.233170032501221,1R,11.0,1.0
344,344,344,[-1.0],-1.0,0,-1.0,1.0,0,[1.0],1668091042.930033,209,7.598719835281372,1,0,-1,0,0.15,0.5833333333333334,[2.6823809146881104],1.0,7.598719835281372,12,7,0,8.09878396987915,1R,12.0,1.0
345,345,345,[-1.0],-1.0,0,-1.0,1.0,0,[1.0],1668091051.645678,147,5.216830253601074,1,0,-1,0,0.15,0.75,[1.6498548984527588],1.0,5.216830253601074,8,6,0,5.716588973999023,1R,13.0,1.0
346,346,346,[-1.0],-1.0,0,1.0,-1.0,0,[-1.0],1668091058.328463,112,6.982473850250244,1,0,-1,0,0.0,0.7333333333333333,[1.0669879913330078],0.0,6.982473850250244,15,11,0,7.481899976730347,1NR,14.0,1.0
347,347,347,[-1.0],-1.0,0,1.0,-1.0,0,[-1.0],1668091070.6109078,303,10.348913192749023,1,0,-1,0,0.0,0.5333333333333333,[4.249977111816406],0.0,10.348913192749023,15,8,0,10.849242210388184,2NR,15.0,1.0
348,348,348,[-1.0],-1.0,0,1.0,-1.0,0,[-1.0],1668091082.843342,280,9.83259916305542,1,0,-1,0,0.0,0.7333333333333333,[3.8668673038482666],0.0,9.83259916305542,15,11,0,10.331857204437256,3NR,16.0,1.0
349,349,349,[1.0],1.0,0,1.0,1.0,0,[1.0],1668091092.393252,129,7.449624061584473,1,0,1,0,0.15,0.8,[1.3498868942260742],0.0,7.449624061584473,15,12,0,7.949214935302734,,,
350,350,350,[1.0],1.0,0,1.0,1.0,0,[1.0],1668091104.125594,258,5.084317207336426,1,0,1,0,0.15,0.5,[3.4998011589050293],1.0,5.084317207336426,2,1,0,5.58349609375,1R,0.0,1.0
351,351,351,[1.0],1.0,0,1.0,1.0,0,[1.0],1668091108.891484,116,4.366064071655273,1,0,1,0,0.15,0.5714285714285714,[1.1327331066131592],1.0,4.366064071655273,7,4,0,4.866307020187378,1R,1.0,1.0
352,352,352,[1.0],1.0,0,1.0,1.0,0,[1.0],1668091115.158103,108,6.999461889266968,1,0,1,0,0.15,0.5333333333333333,[1.0163986682891846],0.0,6.999461889266968,15,8,0,7.499266862869263,1NR,2.0,1.0
353,353,353,[1.0],1.0,0,1.0,1.0,0,[1.0],1668091125.590615,188,8.248750686645508,1,0,1,0,0.15,0.7333333333333333,[2.3328239917755127],1.0,8.248750686645508,15,11,0,8.748551845550537,1R,3.0,1.0
354,354,354,[1.0],1.0,0,1.0,1.0,0,[1.0],1668091134.791251,115,6.0657618045806885,1,0,1,0,0.15,0.8333333333333334,[1.1160268783569336],1.0,6.0657618045806885,12,10,0,6.56577467918396,1R,4.0,1.0
355,355,355,[1.0],1.0,0,1.0,1.0,0,[1.0],1668091142.789697,106,4.5661561489105225,1,0,1,0,0.15,0.75,[0.9663989543914795],1.0,4.5661561489105225,8,6,0,5.06596827507019,1R,5.0,1.0
356,356,356,[1.0],1.0,0,1.0,1.0,0,[1.0],1668091149.40534,108,3.5995571613311768,1,0,1,0,0.15,0.8,[0.999514102935791],1.0,3.5995571613311768,5,4,0,4.099171161651611,1R,6.0,1.0
357,357,357,[1.0],1.0,0,1.0,1.0,0,[1.0],1668091154.954998,106,7.065969228744507,1,0,1,0,0.15,0.5333333333333333,[0.9657270908355713],0.0,7.065969228744507,15,8,0,7.565756320953369,1NR,7.0,1.0
358,358,358,[1.0],1.0,0,-1.0,-1.0,0,[-1.0],1668091164.521485,128,7.249775171279907,1,0,1,0,0.0,0.7333333333333333,[1.3334801197052002],0.0,7.249775171279907,15,11,0,7.749352216720581,2NR,8.0,1.0
359,359,359,[1.0],1.0,0,-1.0,-1.0,0,[-1.0],1668091173.5209322,106,6.949036121368408,1,0,1,0,0.0,0.6,[0.967116117477417],0.0,6.949036121368408,15,9,0,7.449609279632568,3NR,9.0,1.0
360,360,360,[-1.0],-1.0,0,-1.0,1.0,0,[1.0],1668091184.3701608,213,4.667271852493286,1,0,-1,0,0.15,0.3333333333333333,[2.7501590251922607],1.0,4.667271852493286,3,1,0,5.166956901550293,1R,0.0,1.0
361,361,361,[-1.0],-1.0,0,-1.0,1.0,0,[1.0],1668091189.536191,120,4.449754238128662,1,0,-1,0,0.15,0.7142857142857143,[1.2004210948944092],1.0,4.449754238128662,7,5,0,4.949915885925293,1R,1.0,1.0
362,362,362,[-1.0],-1.0,0,-1.0,1.0,0,[1.0],1668091196.135686,129,4.616720199584961,1,0,-1,0,0.15,0.8571428571428571,[1.3497040271759033],1.0,4.616720199584961,7,6,0,5.116848945617676,1R,2.0,1.0
363,363,363,[-1.0],-1.0,0,-1.0,1.0,0,[1.0],1668091203.268289,159,7.94907808303833,1,0,-1,0,0.15,0.5333333333333333,[1.8503749370574951],0.0,7.94907808303833,15,8,0,8.44983196258545,1NR,3.0,1.0
364,364,364,[-1.0],-1.0,0,-1.0,1.0,0,[1.0],1668091213.717681,179,4.7670769691467285,1,0,-1,0,0.15,0.8,[2.182955026626587],1.0,4.7670769691467285,5,4,0,5.26636815071106,1R,4.0,1.0
365,365,365,[-1.0],-1.0,0,-1.0,1.0,0,[1.0],1668091219.467523,116,7.033854007720947,1,0,-1,0,0.15,0.8666666666666667,[1.1328670978546143],0.0,7.033854007720947,15,13,0,7.5323851108551025,1NR,5.0,1.0
366,366,366,[1.0],1.0,0,-1.0,-1.0,0,[-1.0],1668091228.617007,116,7.23274302482605,1,0,1,0,0.0,0.7333333333333333,[1.1332671642303467],0.0,7.23274302482605,15,11,0,7.732319831848144,,,
367,367,367,[1.0],1.0,0,-1.0,-1.0,0,[-1.0],1668091239.216184,191,8.498986959457397,1,0,1,0,0.0,0.6,[2.382153034210205],0.0,8.498986959457397,15,9,0,8.998637676239014,,,
368,368,368,[1.0],1.0,0,-1.0,-1.0,0,[-1.0],1668091250.915074,252,9.498957872390749,1,0,1,0,0.0,0.6,[3.399548053741455],0.0,9.498957872390749,15,9,0,9.998686075210571,,,
369,369,369,[-1.0],-1.0,0,-1.0,1.0,0,[1.0],1668091260.814173,142,4.8003528118133545,1,0,-1,0,0.15,0.4285714285714285,[1.5661180019378662],1.0,4.8003528118133545,7,3,0,5.299170017242432,1R,9.0,1.0
370,370,370,[-1.0],-1.0,0,-1.0,1.0,0,[1.0],1668091267.3972611,127,2.5503900051116943,1,0,-1,0,0.15,1.0,[1.3183698654174805],1.0,2.5503900051116943,1,1,0,3.049715757369995,1R,10.0,1.0
371,371,371,[-1.0],-1.0,0,1.0,-1.0,0,[-1.0],1668091271.680473,114,7.049890041351318,1,0,-1,0,0.0,0.6666666666666666,[1.0993468761444092],0.0,7.049890041351318,15,10,0,7.549036026000977,1NR,11.0,1.0
372,372,372,[-1.0],-1.0,0,1.0,-1.0,0,[-1.0],1668091281.5632482,157,7.732732057571411,1,0,-1,0,0.0,0.4666666666666667,[1.8157691955566406],0.0,7.732732057571411,15,7,0,8.23251986503601,2NR,12.0,1.0
373,373,373,[1.0],1.0,0,1.0,1.0,0,[1.0],1668091291.162841,139,7.466301918029785,1,0,1,0,0.15,0.4666666666666667,[1.5158820152282715],0.0,7.466301918029785,15,7,0,7.965658903121948,,,
374,374,374,[1.0],1.0,0,1.0,1.0,0,[1.0],1668091301.561719,188,6.249078989028931,1,0,1,0,0.15,0.4444444444444444,[2.3329780101776123],1.0,6.249078989028931,9,4,0,6.749171018600464,1R,0.0,1.0
375,375,375,[1.0],1.0,0,1.0,1.0,0,[1.0],1668091308.7777631,120,7.183142900466919,1,0,1,0,0.15,0.6666666666666666,[1.1994647979736328],0.0,7.183142900466919,15,10,0,7.682214736938477,1NR,1.0,1.0
376,376,376,[1.0],1.0,0,1.0,1.0,0,[1.0],1668091318.977927,172,7.965456008911133,1,0,1,0,0.15,0.6666666666666666,[2.066218137741089],0.0,7.965456008911133,15,10,0,8.465235948562622,2NR,2.0,1.0
377,377,377,[1.0],1.0,0,1.0,1.0,0,[1.0],1668091330.027158,227,6.250141143798828,1,0,1,0,0.15,0.5714285714285714,[2.9826340675354004],1.0,6.250141143798828,7,4,0,6.749410152435303,1R,3.0,1.0
378,378,378,[1.0],1.0,0,1.0,1.0,0,[1.0],1668091336.359384,106,2.199461936950684,1,0,1,0,0.15,1.0,[0.9664781093597412],1.0,2.199461936950684,1,1,0,2.699186086654663,1R,4.0,1.0
379,379,379,[1.0],1.0,0,1.0,1.0,0,[1.0],1668091340.492792,106,6.217319250106812,1,0,1,0,0.15,0.7692307692307693,[0.966447114944458],1.0,6.217319250106812,13,10,0,6.716100215911865,1R,5.0,1.0
380,380,380,[1.0],1.0,0,1.0,1.0,0,[1.0],1668091348.8083708,107,5.549576282501221,1,0,1,0,0.15,0.5454545454545454,[0.9835970401763916],1.0,5.549576282501221,11,6,0,6.049077033996582,1R,6.0,1.0
381,381,381,[1.0],1.0,0,1.0,1.0,0,[1.0],1668091356.409111,106,4.882907867431641,1,0,1,0,0.15,0.6666666666666666,[0.9677340984344482],1.0,4.882907867431641,9,6,0,5.383119821548462,1R,7.0,1.0
382,382,382,[1.0],1.0,0,-1.0,-1.0,0,[-1.0],1668091363.557732,120,7.315923929214477,1,0,1,0,0.0,0.6,[1.200042963027954],0.0,7.315923929214477,15,9,0,7.815418004989624,1NR,8.0,1.0
383,383,383,[-1.0],-1.0,0,-1.0,1.0,0,[1.0],1668091373.406739,144,7.699131965637207,1,0,-1,0,0.15,0.7333333333333333,[1.600351095199585],0.0,7.699131965637207,15,11,0,8.198760986328125,,,
384,384,384,[-1.0],-1.0,0,-1.0,1.0,0,[1.0],1668091382.691421,110,2.316593885421753,1,0,-1,0,0.15,1.0,[1.0325708389282227],1.0,2.316593885421753,1,1,0,2.816154718399048,1R,0.0,1.0
385,385,385,[-1.0],-1.0,0,-1.0,1.0,0,[1.0],1668091386.922622,109,6.949436902999878,1,0,-1,0,0.15,0.4666666666666667,[1.0159521102905273],0.0,6.949436902999878,15,7,0,7.449592113494873,1NR,1.0,1.0
386,386,386,[-1.0],-1.0,0,-1.0,1.0,0,[1.0],1668091396.0386171,112,2.3182268142700195,1,0,-1,0,0.15,1.0,[1.068239688873291],1.0,2.3182268142700195,1,1,0,2.817999839782715,1R,2.0,1.0
387,387,387,[-1.0],-1.0,0,-1.0,1.0,0,[1.0],1668091402.0881212,220,8.765660047531128,1,0,-1,0,0.15,0.6666666666666666,[2.8655550479888916],0.0,8.765660047531128,15,10,0,9.265969038009644,1NR,3.0,1.0
388,388,388,[-1.0],-1.0,0,-1.0,1.0,0,[1.0],1668091412.654633,196,4.700240135192871,1,0,-1,0,0.15,0.75,[2.4664909839630127],1.0,4.700240135192871,4,3,0,5.199751138687134,1R,4.0,1.0
389,389,389,[1.0],1.0,0,-1.0,-1.0,0,[-1.0],1668091417.953802,109,6.933120012283325,1,0,1,0,0.0,0.6,[1.0167760848999023],0.0,6.933120012283325,15,9,0,7.432431936264038,,,
390,390,390,[1.0],1.0,0,-1.0,-1.0,0,[-1.0],1668091426.986706,109,7.115908861160278,1,0,1,0,0.0,0.6666666666666666,[1.0160388946533203],0.0,7.115908861160278,15,10,0,7.615302801132202,,,
391,391,391,[1.0],1.0,0,-1.0,-1.0,0,[-1.0],1668091436.2690408,112,7.167118072509766,1,0,1,0,0.0,0.6666666666666666,[1.0665600299835205],0.0,7.167118072509766,15,10,0,7.682623863220215,,,
392,392,392,[-1.0],-1.0,0,-1.0,1.0,0,[1.0],1668091446.351802,159,7.416936874389648,1,0,-1,0,0.15,0.5714285714285714,[1.8496649265289307],1.0,7.416936874389648,14,8,0,7.9161670207977295,1R,8.0,1.0
393,393,393,[-1.0],-1.0,0,-1.0,1.0,0,[1.0],1668091455.2677262,121,5.48308801651001,1,0,-1,0,0.15,0.6,[1.2159769535064697],1.0,5.48308801651001,10,6,0,5.98213791847229,1R,9.0,1.0
394,394,394,[-1.0],-1.0,0,1.0,-1.0,0,[-1.0],1668091462.584013,108,6.916575908660889,1,0,-1,0,0.0,0.6,[1.000014066696167],0.0,6.916575908660889,15,9,0,7.415957927703857,1NR,10.0,1.0
395,395,395,[-1.0],-1.0,0,1.0,-1.0,0,[-1.0],1668091473.100359,197,8.582712173461914,1,0,-1,0,0.0,0.6666666666666666,[2.483398914337158],0.0,8.582712173461914,15,10,0,9.08367681503296,2NR,11.0,1.0
396,396,396,[1.0],1.0,0,1.0,1.0,0,[1.0],1668091483.5995688,181,5.166218996047974,1,0,1,0,0.15,0.5,[2.2164111137390137],1.0,5.166218996047974,6,3,0,5.665919065475464,1R,0.0,1.0
397,397,397,[1.0],1.0,0,1.0,1.0,0,[1.0],1668091490.265707,148,4.933005094528198,1,0,1,0,0.15,0.7142857142857143,[1.6665327548980713],1.0,4.933005094528198,7,5,0,5.432928085327148,1R,1.0,1.0
398,398,398,[1.0],1.0,0,1.0,1.0,0,[1.0],1668091496.531614,106,6.866456985473633,1,0,1,0,0.15,0.5333333333333333,[0.9665830135345459],0.0,6.866456985473633,15,8,0,7.36604905128479,1NR,2.0,1.0
399,399,399,[1.0],1.0,0,1.0,1.0,0,[1.0],1668091507.182097,206,4.549130916595459,1,0,1,0,0.15,1.0,[2.6331729888916016],1.0,4.549130916595459,3,3,0,5.050318956375122,1R,3.0,1.0
400,400,400,[1.0],1.0,0,1.0,1.0,0,[1.0],1668091512.214161,113,2.6667068004608154,1,0,1,0,0.15,1.0,[1.0844879150390625],1.0,2.6667068004608154,2,2,0,3.1666035652160645,1R,4.0,1.0
401,401,401,[1.0],1.0,0,1.0,1.0,0,[1.0],1668091516.846951,114,2.350106000900269,1,0,1,0,0.15,1.0,[1.0998399257659912],1.0,2.350106000900269,1,1,0,2.849951982498169,1R,5.0,1.0
402,402,402,[1.0],1.0,0,1.0,1.0,0,[1.0],1668091520.996788,106,7.065680980682373,1,0,1,0,0.15,0.6,[0.9667057991027832],0.0,7.065680980682373,15,9,0,7.565478801727295,1NR,6.0,1.0
403,403,403,[1.0],1.0,0,1.0,1.0,0,[1.0],1668091530.4124842,120,2.767220973968506,1,0,1,0,0.15,0.5,[1.1994659900665283],1.0,2.767220973968506,2,1,0,3.26688003540039,1R,7.0,1.0
404,404,404,[1.0],1.0,0,1.0,1.0,0,[1.0],1668091534.895763,106,4.94885778427124,1,0,1,0,0.15,0.5555555555555556,[0.9658298492431641],1.0,4.94885778427124,9,5,0,5.448391914367676,1R,8.0,1.0
405,405,405,[1.0],1.0,0,-1.0,-1.0,0,[-1.0],1668091541.911765,108,7.116038799285889,1,0,1,0,0.0,0.6666666666666666,[1.0001578330993652],0.0,7.116038799285889,15,10,0,7.615942716598511,1NR,9.0,1.0
406,406,406,[1.0],1.0,0,-1.0,-1.0,0,[-1.0],1668091551.111243,106,7.066459894180298,1,0,1,0,0.0,0.8,[0.9666290283203125],0.0,7.066459894180298,15,12,0,7.565943002700806,2NR,10.0,1.0
407,407,407,[-1.0],-1.0,0,-1.0,1.0,0,[1.0],1668091560.427259,114,4.366712808609009,1,0,-1,0,0.15,0.8571428571428571,[1.0994250774383545],1.0,4.366712808609009,7,6,0,4.866595029830933,1R,0.0,1.0
408,408,408,[-1.0],-1.0,0,-1.0,1.0,0,[1.0],1668091566.7435231,110,6.949377059936523,1,0,-1,0,0.15,0.6,[1.0330350399017334],0.0,6.949377059936523,15,9,0,7.449012041091919,1NR,1.0,1.0
409,409,409,[-1.0],-1.0,0,-1.0,1.0,0,[1.0],1668091576.192726,133,3.3334619998931885,1,0,-1,0,0.15,1.0,[1.4161570072174072],1.0,3.3334619998931885,3,3,0,3.832993030548096,1R,2.0,1.0
410,410,410,[-1.0],-1.0,0,-1.0,1.0,0,[1.0],1668091582.658963,202,8.664638996124268,1,0,-1,0,0.15,0.7333333333333333,[2.5653798580169678],0.0,8.664638996124268,15,11,0,9.16470503807068,1NR,3.0,1.0
411,411,411,[-1.0],-1.0,0,-1.0,1.0,0,[1.0],1668091592.275603,128,2.9000232219696045,1,0,-1,0,0.15,0.5,[1.3330471515655518],1.0,2.9000232219696045,2,1,0,3.399383068084717,1R,4.0,1.0
412,412,412,[-1.0],-1.0,0,-1.0,1.0,0,[1.0],1668091597.275726,135,4.083082914352417,1,0,-1,0,0.15,1.0,[1.4496638774871826],1.0,4.083082914352417,5,5,0,4.582599878311157,1R,5.0,1.0
413,413,413,[-1.0],-1.0,0,-1.0,1.0,0,[1.0],1668091603.391107,138,7.5989990234375,1,0,-1,0,0.15,0.6,[1.499762773513794],0.0,7.5989990234375,15,9,0,8.099179983139038,1NR,6.0,1.0
414,414,414,[1.0],1.0,0,-1.0,-1.0,0,[-1.0],1668091613.124626,137,7.399751901626587,1,0,1,0,0.0,0.6,[1.482996940612793],0.0,7.399751901626587,15,9,0,7.899123907089233,,,
415,415,415,[1.0],1.0,0,-1.0,-1.0,0,[-1.0],1668091622.39033,120,7.116220951080322,1,0,1,0,0.0,0.6666666666666666,[1.199666976928711],0.0,7.116220951080322,15,10,0,7.615825891494751,,,
416,416,416,[-1.0],-1.0,0,-1.0,1.0,0,[1.0],1668091633.805668,252,9.499128103256226,1,0,-1,0,0.15,0.5333333333333333,[3.3997392654418945],0.0,9.499128103256226,15,8,0,9.9987051486969,,,
417,417,417,[1.0],1.0,0,-1.0,-1.0,0,[-1.0],1668091643.521805,131,7.399266004562378,1,0,1,0,0.0,0.7333333333333333,[1.3840510845184326],0.0,7.399266004562378,15,11,0,7.898942232131958,,,
418,418,418,[1.0],1.0,0,-1.0,-1.0,0,[-1.0],1668091654.221527,201,8.46730899810791,1,0,1,0,0.0,0.6666666666666666,[2.5508458614349365],0.0,8.46730899810791,15,10,0,8.966289043426514,,,
419,419,419,[1.0],1.0,0,1.0,1.0,0,[1.0],1668091663.287691,106,3.8660478591918954,1,0,1,0,0.15,0.8333333333333334,[0.9667050838470459],1.0,3.8660478591918954,6,5,0,4.365829944610596,1R,0.0,1.0
420,420,420,[1.0],1.0,0,1.0,1.0,0,[1.0],1668091669.187004,108,6.933118343353272,1,0,1,0,0.15,0.7333333333333333,[1.000831127166748],1.0,6.933118343353272,15,11,0,7.432355165481567,1R,1.0,1.0
421,421,421,[1.0],1.0,0,1.0,1.0,0,[1.0],1668091678.336118,114,2.399613857269287,1,0,1,0,0.15,1.0,[1.0997819900512695],1.0,2.399613857269287,1,1,0,2.899322986602783,1R,2.0,1.0
422,422,422,[1.0],1.0,0,1.0,1.0,0,[1.0],1668091682.635558,111,3.999835729598999,1,0,1,0,0.15,0.3333333333333333,[1.0496418476104736],1.0,3.999835729598999,6,2,0,4.499582767486572,1R,3.0,1.0
423,423,423,[1.0],1.0,0,1.0,1.0,0,[1.0],1668091688.551978,106,2.883007049560547,1,0,1,0,0.15,1.0,[0.9661891460418701],1.0,2.883007049560547,3,3,0,3.38227915763855,1R,4.0,1.0
424,424,424,[1.0],1.0,0,1.0,1.0,0,[1.0],1668091693.451402,109,2.9166839122772217,1,0,1,0,0.15,0.3333333333333333,[1.0166010856628418],1.0,2.9166839122772217,3,1,0,3.416351795196533,1R,5.0,1.0
425,425,425,[1.0],1.0,0,1.0,1.0,0,[1.0],1668091698.285743,106,6.883470296859741,1,0,1,0,0.15,0.7333333333333333,[0.9666380882263184],0.0,6.883470296859741,15,11,0,7.383042097091675,1NR,6.0,1.0
426,426,426,[1.0],1.0,0,1.0,1.0,0,[1.0],1668091707.667288,129,4.916739940643311,1,0,1,0,0.15,1.0,[1.3498649597167969],1.0,4.916739940643311,8,8,0,5.416790962219238,1R,7.0,1.0
427,427,427,[1.0],1.0,0,1.0,1.0,0,[1.0],1668091714.2503822,107,4.265846967697144,1,0,1,0,0.15,0.7142857142857143,[0.9826459884643555],1.0,4.265846967697144,7,5,0,4.765605926513672,1R,8.0,1.0
428,428,428,[1.0],1.0,0,1.0,1.0,0,[1.0],1668091720.4994078,106,2.616050958633423,1,0,1,0,0.15,0.5,[0.9659709930419922],1.0,2.616050958633423,2,1,0,3.115630865097046,1R,9.0,1.0
429,429,429,[1.0],1.0,0,1.0,1.0,0,[1.0],1668091725.066253,106,5.233121871948242,1,0,1,0,0.15,0.7,[0.9666459560394287],1.0,5.233121871948242,10,7,0,5.732939720153809,1R,10.0,1.0
430,430,430,[1.0],1.0,0,1.0,1.0,0,[1.0],1668091732.448779,112,4.300081968307495,1,0,1,0,0.15,0.7142857142857143,[1.067331075668335],1.0,4.300081968307495,7,5,0,4.799332141876221,1R,11.0,1.0
431,431,431,[1.0],1.0,0,1.0,1.0,0,[1.0],1668091738.781753,113,6.98318076133728,1,0,1,0,0.15,0.6,[1.0839157104492188],0.0,6.98318076133728,15,9,0,7.482377052307129,1NR,12.0,1.0
432,432,432,[1.0],1.0,0,1.0,1.0,0,[1.0],1668091751.147168,308,6.915914058685303,1,0,1,0,0.15,1.0,[4.333142995834351],1.0,6.915914058685303,5,5,0,7.415725231170654,1R,13.0,1.0
433,433,433,[1.0],1.0,0,1.0,1.0,0,[1.0],1668091756.8140428,106,3.8829402923583984,1,0,1,0,0.15,0.6666666666666666,[0.9665682315826416],1.0,3.8829402923583984,6,4,0,4.382603168487549,1R,14.0,1.0
434,434,434,[1.0],1.0,0,1.0,1.0,0,[1.0],1668091762.879987,118,3.400164127349853,1,0,1,0,0.15,0.5,[1.166450023651123],1.0,3.400164127349853,4,2,0,3.8999390602111816,1R,15.0,1.0
435,435,435,[1.0],1.0,0,-1.0,-1.0,0,[-1.0],1668091768.080034,107,7.082744121551514,1,0,1,0,0.0,0.8,[0.9832761287689209],0.0,7.082744121551514,15,12,0,7.582517147064209,1NR,16.0,1.0
436,436,436,[-1.0],-1.0,0,-1.0,1.0,0,[1.0],1668091779.62863,248,8.566733837127686,1,0,-1,0,0.15,0.6153846153846154,[3.333232879638672],1.0,8.566733837127686,13,8,0,9.066228151321411,1R,0.0,1.0
437,437,437,[-1.0],-1.0,0,-1.0,1.0,0,[1.0],1668091788.6450229,144,4.499437093734741,1,0,-1,0,0.15,1.0,[1.5999081134796143],1.0,4.499437093734741,6,6,0,4.999067068099976,1R,1.0,1.0
438,438,438,[-1.0],-1.0,0,-1.0,1.0,0,[1.0],1668091795.260941,150,4.265768051147461,1,0,-1,0,0.15,0.8,[1.699376106262207],1.0,4.265768051147461,5,4,0,4.766173839569092,1R,2.0,1.0
439,439,439,[-1.0],-1.0,0,-1.0,1.0,0,[1.0],1668091802.411017,201,5.200031995773315,1,0,-1,0,0.15,0.6,[2.5497212409973145],1.0,5.200031995773315,5,3,0,5.699927091598511,1R,3.0,1.0
440,440,440,[-1.0],-1.0,0,-1.0,1.0,0,[1.0],1668091808.143408,111,4.9499828815460205,1,0,-1,0,0.15,0.5555555555555556,[1.0499329566955566],1.0,4.9499828815460205,9,5,0,5.449547052383423,1R,4.0,1.0
441,441,441,[-1.0],-1.0,0,-1.0,1.0,0,[1.0],1668091815.710645,146,3.566275119781494,1,0,-1,0,0.15,0.6666666666666666,[1.6327629089355469],1.0,3.566275119781494,3,2,0,4.065928936004639,1R,5.0,1.0
442,442,442,[-1.0],-1.0,0,-1.0,1.0,0,[1.0],1668091820.892752,124,5.882910966873169,1,0,-1,0,0.15,0.4545454545454545,[1.265890121459961],1.0,5.882910966873169,11,5,0,6.38259220123291,1R,6.0,1.0
443,443,443,[-1.0],-1.0,0,-1.0,1.0,0,[1.0],1668091829.0427678,135,5.699955940246582,1,0,-1,0,0.15,0.6,[1.4665539264678955],1.0,5.699955940246582,10,6,0,6.199733972549439,1R,7.0,1.0
444,444,444,[-1.0],-1.0,0,-1.0,1.0,0,[1.0],1668091837.2083058,160,7.798872709274292,1,0,-1,0,0.15,0.6,[1.8659577369689941],0.0,7.798872709274292,15,9,0,8.298337697982788,1NR,8.0,1.0
445,445,445,[1.0],1.0,0,-1.0,-1.0,0,[-1.0],1668091847.207505,163,7.832858085632324,1,0,1,0,0.0,0.6666666666666666,[1.9170029163360596],0.0,7.832858085632324,15,10,0,8.332607984542847,,,
446,446,446,[1.0],1.0,0,-1.0,-1.0,0,[-1.0],1668091857.942358,208,8.598907947540283,1,0,1,0,0.0,0.8,[2.665822982788086],0.0,8.598907947540283,15,12,0,9.098714113235474,,,
447,447,447,[1.0],1.0,0,-1.0,-1.0,0,[-1.0],1668091867.022616,106,7.065440893173218,1,0,1,0,0.0,0.4,[0.9663040637969971],0.0,7.065440893173218,15,6,0,7.565636873245239,,,
448,448,448,[1.0],1.0,0,-1.0,-1.0,0,[-1.0],1668091878.9055748,267,9.564858675003052,1,0,1,0,0.0,0.8,[3.6652567386627197],0.0,9.564858675003052,15,12,0,10.065013885498049,,,
449,449,449,[-1.0],-1.0,0,1.0,-1.0,0,[-1.0],1668091889.93824,222,8.999756813049316,1,0,-1,0,0.0,0.7333333333333333,[2.8998019695281982],0.0,8.999756813049316,15,11,0,9.498833894729614,,,
450,450,450,[1.0],1.0,0,1.0,1.0,0,[1.0],1668091900.770853,200,8.649296283721924,1,0,1,0,0.15,0.4666666666666667,[2.5329411029815674],0.0,8.649296283721924,15,7,0,9.148956298828123,,,
451,451,451,[-1.0],-1.0,0,1.0,-1.0,0,[-1.0],1668091911.653237,203,8.682649850845337,1,0,-1,0,0.0,0.6,[2.5827038288116455],0.0,8.682649850845337,15,9,0,9.182975053787231,,,
452,452,452,[1.0],1.0,0,1.0,1.0,0,[1.0],1668091924.319045,311,9.3157000541687,1,0,1,0,0.15,0.9166666666666666,[4.3836350440979],1.0,9.3157000541687,12,11,0,9.815468788146973,1R,0.0,1.0
453,453,453,[1.0],1.0,0,1.0,1.0,0,[1.0],1668091932.636904,118,5.732844114303589,1,0,1,0,0.15,0.7272727272727273,[1.1658339500427246],1.0,5.732844114303589,11,8,0,6.232571125030518,1R,1.0,1.0
454,454,454,[1.0],1.0,0,1.0,1.0,0,[1.0],1668091940.234687,106,2.533315896987915,1,0,1,0,0.15,0.5,[0.9669549465179443],1.0,2.533315896987915,2,1,0,3.032912015914917,1R,2.0,1.0
455,455,455,[1.0],1.0,0,1.0,1.0,0,[1.0],1668091944.867838,115,2.733307123184204,1,0,1,0,0.15,1.0,[1.116532325744629],1.0,2.733307123184204,2,2,0,3.2327122688293457,1R,3.0,1.0
456,456,456,[1.0],1.0,0,1.0,1.0,0,[1.0],1668091949.400693,106,6.883585214614868,1,0,1,0,0.15,0.6666666666666666,[0.9667699337005615],1.0,6.883585214614868,15,10,0,7.383027076721191,1R,4.0,1.0
457,457,457,[1.0],1.0,0,1.0,1.0,0,[1.0],1668091958.499872,112,4.299364805221558,1,0,1,0,0.15,0.8571428571428571,[1.06642484664917],1.0,4.299364805221558,7,6,0,4.799031734466553,1R,5.0,1.0
458,458,458,[1.0],1.0,0,1.0,1.0,0,[1.0],1668091964.716094,106,2.534118175506592,1,0,1,0,0.15,1.0,[0.9663300514221191],1.0,2.534118175506592,2,2,0,3.0331790447235107,1R,6.0,1.0
459,459,459,[1.0],1.0,0,1.0,1.0,0,[1.0],1668091969.315938,113,5.349816799163818,1,0,1,0,0.15,0.9,[1.083556890487671],1.0,5.349816799163818,10,9,0,5.849797010421753,1R,7.0,1.0
460,460,460,[1.0],1.0,0,-1.0,-1.0,0,[-1.0],1668091976.59875,106,6.883291244506836,1,0,1,0,0.0,0.8,[0.9668421745300293],0.0,6.883291244506836,15,12,0,7.382854223251343,1NR,8.0,1.0
461,461,461,[1.0],1.0,0,-1.0,-1.0,0,[-1.0],1668091986.647954,170,7.932086944580078,1,0,1,0,0.0,0.7333333333333333,[2.0328779220581055],0.0,7.932086944580078,15,11,0,8.43144679069519,2NR,9.0,1.0
462,462,462,[1.0],1.0,0,-1.0,-1.0,0,[-1.0],1668091997.830868,235,9.032546997070312,1,0,1,0,0.0,0.6666666666666666,[3.1156880855560303],0.0,9.032546997070312,15,10,0,9.532275199890137,3NR,10.0,1.0
463,463,463,[-1.0],-1.0,0,-1.0,1.0,0,[1.0],1668092009.4302158,257,4.717516183853149,1,0,-1,0,0.15,1.0,[3.4825451374053955],1.0,4.717516183853149,1,1,0,5.216647148132324,1R,0.0,1.0
464,464,464,[-1.0],-1.0,0,-1.0,1.0,0,[1.0],1668092014.062761,130,7.4650490283966064,1,0,-1,0,0.15,0.8,[1.3654320240020752],0.0,7.4650490283966064,15,12,0,7.964987993240356,1NR,1.0,1.0
465,465,465,[-1.0],-1.0,0,-1.0,1.0,0,[1.0],1668092024.112135,157,3.0497522354125977,1,0,-1,0,0.15,1.0,[1.81656813621521],1.0,3.0497522354125977,1,1,0,3.5493860244750977,1R,2.0,1.0
466,466,466,[-1.0],-1.0,0,-1.0,1.0,0,[1.0],1668092029.095575,154,4.050853967666626,1,0,-1,0,0.15,0.75,[1.7667160034179688],1.0,4.050853967666626,4,3,0,4.549878120422363,1R,3.0,1.0
467,467,467,[-1.0],-1.0,0,-1.0,1.0,0,[1.0],1668092035.994581,206,5.549799919128418,1,0,-1,0,0.15,0.5,[2.633868932723999],1.0,5.549799919128418,6,3,0,6.049497842788696,1R,4.0,1.0
468,468,468,[-1.0],-1.0,0,-1.0,1.0,0,[1.0],1668092042.1444962,118,5.432573080062866,1,0,-1,0,0.15,0.9,[1.1658880710601807],1.0,5.432573080062866,10,9,0,5.93215799331665,1R,5.0,1.0
469,469,469,[-1.0],-1.0,0,-1.0,1.0,0,[1.0],1668092050.511272,171,4.382532119750977,1,0,-1,0,0.15,0.75,[2.049705982208252],1.0,4.382532119750977,4,3,0,4.882658958435059,1R,6.0,1.0
470,470,470,[-1.0],-1.0,0,-1.0,1.0,0,[1.0],1668092056.8929222,170,4.616214036941528,1,0,-1,0,0.15,0.4,[2.032602071762085],1.0,4.616214036941528,5,2,0,5.11546802520752,1R,7.0,1.0
471,471,471,[-1.0],-1.0,0,1.0,-1.0,0,[-1.0],1668092063.126346,145,7.715279102325439,1,0,-1,0,0.0,0.6,[1.6160118579864502],0.0,7.715279102325439,15,9,0,8.215790033340454,1NR,8.0,1.0
472,472,472,[-1.0],-1.0,0,1.0,-1.0,0,[-1.0],1668092074.0421429,208,8.599704265594482,1,0,-1,0,0.0,0.8,[2.6663341522216797],0.0,8.599704265594482,15,12,0,9.099364280700684,2NR,9.0,1.0
473,473,473,[1.0],1.0,0,1.0,1.0,0,[1.0],1668092083.92552,154,7.699417114257812,1,0,1,0,0.15,0.6,[1.7665719985961914],1.0,7.699417114257812,15,9,0,8.199039936065674,1R,0.0,1.0
474,474,474,[1.0],1.0,0,1.0,1.0,0,[1.0],1668092093.090977,113,6.98255729675293,1,0,1,0,0.15,0.6,[1.0839271545410156],0.0,6.98255729675293,15,9,0,7.482632398605347,1NR,1.0,1.0
475,475,475,[1.0],1.0,0,1.0,1.0,0,[1.0],1668092102.173904,112,3.633226156234741,1,0,1,0,0.15,0.8,[1.0665130615234375],1.0,3.633226156234741,5,4,0,4.1498119831085205,1R,2.0,1.0
476,476,476,[1.0],1.0,0,1.0,1.0,0,[1.0],1668092107.774045,110,6.999705791473389,1,0,1,0,0.15,0.6,[1.0334160327911377],0.0,6.999705791473389,15,9,0,7.499467134475708,1NR,3.0,1.0
477,477,477,[1.0],1.0,0,1.0,1.0,0,[1.0],1668092118.32239,196,6.749520778656006,1,0,1,0,0.15,0.4,[2.466181755065918],1.0,6.749520778656006,10,4,0,7.249543905258179,1R,4.0,1.0
478,478,478,[1.0],1.0,0,1.0,1.0,0,[1.0],1668092125.77211,111,2.316110134124756,1,0,1,0,0.15,1.0,[1.0496501922607422],1.0,2.316110134124756,1,1,0,2.8156158924102783,1R,5.0,1.0
479,479,479,[1.0],1.0,0,1.0,1.0,0,[1.0],1668092129.938236,106,3.550514936447144,1,0,1,0,0.15,1.0,[0.9662599563598633],1.0,3.550514936447144,5,5,0,4.049934148788452,1R,6.0,1.0
480,480,480,[1.0],1.0,0,1.0,1.0,0,[1.0],1668092135.571588,112,4.299357175827026,1,0,1,0,0.15,0.5714285714285714,[1.0682668685913086],1.0,4.299357175827026,7,4,0,4.798975944519043,1R,7.0,1.0
481,481,481,[1.0],1.0,0,1.0,1.0,0,[1.0],1668092141.7880971,106,6.949808120727539,1,0,1,0,0.15,0.6666666666666666,[0.96687912940979],0.0,6.949808120727539,15,10,0,7.449539184570312,1NR,8.0,1.0
482,482,482,[1.0],1.0,0,-1.0,-1.0,0,[-1.0],1668092152.370444,197,8.449264764785767,1,0,1,0,0.0,0.5333333333333333,[2.482970714569092],0.0,8.449264764785767,15,8,0,8.94875693321228,2NR,9.0,1.0
483,483,483,[-1.0],-1.0,0,-1.0,1.0,0,[1.0],1668092162.653273,176,7.031875848770142,1,0,-1,0,0.15,0.4166666666666667,[2.1327028274536133],1.0,7.031875848770142,12,5,0,7.531611919403076,1R,0.0,1.0
484,484,484,[-1.0],-1.0,0,-1.0,1.0,0,[1.0],1668092170.6858728,109,7.116309881210327,1,0,-1,0,0.15,0.5333333333333333,[1.0159690380096436],0.0,7.116309881210327,15,8,0,7.615366220474243,1NR,1.0,1.0
485,485,485,[-1.0],-1.0,0,-1.0,1.0,0,[1.0],1668092181.268864,189,5.332455158233643,1,0,-1,0,0.15,0.6666666666666666,[2.349492311477661],1.0,5.332455158233643,6,4,0,5.83228611946106,1R,2.0,1.0
486,486,486,[-1.0],-1.0,0,-1.0,1.0,0,[1.0],1668092187.251629,106,6.9831178188323975,1,0,-1,0,0.15,0.6,[0.9665460586547852],0.0,6.9831178188323975,15,9,0,7.482520818710327,1NR,3.0,1.0
487,487,487,[-1.0],-1.0,0,-1.0,1.0,0,[1.0],1668092198.700269,247,9.23261022567749,1,0,-1,0,0.15,0.6,[3.315514326095581],0.0,9.23261022567749,15,9,0,9.732246160507202,2NR,4.0,1.0
488,488,488,[1.0],1.0,0,-1.0,-1.0,0,[-1.0],1668092208.416114,143,7.483407020568848,1,0,1,0,0.0,0.4666666666666667,[1.582758903503418],0.0,7.483407020568848,15,7,0,7.982103109359741,,,
489,489,489,[1.0],1.0,0,-1.0,-1.0,0,[-1.0],1668092219.61597,238,9.266265869140623,1,0,1,0,0.0,0.4,[3.1677029132843018],0.0,9.266265869140623,15,6,0,9.76630187034607,,,
490,490,490,[-1.0],-1.0,0,-1.0,1.0,0,[1.0],1668092230.264789,187,8.43351411819458,1,0,-1,0,0.15,0.4666666666666667,[2.3170220851898193],0.0,8.43351411819458,15,7,0,8.932519912719727,,,
491,491,491,[1.0],1.0,0,-1.0,-1.0,0,[-1.0],1668092239.580728,110,6.932539939880371,1,0,1,0,0.0,0.6,[1.0333309173583984],0.0,6.932539939880371,15,9,0,7.431983232498169,,,
492,492,492,[1.0],1.0,0,-1.0,-1.0,0,[-1.0],1668092249.3135722,151,7.649145841598511,1,0,1,0,0.0,0.6666666666666666,[1.7163641452789307],0.0,7.649145841598511,15,10,0,8.165467977523804,,,
493,493,493,[1.0],1.0,0,-1.0,-1.0,0,[-1.0],1668092259.245919,158,7.932414054870605,1,0,1,0,0.0,0.7333333333333333,[1.8328001499176025],0.0,7.932414054870605,15,11,0,8.432214975357056,,,
494,494,494,[-1.0],-1.0,0,-1.0,1.0,0,[1.0],1668092426.5847528,9567,165.18894696235657,1,0,-1,0,0.15,0.2666666666666666,[159.08852696418762],0.0,165.18894696235657,15,4,0,165.68858695030212,,,
495,495,495,[-1.0],-1.0,0,-1.0,1.0,0,[1.0],1668092444.067006,188,8.232110261917114,1,0,-1,0,0.15,0.4,[2.332637071609497],0.0,8.232110261917114,15,6,0,8.732393980026245,,,
496,496,496,[1.0],1.0,0,1.0,1.0,0,[1.0],1668092453.8490748,151,5.283911228179932,1,0,1,0,0.15,0.25,[1.7160098552703857],1.0,5.283911228179932,8,2,0,5.783111095428467,1R,0.0,1.0
497,497,497,[1.0],1.0,0,1.0,1.0,0,[1.0],1668092460.565332,114,2.4167568683624268,1,0,1,0,0.15,1.0,[1.100081205368042],1.0,2.4167568683624268,1,1,0,2.91624116897583,1R,1.0,1.0
498,498,498,[1.0],1.0,0,1.0,1.0,0,[1.0],1668092465.248248,133,5.333164691925049,1,0,1,0,0.15,0.5555555555555556,[1.416940689086914],1.0,5.333164691925049,9,5,0,5.832714080810547,1R,2.0,1.0
499,499,499,[1.0],1.0,0,1.0,1.0,0,[1.0],1668092472.83131,145,3.549657821655273,1,0,1,0,0.15,0.3333333333333333,[1.6165027618408203],1.0,3.549657821655273,3,1,0,4.049196720123291,1R,3.0,1.0
500,500,500,[1.0],1.0,0,1.0,1.0,0,[1.0],1668092477.714516,106,2.916846990585327,1,0,1,0,0.15,0.6666666666666666,[0.9663736820220947],1.0,2.916846990585327,3,2,0,3.4164509773254395,1R,4.0,1.0
501,501,501,[1.0],1.0,0,1.0,1.0,0,[1.0],1668092482.598169,106,3.2002170085906982,1,0,1,0,0.15,1.0,[0.9661359786987305],1.0,3.2002170085906982,4,4,0,3.700041055679321,1R,5.0,1.0
502,502,502,[1.0],1.0,0,1.0,1.0,0,[1.0],1668092487.763767,106,6.898924112319946,1,0,1,0,0.15,0.4666666666666667,[0.9665501117706299],1.0,6.898924112319946,15,7,0,7.398952960968018,1R,6.0,1.0
503,503,503,[1.0],1.0,0,1.0,1.0,0,[1.0],1668092497.662884,159,5.132926940917969,1,0,1,0,0.15,0.7142857142857143,[1.8502070903778076],1.0,5.132926940917969,7,5,0,5.632530927658081,1R,7.0,1.0
504,504,504,[1.0],1.0,0,1.0,1.0,0,[1.0],1668092503.962343,106,2.865889072418213,1,0,1,0,0.15,0.6666666666666666,[0.9660022258758545],1.0,2.865889072418213,3,2,0,3.3661251068115234,1R,8.0,1.0
505,505,505,[1.0],1.0,0,1.0,1.0,0,[1.0],1668092508.795354,106,6.86600399017334,1,0,1,0,0.15,0.4666666666666667,[0.9670331478118896],0.0,6.86600399017334,15,7,0,7.366013050079346,1NR,9.0,1.0
506,506,506,[1.0],1.0,0,1.0,1.0,0,[1.0],1668092518.411783,144,5.849857091903687,1,0,1,0,0.15,0.6,[1.5997109413146973],1.0,5.849857091903687,10,6,0,6.349712133407593,1R,10.0,1.0
507,507,507,[1.0],1.0,0,-1.0,-1.0,0,[-1.0],1668092526.044436,127,7.415627002716064,1,0,1,0,0.0,0.4666666666666667,[1.315450668334961],0.0,7.415627002716064,15,7,0,7.915024757385254,1NR,11.0,1.0
508,508,508,[-1.0],-1.0,0,-1.0,1.0,0,[1.0],1668092538.87653,324,6.866113901138306,1,0,-1,0,0.15,0.75,[4.599507808685303],1.0,6.866113901138306,4,3,0,7.36636209487915,1R,0.0,1.0
509,509,509,[-1.0],-1.0,0,-1.0,1.0,0,[1.0],1668092547.393473,295,10.03247880935669,1,0,-1,0,0.15,0.6,[4.132202863693237],0.0,10.03247880935669,15,9,0,10.531957864761353,1NR,1.0,1.0
510,510,510,[-1.0],-1.0,0,-1.0,1.0,0,[1.0],1668092558.692109,237,4.383148908615112,1,0,-1,0,0.15,1.0,[3.1494879722595215],1.0,4.383148908615112,1,1,0,4.882926940917969,1R,2.0,1.0
511,511,511,[-1.0],-1.0,0,-1.0,1.0,0,[1.0],1668092565.925447,287,10.099397897720335,1,0,-1,0,0.15,0.6,[3.9830050468444824],0.0,10.099397897720335,15,9,0,10.598270893096924,1NR,3.0,1.0
512,512,512,[-1.0],-1.0,0,-1.0,1.0,0,[1.0],1668092579.473923,359,11.28224492073059,1,0,-1,0,0.15,0.5333333333333333,[5.18274998664856],0.0,11.28224492073059,15,8,0,11.781679153442385,2NR,4.0,1.0
513,513,513,[1.0],1.0,0,-1.0,-1.0,0,[-1.0],1668092589.29008,133,7.33236026763916,1,0,1,0,0.0,0.5333333333333333,[1.4162323474884033],0.0,7.33236026763916,15,8,0,7.832231283187866,,,
514,514,514,[-1.0],-1.0,0,-1.0,1.0,0,[1.0],1668092598.306029,106,6.966756820678711,1,0,-1,0,0.15,0.7333333333333333,[0.966839075088501],1.0,6.966756820678711,15,11,0,7.466243743896484,1R,6.0,1.0
515,515,515,[-1.0],-1.0,0,-1.0,1.0,0,[1.0],1668092609.6052349,239,5.083604097366333,1,0,-1,0,0.15,0.3333333333333333,[3.1846351623535156],1.0,5.083604097366333,3,1,0,5.582601070404053,1R,7.0,1.0
516,516,516,[-1.0],-1.0,0,-1.0,1.0,0,[1.0],1668092616.755263,239,5.11577296257019,1,0,-1,0,0.15,0.6666666666666666,[3.182594060897827],1.0,5.11577296257019,3,2,0,5.615662097930908,1R,8.0,1.0
517,517,517,[-1.0],-1.0,0,-1.0,1.0,0,[1.0],1668092626.520991,396,7.366737127304077,1,0,-1,0,0.15,0.5,[5.79945707321167],1.0,7.366737127304077,2,1,0,7.8662261962890625,,,
