,Outcome,Performance,Performance_numerical,Gates_touched_total,Switches,Objective_switches,Condition,Reaction_time,Corrects,Pos_in_block,Attention,Attention_control,Confidence,trial_idx,subject,date
0,1R,Low,5.0,5.0,0.0,0.0,Actor,1.2169086933135986,1.0,0.0,,,0.0,1.0,Offenbach,20221222
1,1R,Low,4.0,4.0,0.0,0.0,Actor-incongruent,1.782843828201294,1.0,1.0,,,0.0,2.0,Offenbach,20221222
2,1R,Low,2.0,2.0,0.0,0.0,Actor,1.5163788795471191,1.0,2.0,,,0.0,3.0,Offenbach,20221222
3,1R,Low,4.0,4.0,0.0,0.0,Observer,1.6829040050506592,1.0,3.0,,,0.0,4.0,Offenbach,20221222
4,1R,Low,2.0,2.0,1.0,0.0,Observer,1.0171988010406494,-1.0,7.0,,,0.0,8.0,Offenbach,20221222
5,1R,Low,1.0,1.0,0.0,0.0,Actor-incongruent,0.9842681884765625,1.0,0.0,,,0.0,11.0,Offenbach,20221222
6,1R,Low,7.0,7.0,0.0,0.0,Observer,0.9829559326171875,1.0,1.0,,,0.0,12.0,Offenbach,20221222
7,1R,Low,5.0,5.0,0.0,0.0,Actor,1.2325670719146729,1.0,2.0,,,0.0,13.0,Offenbach,20221222
8,1R,Low,4.0,4.0,0.0,0.0,Observer,0.9830071926116943,1.0,3.0,,,0.0,14.0,Offenbach,20221222
9,1R,Low,8.0,8.0,0.0,0.0,Actor,3.5995101928710938,1.0,4.0,,,0.0,15.0,Offenbach,20221222
10,1R,Low,4.0,4.0,0.0,0.0,Actor,0.9823861122131348,1.0,5.0,,,0.0,16.0,Offenbach,20221222
11,1R,Low,6.0,6.0,0.0,1.0,Actor-incongruent,1.0161919593811035,-1.0,11.0,,,0.0,22.0,Offenbach,20221222
12,1R,Low,1.0,1.0,0.0,0.0,Actor,1.2502210140228271,1.0,0.0,,,0.0,26.0,Offenbach,20221222
13,1R,Low,1.0,1.0,0.0,0.0,Actor,1.5834259986877441,1.0,1.0,,,0.0,27.0,Offenbach,20221222
14,1R,Low,1.0,1.0,0.0,0.0,Observer,1.1827960014343262,1.0,2.0,,,0.0,28.0,Offenbach,20221222
15,1R,Low,2.0,2.0,0.0,0.0,Actor,3.049351930618286,1.0,3.0,,,0.0,29.0,Offenbach,20221222
16,1R,Low,2.0,2.0,0.0,0.0,Observer,1.766063928604126,1.0,4.0,,,0.0,30.0,Offenbach,20221222
17,1R,Low,8.0,8.0,0.0,0.0,Observer,1.633141040802002,1.0,5.0,,,0.0,31.0,Offenbach,20221222
18,1R,Low,7.0,7.0,0.0,0.0,Observer,1.634127140045166,1.0,6.0,,,0.0,32.0,Offenbach,20221222
19,1R,Low,2.0,2.0,0.0,0.0,Observer,1.833488941192627,1.0,7.0,,,0.0,33.0,Offenbach,20221222
20,1R,Low,6.0,6.0,0.0,1.0,Actor,2.049757242202759,-1.0,8.0,,,0.0,34.0,Offenbach,20221222
21,1R,Low,2.0,2.0,1.0,0.0,Observer-incongruent,5.116307020187378,-1.0,0.0,,,0.0,36.0,Offenbach,20221222
22,1R,Low,1.0,1.0,0.0,0.0,Observer-incongruent,1.1336369514465332,1.0,1.0,,,0.0,37.0,Offenbach,20221222
23,1R,Med,9.0,9.0,0.0,0.0,Observer,1.1168420314788818,1.0,2.0,,,0.0,38.0,Offenbach,20221222
24,1R,Low,2.0,2.0,0.0,0.0,Observer,1.3334720134735107,1.0,3.0,,,0.0,39.0,Offenbach,20221222
25,1R,Low,3.0,3.0,0.0,0.0,Actor,0.982835054397583,1.0,7.0,,,0.0,43.0,Offenbach,20221222
26,1R,Low,2.0,2.0,0.0,0.0,Actor,0.983924388885498,1.0,8.0,,,0.0,44.0,Offenbach,20221222
27,1R,Low,3.0,3.0,0.0,0.0,Actor,1.0329370498657227,1.0,9.0,,,0.0,45.0,Offenbach,20221222
28,1R,Low,1.0,1.0,0.0,0.0,Actor,1.0830540657043457,1.0,10.0,,,0.0,46.0,Offenbach,20221222
29,1R,Low,5.0,5.0,0.0,1.0,Observer,1.2000410556793213,-1.0,11.0,,,0.0,47.0,Offenbach,20221222
30,1R,Low,1.0,1.0,0.0,0.0,Actor,0.9842748641967773,1.0,0.0,,,0.0,50.0,Offenbach,20221222
31,1R,Med,9.0,9.0,0.0,0.0,Observer,1.2006680965423584,1.0,1.0,,,0.0,51.0,Offenbach,20221222
32,1R,Low,4.0,4.0,0.0,0.0,Observer,1.0167431831359863,1.0,2.0,,,0.0,52.0,Offenbach,20221222
33,1R,Low,1.0,1.0,0.0,0.0,Actor,1.2511961460113525,1.0,4.0,,,0.0,54.0,Offenbach,20221222
34,1R,Low,8.0,8.0,0.0,0.0,Actor,0.9835360050201416,1.0,5.0,,,0.0,55.0,Offenbach,20221222
35,1R,Low,3.0,3.0,0.0,0.0,Observer,1.233701229095459,1.0,6.0,,,0.0,56.0,Offenbach,20221222
36,1R,Low,3.0,3.0,0.0,0.0,Actor,1.04948091506958,1.0,7.0,,,0.0,57.0,Offenbach,20221222
37,1R,Low,1.0,1.0,0.0,0.0,Actor-incongruent,1.1007039546966553,1.0,11.0,,,0.0,61.0,Offenbach,20221222
38,1R,Low,1.0,1.0,0.0,0.0,Actor,0.9842031002044678,1.0,12.0,,,0.0,62.0,Offenbach,20221222
39,1R,Med,9.0,9.0,0.0,0.0,Actor,1.2005140781402588,1.0,13.0,,,0.0,63.0,Offenbach,20221222
40,1R,Low,2.0,2.0,0.0,0.0,Actor,1.182952880859375,1.0,14.0,,,0.0,64.0,Offenbach,20221222
41,1R,Low,3.0,3.0,0.0,1.0,Actor-incongruent,1.266057014465332,-1.0,16.0,,,0.0,66.0,Offenbach,20221222
42,1R,Low,2.0,2.0,0.0,0.0,Observer-incongruent,1.0342729091644287,1.0,0.0,,,0.0,68.0,Offenbach,20221222
43,1R,Low,5.0,5.0,0.0,0.0,Actor,0.982562780380249,1.0,1.0,,,0.0,69.0,Offenbach,20221222
44,1R,Low,8.0,8.0,0.0,0.0,Observer,0.9818217754364014,1.0,2.0,,,0.0,70.0,Offenbach,20221222
45,1R,Low,1.0,1.0,0.0,0.0,Actor,1.1172759532928467,1.0,3.0,,,0.0,71.0,Offenbach,20221222
46,1R,Med,11.0,11.0,0.0,0.0,Actor,0.983508825302124,1.0,4.0,,,0.0,72.0,Offenbach,20221222
47,1R,Low,2.0,2.0,0.0,0.0,Observer,1.1327412128448486,1.0,5.0,,,0.0,73.0,Offenbach,20221222
48,1R,Low,2.0,2.0,0.0,0.0,Actor,1.01790189743042,1.0,6.0,,,0.0,74.0,Offenbach,20221222
49,1R,Low,3.0,3.0,0.0,0.0,Actor,1.200084924697876,1.0,7.0,,,0.0,75.0,Offenbach,20221222
50,1R,Low,4.0,4.0,0.0,0.0,Actor,1.03267502784729,1.0,8.0,,,0.0,76.0,Offenbach,20221222
51,1R,Low,7.0,7.0,0.0,1.0,Actor,3.1835501194000244,-1.0,9.0,,,0.0,77.0,Offenbach,20221222
52,1R,Med,10.0,10.0,0.0,0.0,Actor-incongruent,0.9826431274414062,1.0,0.0,,,0.0,79.0,Offenbach,20221222
53,1R,High,12.0,12.0,0.0,0.0,Observer,1.0164120197296143,1.0,4.0,,,0.0,83.0,Offenbach,20221222
54,1R,Low,1.0,1.0,0.0,0.0,Observer,1.0327842235565186,1.0,5.0,,,0.0,84.0,Offenbach,20221222
55,1R,Low,1.0,1.0,0.0,0.0,Actor,1.1665639877319336,1.0,7.0,,,0.0,86.0,Offenbach,20221222
56,1R,Low,1.0,1.0,0.0,0.0,Actor,0.9831581115722656,1.0,8.0,,,0.0,87.0,Offenbach,20221222
57,1R,Low,3.0,3.0,0.0,0.0,Actor,0.9836251735687256,1.0,9.0,,,0.0,88.0,Offenbach,20221222
58,1R,Low,6.0,6.0,0.0,1.0,Observer,1.0173289775848389,-1.0,10.0,,,0.0,89.0,Offenbach,20221222
59,1R,Low,5.0,5.0,0.0,0.0,Observer,0.9840950965881348,1.0,0.0,,,0.0,91.0,Offenbach,20221222
60,1R,Low,6.0,6.0,0.0,0.0,Observer,1.0009450912475586,1.0,1.0,,,0.0,92.0,Offenbach,20221222
61,1R,Med,10.0,10.0,0.0,0.0,Actor,1.033026933670044,1.0,2.0,,,0.0,93.0,Offenbach,20221222
62,1R,Low,1.0,1.0,0.0,0.0,Observer,0.9829401969909668,1.0,3.0,,,0.0,94.0,Offenbach,20221222
63,1R,Low,8.0,8.0,1.0,0.0,Observer-incongruent,1.1500790119171143,-1.0,5.0,,,0.0,96.0,Offenbach,20221222
64,1R,Med,10.0,10.0,0.0,0.0,Observer,0.9998838901519775,1.0,11.0,,,0.0,102.0,Offenbach,20221222
65,1R,Low,6.0,6.0,0.0,1.0,Actor,1.1657400131225586,-1.0,16.0,,,0.0,107.0,Offenbach,20221222
66,1R,Low,3.0,3.0,0.0,0.0,Actor,0.9842989444732666,1.0,0.0,,,0.0,112.0,Offenbach,20221222
67,1R,Low,5.0,5.0,0.0,0.0,Actor,1.0827467441558838,1.0,1.0,,,0.0,113.0,Offenbach,20221222
68,1R,Low,5.0,5.0,0.0,0.0,Observer,0.983241081237793,1.0,2.0,,,0.0,114.0,Offenbach,20221222
69,1R,Low,5.0,5.0,0.0,0.0,Actor,0.984227180480957,1.0,3.0,,,0.0,115.0,Offenbach,20221222
70,1R,Low,2.0,2.0,0.0,0.0,Actor,1.0663700103759766,1.0,4.0,,,0.0,116.0,Offenbach,20221222
71,1R,Low,6.0,6.0,0.0,0.0,Observer,1.1174800395965576,1.0,5.0,,,0.0,117.0,Offenbach,20221222
72,1R,Low,2.0,2.0,0.0,0.0,Actor,1.0338618755340576,1.0,6.0,,,0.0,118.0,Offenbach,20221222
73,1R,Low,7.0,7.0,0.0,0.0,Observer,1.0670630931854248,1.0,7.0,,,0.0,119.0,Offenbach,20221222
74,1R,Low,3.0,3.0,0.0,0.0,Actor,1.1846342086791992,1.0,9.0,,,0.0,121.0,Offenbach,20221222
75,1R,Low,1.0,1.0,0.0,1.0,Observer,1.2002620697021484,-1.0,10.0,,,0.0,122.0,Offenbach,20221222
76,1R,Low,5.0,5.0,0.0,0.0,Observer,1.0332331657409668,1.0,0.0,,,0.0,125.0,Offenbach,20221222
77,1R,Low,3.0,3.0,0.0,0.0,Actor,1.0831680297851562,1.0,1.0,,,0.0,126.0,Offenbach,20221222
78,1R,Low,2.0,2.0,0.0,0.0,Observer,0.9835920333862305,1.0,2.0,,,0.0,127.0,Offenbach,20221222
79,1R,Low,1.0,1.0,0.0,0.0,Observer,1.1331589221954346,1.0,3.0,,,0.0,128.0,Offenbach,20221222
80,1R,Med,9.0,9.0,0.0,0.0,Observer,1.4158499240875244,1.0,4.0,,,0.0,129.0,Offenbach,20221222
81,1R,Low,2.0,2.0,0.0,0.0,Observer-incongruent,1.3172228336334229,1.0,8.0,,,0.0,133.0,Offenbach,20221222
82,1R,Low,6.0,6.0,0.0,0.0,Observer,1.0512621402740479,1.0,0.0,,,0.0,136.0,Offenbach,20221222
83,1R,Med,11.0,11.0,0.0,0.0,Actor,1.2491960525512695,1.0,1.0,,,0.0,137.0,Offenbach,20221222
84,1R,Low,1.0,1.0,0.0,0.0,Actor,1.1168198585510254,1.0,2.0,,,0.0,138.0,Offenbach,20221222
85,1R,Low,3.0,3.0,0.0,0.0,Observer,0.9835658073425293,1.0,4.0,,,0.0,140.0,Offenbach,20221222
86,1R,Low,1.0,1.0,0.0,0.0,Actor,0.9833247661590576,1.0,5.0,,,0.0,141.0,Offenbach,20221222
87,1R,Low,1.0,1.0,0.0,0.0,Observer,0.9832518100738525,1.0,6.0,,,0.0,142.0,Offenbach,20221222
88,1R,Low,5.0,5.0,0.0,0.0,Observer,0.9840619564056396,1.0,8.0,,,0.0,144.0,Offenbach,20221222
89,1R,Low,4.0,4.0,0.0,0.0,Actor,1.0669701099395752,1.0,9.0,,,0.0,145.0,Offenbach,20221222
90,1R,Med,11.0,11.0,0.0,0.0,Actor,1.0003809928894043,1.0,10.0,,,0.0,146.0,Offenbach,20221222
91,1R,Low,2.0,2.0,0.0,1.0,Actor,0.9825506210327148,-1.0,11.0,,,0.0,147.0,Offenbach,20221222
92,1R,Med,9.0,9.0,0.0,0.0,Observer,1.0998578071594238,1.0,0.0,,,0.0,151.0,Offenbach,20221222
93,1R,Med,10.0,10.0,0.0,0.0,Actor,1.0994019508361816,1.0,1.0,,,0.0,152.0,Offenbach,20221222
94,1R,High,12.0,12.0,0.0,0.0,Observer,0.9998340606689453,1.0,2.0,,,0.0,153.0,Offenbach,20221222
95,1R,Low,4.0,4.0,0.0,0.0,Actor,1.0497567653656006,1.0,3.0,,,0.0,154.0,Offenbach,20221222
96,1R,Low,2.0,2.0,0.0,0.0,Observer,1.350039005279541,1.0,4.0,,,0.0,155.0,Offenbach,20221222
97,1R,Low,2.0,2.0,0.0,0.0,Actor,1.000473976135254,1.0,5.0,,,0.0,156.0,Offenbach,20221222
98,1R,Med,10.0,10.0,0.0,0.0,Observer,0.9997267723083496,1.0,6.0,,,0.0,157.0,Offenbach,20221222
99,1R,Low,7.0,7.0,0.0,0.0,Observer,1.0665440559387207,1.0,0.0,,,0.0,161.0,Offenbach,20221222
100,1R,Low,2.0,2.0,0.0,0.0,Observer,1.3998382091522217,1.0,1.0,,,0.0,162.0,Offenbach,20221222
101,1R,Low,2.0,2.0,0.0,0.0,Observer,1.3835530281066895,1.0,2.0,,,0.0,163.0,Offenbach,20221222
102,1R,Low,2.0,2.0,0.0,0.0,Observer,0.983435869216919,1.0,3.0,,,0.0,164.0,Offenbach,20221222
103,1R,Low,1.0,1.0,0.0,0.0,Actor,1.5998611450195312,1.0,4.0,,,0.0,165.0,Offenbach,20221222
104,1R,Low,2.0,2.0,0.0,0.0,Observer-incongruent,1.0998711585998535,1.0,0.0,,,0.0,170.0,Offenbach,20221222
105,1R,Low,1.0,1.0,0.0,0.0,Actor,0.9993469715118408,1.0,1.0,,,0.0,171.0,Offenbach,20221222
106,1R,Low,2.0,2.0,0.0,0.0,Actor,1.015928030014038,1.0,3.0,,,0.0,173.0,Offenbach,20221222
107,1R,Low,3.0,3.0,0.0,0.0,Actor-incongruent,1.0331337451934814,1.0,11.0,,,0.0,181.0,Offenbach,20221222
108,1R,Low,1.0,1.0,0.0,0.0,Actor,3.149731159210205,1.0,12.0,,,0.0,182.0,Offenbach,20221222
109,1R,Low,2.0,2.0,0.0,0.0,Actor,1.1497108936309814,1.0,13.0,,,0.0,183.0,Offenbach,20221222
110,1R,Low,8.0,8.0,0.0,0.0,Actor,0.9998452663421631,1.0,14.0,,,0.0,184.0,Offenbach,20221222
111,1R,Low,5.0,5.0,0.0,1.0,Actor,1.0001940727233887,-1.0,15.0,,,0.0,185.0,Offenbach,20221222
112,1R,Low,3.0,3.0,0.0,0.0,Observer,1.0668139457702637,1.0,0.0,,,0.0,191.0,Offenbach,20221222
113,1R,Low,5.0,5.0,0.0,0.0,Actor,1.200348138809204,1.0,1.0,,,0.0,192.0,Offenbach,20221222
114,1R,Low,7.0,7.0,0.0,0.0,Observer,1.199686050415039,1.0,2.0,,,0.0,193.0,Offenbach,20221222
115,1R,High,12.0,12.0,0.0,0.0,Observer,1.083806037902832,1.0,3.0,,,0.0,194.0,Offenbach,20221222
116,1R,Low,5.0,5.0,0.0,0.0,Actor,0.9840772151947021,1.0,4.0,,,0.0,195.0,Offenbach,20221222
117,1R,Low,3.0,3.0,0.0,0.0,Observer,1.199660062789917,1.0,5.0,,,0.0,196.0,Offenbach,20221222
118,1R,Low,1.0,1.0,0.0,0.0,Observer,1.2496697902679443,1.0,6.0,,,0.0,197.0,Offenbach,20221222
119,1R,Low,4.0,4.0,0.0,0.0,Observer,1.2327549457550049,1.0,7.0,,,0.0,198.0,Offenbach,20221222
120,1R,Low,8.0,8.0,0.0,0.0,Actor,1.184070110321045,1.0,8.0,,,0.0,199.0,Offenbach,20221222
121,1R,Low,4.0,4.0,0.0,0.0,Actor-incongruent,1.1328849792480469,1.0,13.0,,,0.0,204.0,Offenbach,20221222
122,1R,Low,6.0,6.0,0.0,0.0,Observer,1.200465202331543,1.0,14.0,,,0.0,205.0,Offenbach,20221222
123,1R,Low,2.0,2.0,0.0,0.0,Observer,1.1003239154815674,1.0,15.0,,,0.0,206.0,Offenbach,20221222
124,1R,Low,7.0,7.0,0.0,0.0,Actor,1.0331966876983643,1.0,0.0,,,0.0,209.0,Offenbach,20221222
125,1R,Low,7.0,7.0,0.0,0.0,Actor,1.0175280570983887,1.0,1.0,,,0.0,210.0,Offenbach,20221222
126,1R,Med,10.0,10.0,0.0,0.0,Observer,0.9833638668060303,1.0,2.0,,,0.0,211.0,Offenbach,20221222
127,1R,Low,1.0,1.0,0.0,0.0,Actor,0.9994597434997559,1.0,3.0,,,0.0,212.0,Offenbach,20221222
128,1R,Low,2.0,2.0,0.0,0.0,Actor,0.9837989807128906,1.0,4.0,,,0.0,213.0,Offenbach,20221222
129,1R,Low,3.0,3.0,0.0,0.0,Actor,1.2996840476989746,1.0,5.0,,,0.0,214.0,Offenbach,20221222
130,1R,Low,1.0,1.0,0.0,0.0,Observer,1.0330390930175781,1.0,6.0,,,0.0,215.0,Offenbach,20221222
131,1R,Low,4.0,4.0,0.0,0.0,Observer,1.0172748565673828,1.0,7.0,,,0.0,216.0,Offenbach,20221222
132,1R,Low,6.0,6.0,0.0,0.0,Actor,1.0165622234344482,1.0,8.0,,,0.0,217.0,Offenbach,20221222
133,1R,High,12.0,12.0,1.0,0.0,Observer,1.3499681949615479,-1.0,9.0,,,0.0,218.0,Offenbach,20221222
134,1R,Low,8.0,8.0,0.0,0.0,Actor-incongruent,1.0843000411987305,1.0,0.0,,,0.0,221.0,Offenbach,20221222
135,1R,Low,1.0,1.0,0.0,0.0,Observer,1.2825939655303955,1.0,2.0,,,0.0,223.0,Offenbach,20221222
136,1R,Low,6.0,6.0,0.0,0.0,Observer,1.0332536697387695,1.0,3.0,,,0.0,224.0,Offenbach,20221222
137,1R,Low,7.0,7.0,0.0,0.0,Observer,0.9835300445556641,1.0,4.0,,,0.0,225.0,Offenbach,20221222
138,1R,Low,1.0,1.0,0.0,0.0,Actor,0.9831831455230713,1.0,5.0,,,0.0,226.0,Offenbach,20221222
139,1R,Low,2.0,2.0,0.0,1.0,Actor,1.2343320846557617,-1.0,11.0,,,0.0,232.0,Offenbach,20221222
140,1R,Low,3.0,3.0,0.0,0.0,Observer,0.9827690124511719,1.0,0.0,,,0.0,236.0,Offenbach,20221222
141,1R,Low,2.0,2.0,0.0,0.0,Observer,0.983881950378418,1.0,1.0,,,0.0,237.0,Offenbach,20221222
142,1R,Low,1.0,1.0,0.0,0.0,Observer,0.9840641021728516,1.0,2.0,,,0.0,238.0,Offenbach,20221222
143,1R,Med,9.0,9.0,0.0,0.0,Actor,1.000495195388794,1.0,3.0,,,0.0,239.0,Offenbach,20221222
144,1R,Low,5.0,5.0,0.0,0.0,Actor,1.066687822341919,1.0,4.0,,,0.0,240.0,Offenbach,20221222
145,1R,Low,1.0,1.0,0.0,0.0,Actor,1.0004637241363525,1.0,5.0,,,0.0,241.0,Offenbach,20221222
146,1R,Low,4.0,4.0,0.0,0.0,Observer,1.0666730403900146,1.0,6.0,,,0.0,242.0,Offenbach,20221222
147,1R,Low,4.0,4.0,0.0,0.0,Observer,0.9825940132141113,1.0,7.0,,,0.0,243.0,Offenbach,20221222
148,1R,Low,6.0,6.0,0.0,0.0,Observer,1.8002800941467285,1.0,8.0,,,0.0,244.0,Offenbach,20221222
149,1R,Low,2.0,2.0,0.0,1.0,Observer,0.9836442470550537,-1.0,9.0,,,0.0,245.0,Offenbach,20221222
150,1R,Low,1.0,1.0,0.0,0.0,Observer,1.051072120666504,1.0,0.0,,,0.0,247.0,Offenbach,20221222
151,1R,High,13.0,13.0,0.0,0.0,Actor,1.0671143531799316,1.0,1.0,,,0.0,248.0,Offenbach,20221222
152,1R,Low,5.0,5.0,0.0,0.0,Observer,1.2336971759796143,1.0,2.0,,,0.0,249.0,Offenbach,20221222
153,1R,Low,6.0,6.0,0.0,0.0,Observer,1.199455976486206,1.0,3.0,,,0.0,250.0,Offenbach,20221222
154,1R,Low,4.0,4.0,0.0,0.0,Actor,1.0170481204986572,1.0,4.0,,,0.0,251.0,Offenbach,20221222
155,1R,Low,2.0,2.0,0.0,0.0,Observer,1.065690040588379,1.0,5.0,,,0.0,252.0,Offenbach,20221222
156,1R,Low,1.0,1.0,0.0,0.0,Observer,0.9844691753387451,1.0,6.0,,,0.0,253.0,Offenbach,20221222
157,1R,Low,8.0,8.0,0.0,0.0,Observer,1.0170679092407227,1.0,0.0,,,0.0,257.0,Offenbach,20221222
158,1R,Low,1.0,1.0,1.0,0.0,Observer-incongruent,1.2844350337982178,-1.0,2.0,,,0.0,259.0,Offenbach,20221222
159,1R,Med,9.0,9.0,1.0,0.0,Observer-incongruent,0.983062744140625,-1.0,3.0,,,0.0,260.0,Offenbach,20221222
160,1R,Low,1.0,1.0,1.0,0.0,Observer-incongruent,0.9828348159790039,-1.0,4.0,,,0.0,261.0,Offenbach,20221222
161,1R,Med,9.0,9.0,1.0,0.0,Observer-incongruent,1.1335690021514893,-1.0,5.0,,,0.0,262.0,Offenbach,20221222
162,1R,Low,4.0,4.0,0.0,0.0,Actor-incongruent,1.0328891277313232,1.0,8.0,,,0.0,265.0,Offenbach,20221222
163,1R,Low,1.0,1.0,0.0,0.0,Observer,1.1347429752349854,1.0,9.0,,,0.0,266.0,Offenbach,20221222
164,1R,Low,4.0,4.0,0.0,0.0,Actor,0.982799768447876,1.0,10.0,,,0.0,267.0,Offenbach,20221222
165,1R,Med,9.0,9.0,0.0,0.0,Actor,1.1835572719573975,1.0,11.0,,,0.0,268.0,Offenbach,20221222
166,1R,Low,1.0,1.0,0.0,0.0,Observer,0.9838089942932129,1.0,12.0,,,0.0,269.0,Offenbach,20221222
167,1R,Low,8.0,8.0,0.0,0.0,Actor,1.1500468254089355,1.0,13.0,,,0.0,270.0,Offenbach,20221222
168,1R,Low,5.0,5.0,0.0,0.0,Observer,0.9833788871765137,1.0,14.0,,,0.0,271.0,Offenbach,20221222
169,1R,Low,5.0,5.0,0.0,0.0,Observer,1.066307783126831,1.0,0.0,,,0.0,276.0,Offenbach,20221222
170,1R,Med,9.0,9.0,0.0,0.0,Actor,1.083446741104126,1.0,1.0,,,0.0,277.0,Offenbach,20221222
171,1R,Med,11.0,11.0,0.0,0.0,Actor,0.9836883544921875,1.0,2.0,,,0.0,278.0,Offenbach,20221222
172,1R,Low,2.0,2.0,0.0,0.0,Actor,0.9829559326171875,1.0,3.0,,,0.0,279.0,Offenbach,20221222
173,1R,Low,2.0,2.0,0.0,0.0,Observer,1.233515977859497,1.0,4.0,,,0.0,280.0,Offenbach,20221222
174,1R,Med,9.0,9.0,0.0,0.0,Actor,1.1325228214263916,1.0,5.0,,,0.0,281.0,Offenbach,20221222
175,1R,Med,9.0,9.0,0.0,0.0,Actor,1.1672298908233643,1.0,6.0,,,0.0,282.0,Offenbach,20221222
176,1R,Low,2.0,2.0,0.0,0.0,Observer,1.315392017364502,1.0,7.0,,,0.0,283.0,Offenbach,20221222
177,1R,Low,4.0,4.0,0.0,0.0,Actor,1.1329219341278076,1.0,8.0,,,0.0,284.0,Offenbach,20221222
178,1R,Med,11.0,11.0,1.0,1.0,Observer-incongruent,1.0995838642120361,1.0,14.0,,,0.0,290.0,Offenbach,20221222
179,1R,Low,1.0,1.0,0.0,0.0,Actor-incongruent,1.4003891944885254,1.0,0.0,,,0.0,291.0,Offenbach,20221222
180,1R,Low,1.0,1.0,0.0,0.0,Actor,1.1999621391296387,1.0,1.0,,,0.0,292.0,Offenbach,20221222
181,1R,Low,1.0,1.0,0.0,0.0,Observer,1.2330601215362549,1.0,3.0,,,0.0,294.0,Offenbach,20221222
182,1R,Low,5.0,5.0,0.0,0.0,Actor,1.0331439971923828,1.0,4.0,,,0.0,295.0,Offenbach,20221222
183,1R,Low,6.0,6.0,0.0,0.0,Actor,1.0334978103637695,1.0,5.0,,,0.0,296.0,Offenbach,20221222
184,1R,Low,8.0,8.0,0.0,0.0,Actor,1.183919906616211,1.0,6.0,,,0.0,297.0,Offenbach,20221222
185,1R,Med,10.0,10.0,0.0,0.0,Actor-incongruent,1.1663880348205566,1.0,0.0,,,0.0,303.0,Offenbach,20221222
186,1R,Low,8.0,8.0,0.0,0.0,Actor,1.23347806930542,1.0,1.0,,,0.0,304.0,Offenbach,20221222
187,1R,Low,2.0,2.0,0.0,0.0,Actor,1.0330450534820557,1.0,3.0,,,0.0,306.0,Offenbach,20221222
188,1R,Low,1.0,1.0,0.0,0.0,Actor,0.9831960201263428,1.0,4.0,,,0.0,307.0,Offenbach,20221222
189,1R,Low,1.0,1.0,0.0,0.0,Observer,1.2513868808746338,1.0,5.0,,,0.0,308.0,Offenbach,20221222
190,1R,Low,6.0,6.0,0.0,0.0,Observer,1.1833431720733643,1.0,6.0,,,0.0,309.0,Offenbach,20221222
191,1R,Med,9.0,9.0,0.0,0.0,Actor,1.2495486736297607,1.0,7.0,,,0.0,310.0,Offenbach,20221222
192,1R,Low,4.0,4.0,0.0,0.0,Actor,1.1995148658752441,1.0,8.0,,,0.0,311.0,Offenbach,20221222
193,1R,Low,3.0,3.0,0.0,0.0,Actor,1.332871913909912,1.0,9.0,,,0.0,312.0,Offenbach,20221222
194,1R,Low,1.0,1.0,0.0,1.0,Actor-incongruent,1.0163061618804932,-1.0,14.0,,,0.0,317.0,Offenbach,20221222
195,1R,Low,3.0,3.0,0.0,0.0,Observer,1.2002220153808594,1.0,0.0,,,0.0,320.0,Offenbach,20221222
196,1R,Med,11.0,11.0,0.0,0.0,Observer,0.9825081825256348,1.0,2.0,,,0.0,322.0,Offenbach,20221222
197,1R,Low,2.0,2.0,0.0,0.0,Actor,0.9997031688690186,1.0,3.0,,,0.0,323.0,Offenbach,20221222
198,1R,Low,2.0,2.0,0.0,0.0,Actor,1.166393756866455,1.0,4.0,,,0.0,324.0,Offenbach,20221222
199,1R,Low,1.0,1.0,0.0,0.0,Observer,1.0666329860687256,1.0,5.0,,,0.0,325.0,Offenbach,20221222
200,1R,Low,1.0,1.0,0.0,0.0,Actor,1.4329679012298584,1.0,0.0,,,0.0,329.0,Offenbach,20221222
201,1R,Low,4.0,4.0,0.0,0.0,Actor,1.1503729820251465,1.0,1.0,,,0.0,330.0,Offenbach,20221222
202,1R,Low,5.0,5.0,0.0,0.0,Actor,1.0499463081359863,1.0,2.0,,,0.0,331.0,Offenbach,20221222
203,1R,Low,3.0,3.0,0.0,0.0,Observer,1.2007701396942139,1.0,3.0,,,0.0,332.0,Offenbach,20221222
204,1R,Med,11.0,11.0,0.0,0.0,Actor,1.183473825454712,1.0,4.0,,,0.0,333.0,Offenbach,20221222
205,1R,Low,4.0,4.0,0.0,0.0,Actor-incongruent,1.234057903289795,1.0,6.0,,,0.0,335.0,Offenbach,20221222
206,1R,Low,2.0,2.0,0.0,0.0,Actor,1.1001698970794678,1.0,7.0,,,0.0,336.0,Offenbach,20221222
207,1R,Low,5.0,5.0,0.0,0.0,Observer,1.1336169242858887,1.0,8.0,,,0.0,337.0,Offenbach,20221222
208,1R,Low,3.0,3.0,0.0,0.0,Observer,1.000452995300293,1.0,9.0,,,0.0,338.0,Offenbach,20221222
209,1R,Low,4.0,4.0,0.0,0.0,Observer,1.350511074066162,1.0,10.0,,,0.0,339.0,Offenbach,20221222
210,1R,Low,8.0,8.0,1.0,0.0,Observer,1.3504440784454346,-1.0,11.0,,,0.0,340.0,Offenbach,20221222
211,1R,Low,2.0,2.0,1.0,0.0,Observer-incongruent,0.982975959777832,-1.0,16.0,,,0.0,345.0,Offenbach,20221222
212,1R,Low,5.0,5.0,0.0,0.0,Actor-incongruent,0.9837682247161865,1.0,18.0,,,0.0,347.0,Offenbach,20221222
213,1R,Med,10.0,10.0,0.0,1.0,Actor,1.183176040649414,-1.0,19.0,,,0.0,348.0,Offenbach,20221222
214,1R,Med,10.0,10.0,1.0,0.0,Observer-incongruent,1.0003750324249268,-1.0,0.0,,,0.0,350.0,Offenbach,20221222
215,1R,Low,1.0,1.0,0.0,0.0,Actor-incongruent,1.0492291450500488,1.0,3.0,,,0.0,353.0,Offenbach,20221222
216,1R,Low,1.0,1.0,0.0,0.0,Observer,1.0008819103240967,1.0,4.0,,,0.0,354.0,Offenbach,20221222
217,1R,Low,1.0,1.0,0.0,0.0,Observer,1.0170300006866455,1.0,5.0,,,0.0,355.0,Offenbach,20221222
218,1R,Low,2.0,2.0,0.0,0.0,Observer,0.999413013458252,1.0,6.0,,,0.0,356.0,Offenbach,20221222
219,1R,Low,8.0,8.0,0.0,0.0,Actor,0.9993290901184082,1.0,7.0,,,0.0,357.0,Offenbach,20221222
220,1R,Med,9.0,9.0,0.0,0.0,Observer,0.9828357696533203,1.0,8.0,,,0.0,358.0,Offenbach,20221222
221,1R,Med,9.0,9.0,0.0,0.0,Observer,1.2330620288848877,1.0,0.0,,,0.0,362.0,Offenbach,20221222
222,1R,Med,10.0,10.0,0.0,0.0,Observer,1.1999742984771729,1.0,1.0,,,0.0,363.0,Offenbach,20221222
223,1R,Low,7.0,7.0,0.0,0.0,Observer,1.0001428127288818,1.0,2.0,,,0.0,364.0,Offenbach,20221222
224,1R,Low,1.0,1.0,0.0,0.0,Actor,0.9999349117279053,1.0,3.0,,,0.0,365.0,Offenbach,20221222
225,1R,Low,5.0,5.0,0.0,0.0,Actor-incongruent,1.2333121299743652,1.0,10.0,,,0.0,372.0,Offenbach,20221222
226,1R,Low,2.0,2.0,0.0,0.0,Actor,1.2328040599822998,1.0,11.0,,,0.0,373.0,Offenbach,20221222
227,1R,Low,1.0,1.0,0.0,0.0,Observer,1.2165749073028564,1.0,12.0,,,0.0,374.0,Offenbach,20221222
228,1R,Low,1.0,1.0,0.0,0.0,Actor,0.9836761951446533,1.0,13.0,,,0.0,375.0,Offenbach,20221222
229,1R,Low,2.0,2.0,0.0,0.0,Actor,1.3327298164367676,1.0,15.0,,,0.0,377.0,Offenbach,20221222
230,1R,Low,1.0,1.0,0.0,0.0,Actor-incongruent,0.9824986457824707,1.0,0.0,,,0.0,381.0,Offenbach,20221222
231,1R,Low,4.0,4.0,0.0,0.0,Actor,1.4162249565124512,1.0,1.0,,,0.0,382.0,Offenbach,20221222
232,1R,Low,5.0,5.0,0.0,0.0,Observer,1.383728265762329,1.0,2.0,,,0.0,383.0,Offenbach,20221222
233,1R,Low,2.0,2.0,0.0,0.0,Observer,1.0992882251739502,1.0,3.0,,,0.0,384.0,Offenbach,20221222
234,1R,Med,9.0,9.0,0.0,0.0,Observer,1.0161609649658203,1.0,4.0,,,0.0,385.0,Offenbach,20221222
235,1R,Med,10.0,10.0,0.0,0.0,Actor,1.4998939037322998,1.0,5.0,,,0.0,386.0,Offenbach,20221222
236,1R,Low,3.0,3.0,0.0,0.0,Actor,1.0158038139343262,1.0,6.0,,,0.0,387.0,Offenbach,20221222
237,1R,Low,1.0,1.0,0.0,0.0,Observer,1.0333638191223145,1.0,7.0,,,0.0,388.0,Offenbach,20221222
238,1R,Low,5.0,5.0,0.0,0.0,Actor,0.983860969543457,1.0,8.0,,,0.0,389.0,Offenbach,20221222
239,1R,Low,2.0,2.0,0.0,0.0,Actor,1.183962106704712,1.0,9.0,,,0.0,390.0,Offenbach,20221222
240,1R,Low,1.0,1.0,0.0,0.0,Observer,1.4165420532226562,1.0,10.0,,,0.0,391.0,Offenbach,20221222
241,1R,Low,3.0,3.0,1.0,1.0,Observer-incongruent,1.3833839893341064,1.0,12.0,,,0.0,393.0,Offenbach,20221222
242,1R,Low,8.0,8.0,0.0,0.0,Observer,1.0157737731933594,1.0,0.0,,,0.0,395.0,Offenbach,20221222
243,1R,Low,4.0,4.0,0.0,0.0,Actor,1.2500522136688232,1.0,1.0,,,0.0,396.0,Offenbach,20221222
244,1R,Low,3.0,3.0,0.0,0.0,Actor,1.1996290683746338,1.0,2.0,,,0.0,397.0,Offenbach,20221222
245,1R,Low,5.0,5.0,0.0,0.0,Observer,1.2494738101959229,1.0,3.0,,,0.0,398.0,Offenbach,20221222
246,1R,Low,3.0,3.0,0.0,0.0,Actor,1.200732946395874,1.0,4.0,,,0.0,399.0,Offenbach,20221222
247,1R,Low,3.0,3.0,0.0,0.0,Observer,1.167018175125122,1.0,5.0,,,0.0,400.0,Offenbach,20221222
248,1R,Low,3.0,3.0,0.0,0.0,Actor,0.9829330444335938,1.0,6.0,,,0.0,401.0,Offenbach,20221222
249,1R,Low,5.0,5.0,0.0,0.0,Actor,1.0668590068817139,1.0,7.0,,,0.0,402.0,Offenbach,20221222
250,1R,Med,10.0,10.0,1.0,0.0,Observer,1.000114917755127,-1.0,8.0,,,0.0,403.0,Offenbach,20221222
251,1R,Med,9.0,9.0,1.0,1.0,Observer-incongruent,1.067039966583252,1.0,9.0,,,0.0,404.0,Offenbach,20221222
252,1R,Low,4.0,4.0,0.0,0.0,Observer,1.0005052089691162,1.0,0.0,,,0.0,406.0,Offenbach,20221222
253,1R,Low,8.0,8.0,0.0,0.0,Observer,1.1662042140960693,1.0,1.0,,,0.0,407.0,Offenbach,20221222
254,1R,High,12.0,12.0,0.0,0.0,Observer,1.300473928451538,1.0,7.0,,,0.0,413.0,Offenbach,20221222
255,1R,Low,1.0,1.0,0.0,0.0,Observer,1.0826208591461182,1.0,8.0,,,0.0,414.0,Offenbach,20221222
256,1R,Low,4.0,4.0,0.0,0.0,Observer,1.0161728858947754,1.0,9.0,,,0.0,415.0,Offenbach,20221222
257,1R,Low,4.0,4.0,1.0,0.0,Observer-incongruent,0.9991500377655029,-1.0,0.0,,,0.0,419.0,Offenbach,20221222
258,1R,Low,3.0,3.0,0.0,0.0,Actor-incongruent,0.9834449291229248,1.0,3.0,,,0.0,422.0,Offenbach,20221222
259,1R,Low,7.0,7.0,0.0,0.0,Actor,1.2001090049743652,1.0,4.0,,,0.0,423.0,Offenbach,20221222
260,1R,Low,3.0,3.0,0.0,0.0,Actor,1.1005430221557617,1.0,6.0,,,0.0,425.0,Offenbach,20221222
261,1R,Low,6.0,6.0,0.0,0.0,Observer,1.0670390129089355,1.0,7.0,,,0.0,426.0,Offenbach,20221222
262,1R,Low,3.0,3.0,0.0,0.0,Observer,1.1824932098388672,1.0,8.0,,,0.0,427.0,Offenbach,20221222
263,1R,Low,1.0,1.0,0.0,1.0,Actor,0.9998631477355957,-1.0,9.0,,,0.0,428.0,Offenbach,20221222
264,1R,Low,7.0,7.0,0.0,0.0,Actor,0.983029842376709,1.0,0.0,,,0.0,434.0,Offenbach,20221222
265,1R,Low,1.0,1.0,0.0,0.0,Observer,1.0664997100830078,1.0,1.0,,,0.0,435.0,Offenbach,20221222
266,1R,Low,3.0,3.0,0.0,0.0,Observer,1.0495660305023193,1.0,2.0,,,0.0,436.0,Offenbach,20221222
267,1R,Low,3.0,3.0,0.0,0.0,Observer,1.399543046951294,1.0,3.0,,,0.0,437.0,Offenbach,20221222
268,1R,Med,9.0,9.0,0.0,0.0,Observer,1.0994949340820312,1.0,4.0,,,0.0,438.0,Offenbach,20221222
269,1R,Low,4.0,4.0,0.0,1.0,Actor,1.066499948501587,-1.0,5.0,,,0.0,439.0,Offenbach,20221222
270,1R,Low,8.0,8.0,0.0,0.0,Observer-incongruent,1.0846688747406006,1.0,0.0,,,0.0,442.0,Offenbach,20221222
271,1R,Low,1.0,1.0,0.0,0.0,Actor,1.0994961261749268,1.0,1.0,,,0.0,443.0,Offenbach,20221222
272,1R,Low,5.0,5.0,0.0,0.0,Observer,0.9841892719268799,1.0,2.0,,,0.0,444.0,Offenbach,20221222
273,1R,Low,1.0,1.0,0.0,0.0,Actor,1.2001581192016602,1.0,3.0,,,0.0,445.0,Offenbach,20221222
274,1R,Low,2.0,2.0,0.0,0.0,Observer,1.0665931701660156,1.0,5.0,,,0.0,447.0,Offenbach,20221222
275,1R,Low,2.0,2.0,0.0,0.0,Actor,1.0330090522766113,1.0,6.0,,,0.0,448.0,Offenbach,20221222
276,1R,Low,6.0,6.0,0.0,0.0,Actor,1.1663947105407715,1.0,7.0,,,0.0,449.0,Offenbach,20221222
277,1R,High,14.0,14.0,0.0,1.0,Observer,1.1665747165679932,-1.0,8.0,,,0.0,450.0,Offenbach,20221222
278,1R,Low,3.0,3.0,0.0,0.0,Observer,1.3992457389831543,1.0,0.0,,,0.0,452.0,Offenbach,20221222
279,1R,Med,9.0,9.0,0.0,0.0,Observer,1.0177052021026611,1.0,1.0,,,0.0,453.0,Offenbach,20221222
280,1R,Low,8.0,8.0,0.0,0.0,Observer,1.1827561855316162,1.0,2.0,,,0.0,454.0,Offenbach,20221222
281,1R,Low,2.0,2.0,0.0,0.0,Actor,1.066648006439209,1.0,3.0,,,0.0,455.0,Offenbach,20221222
282,1R,Low,5.0,5.0,0.0,0.0,Actor,0.9826340675354004,1.0,5.0,,,0.0,457.0,Offenbach,20221222
283,1R,Low,1.0,1.0,0.0,0.0,Actor,1.2172951698303223,1.0,6.0,,,0.0,458.0,Offenbach,20221222
284,1R,Low,5.0,5.0,0.0,0.0,Observer,1.1823701858520508,1.0,7.0,,,0.0,459.0,Offenbach,20221222
285,1R,Low,6.0,6.0,0.0,0.0,Actor,1.0661497116088867,1.0,8.0,,,0.0,460.0,Offenbach,20221222
286,1R,Low,1.0,1.0,0.0,0.0,Observer,1.2160170078277588,1.0,9.0,,,0.0,461.0,Offenbach,20221222
287,1R,Low,1.0,1.0,0.0,1.0,Observer,0.9831688404083252,-1.0,10.0,,,0.0,462.0,Offenbach,20221222
288,1R,Low,6.0,6.0,0.0,0.0,Actor,0.9833259582519531,1.0,0.0,,,0.0,465.0,Offenbach,20221222
289,1R,Low,4.0,4.0,0.0,0.0,Actor,1.000206708908081,1.0,1.0,,,0.0,466.0,Offenbach,20221222
290,1R,Low,1.0,1.0,0.0,0.0,Actor,1.2670080661773682,1.0,2.0,,,0.0,467.0,Offenbach,20221222
291,1R,Low,3.0,3.0,0.0,0.0,Actor,1.1340432167053223,1.0,3.0,,,0.0,468.0,Offenbach,20221222
292,1R,Low,2.0,2.0,0.0,0.0,Observer,1.2159790992736816,1.0,4.0,,,0.0,469.0,Offenbach,20221222
293,1R,Low,5.0,5.0,0.0,0.0,Observer,1.1337840557098389,1.0,5.0,,,0.0,470.0,Offenbach,20221222
294,1R,Low,4.0,4.0,0.0,0.0,Actor,0.9836149215698242,1.0,6.0,,,0.0,471.0,Offenbach,20221222
295,1R,Low,2.0,2.0,0.0,0.0,Observer,1.0993149280548096,1.0,7.0,,,0.0,472.0,Offenbach,20221222
296,1R,Low,7.0,7.0,0.0,0.0,Actor,1.0334081649780273,1.0,8.0,,,0.0,473.0,Offenbach,20221222
297,1R,Low,7.0,7.0,0.0,0.0,Observer,1.1661341190338135,1.0,0.0,,,0.0,476.0,Offenbach,20221222
298,1R,Med,10.0,10.0,0.0,0.0,Observer,1.0158660411834717,1.0,1.0,,,0.0,477.0,Offenbach,20221222
299,1R,Low,4.0,4.0,0.0,0.0,Observer,1.2171778678894043,1.0,2.0,,,0.0,478.0,Offenbach,20221222
300,1R,Low,5.0,5.0,0.0,0.0,Actor,0.9835119247436523,1.0,3.0,,,0.0,479.0,Offenbach,20221222
301,1R,Med,9.0,9.0,0.0,0.0,Actor,1.3829891681671143,1.0,4.0,,,0.0,480.0,Offenbach,20221222
302,1R,Low,3.0,3.0,0.0,0.0,Observer,1.0845160484313965,1.0,5.0,,,0.0,481.0,Offenbach,20221222
303,1R,Low,3.0,3.0,0.0,0.0,Actor,1.4335761070251465,1.0,6.0,,,0.0,482.0,Offenbach,20221222
304,1R,Low,1.0,1.0,0.0,0.0,Observer,0.9827959537506104,1.0,7.0,,,0.0,483.0,Offenbach,20221222
305,1R,Low,2.0,2.0,1.0,0.0,Observer,0.9838569164276123,-1.0,9.0,,,0.0,485.0,Offenbach,20221222
306,1R,Low,5.0,5.0,0.0,0.0,Observer,1.116697072982788,1.0,0.0,,,0.0,489.0,Offenbach,20221222
307,1R,Low,1.0,1.0,0.0,0.0,Actor,1.1168811321258545,1.0,1.0,,,0.0,490.0,Offenbach,20221222
308,1R,Low,2.0,2.0,0.0,0.0,Actor,1.1999852657318115,1.0,2.0,,,0.0,491.0,Offenbach,20221222
309,1R,Low,2.0,2.0,0.0,0.0,Actor,1.1662180423736572,1.0,3.0,,,0.0,492.0,Offenbach,20221222
310,1R,Low,1.0,1.0,0.0,0.0,Actor,1.0664010047912598,1.0,4.0,,,0.0,493.0,Offenbach,20221222
311,1R,Med,9.0,9.0,0.0,0.0,Observer,1.1005079746246338,1.0,5.0,,,0.0,494.0,Offenbach,20221222
312,1R,Low,5.0,5.0,0.0,0.0,Actor,1.1673741340637207,1.0,6.0,,,0.0,495.0,Offenbach,20221222
313,1R,Low,5.0,5.0,0.0,0.0,Observer,0.9835498332977295,1.0,7.0,,,0.0,496.0,Offenbach,20221222
314,1R,Low,8.0,8.0,0.0,0.0,Actor,1.1003029346466064,1.0,8.0,,,0.0,497.0,Offenbach,20221222
315,1R,Low,2.0,2.0,0.0,0.0,Observer,0.9993438720703125,1.0,9.0,,,0.0,498.0,Offenbach,20221222
316,1R,Low,1.0,1.0,0.0,0.0,Actor,0.9826400279998779,1.0,0.0,,,0.0,500.0,Offenbach,20221222
317,1R,Low,5.0,5.0,0.0,0.0,Actor,0.9997608661651611,1.0,1.0,,,0.0,501.0,Offenbach,20221222
318,1R,Med,11.0,11.0,0.0,0.0,Actor,1.0168650150299072,1.0,2.0,,,0.0,502.0,Offenbach,20221222
319,1R,Low,2.0,2.0,0.0,0.0,Actor,1.4831299781799316,1.0,3.0,,,0.0,503.0,Offenbach,20221222
320,1R,Low,1.0,1.0,0.0,0.0,Observer,1.3327968120574951,1.0,4.0,,,0.0,504.0,Offenbach,20221222
321,1R,Low,3.0,3.0,0.0,0.0,Observer,1.0172171592712402,1.0,5.0,,,0.0,505.0,Offenbach,20221222
322,1R,Low,7.0,7.0,0.0,0.0,Observer,1.1659660339355469,1.0,7.0,,,0.0,507.0,Offenbach,20221222
323,1R,Low,1.0,1.0,0.0,0.0,Actor-incongruent,1.1020359992980957,1.0,11.0,,,0.0,511.0,Offenbach,20221222
324,1R,Low,4.0,4.0,0.0,0.0,Actor,1.150862216949463,1.0,12.0,,,0.0,512.0,Offenbach,20221222
325,1R,Low,4.0,4.0,0.0,0.0,Actor,1.1999952793121338,1.0,13.0,,,0.0,513.0,Offenbach,20221222
326,1R,Low,3.0,3.0,0.0,0.0,Actor,1.0660102367401123,1.0,14.0,,,0.0,514.0,Offenbach,20221222
327,1R,Low,8.0,8.0,0.0,0.0,Observer,0.9826929569244385,1.0,15.0,,,0.0,515.0,Offenbach,20221222
328,1R,Low,1.0,1.0,0.0,0.0,Actor,1.0500891208648682,1.0,16.0,,,0.0,516.0,Offenbach,20221222
329,1R,Low,1.0,1.0,0.0,0.0,Actor,0.9825761318206787,1.0,17.0,,,0.0,517.0,Offenbach,20221222
330,1R,Low,1.0,1.0,0.0,0.0,Observer,1.0830140113830566,1.0,18.0,,,0.0,518.0,Offenbach,20221222
331,1R,Low,2.0,2.0,0.0,0.0,Actor,0.9840598106384277,1.0,19.0,,,0.0,519.0,Offenbach,20221222
332,1R,Low,4.0,4.0,0.0,0.0,Actor,0.9994349479675293,1.0,20.0,,,0.0,520.0,Offenbach,20221222
333,1R,Low,7.0,7.0,0.0,0.0,Actor,0.983773946762085,1.0,21.0,,,0.0,521.0,Offenbach,20221222
334,1R,Low,7.0,7.0,0.0,0.0,Actor,0.9836432933807373,1.0,0.0,,,0.0,526.0,Offenbach,20221222
335,1R,Low,2.0,2.0,0.0,0.0,Actor,0.9845809936523438,1.0,1.0,,,0.0,527.0,Offenbach,20221222
336,1R,Low,8.0,8.0,0.0,0.0,Actor,1.1505050659179688,1.0,2.0,,,0.0,528.0,Offenbach,20221222
337,1R,Low,3.0,3.0,0.0,0.0,Actor-incongruent,0.9833457469940186,1.0,9.0,,,0.0,535.0,Offenbach,20221222
338,1R,Low,5.0,5.0,0.0,0.0,Observer,0.9834890365600586,1.0,10.0,,,0.0,536.0,Offenbach,20221222
339,1R,Med,10.0,10.0,0.0,0.0,Actor,1.1832759380340576,1.0,11.0,,,0.0,537.0,Offenbach,20221222
340,1R,Low,8.0,8.0,0.0,0.0,Observer,1.1508891582489014,1.0,12.0,,,0.0,538.0,Offenbach,20221222
341,1R,Low,4.0,4.0,0.0,0.0,Actor,1.1662890911102295,1.0,13.0,,,0.0,539.0,Offenbach,20221222
342,1R,Low,3.0,3.0,0.0,0.0,Actor,0.9834961891174316,1.0,14.0,,,0.0,540.0,Offenbach,20221222
343,1R,Low,3.0,3.0,0.0,1.0,Actor-incongruent,1.2334439754486084,-1.0,16.0,,,0.0,542.0,Offenbach,20221222
344,1R,Low,1.0,1.0,0.0,0.0,Actor-incongruent,0.9831628799438477,1.0,0.0,,,0.0,544.0,Offenbach,20221222
345,1R,Low,8.0,8.0,0.0,0.0,Observer,0.9835741519927979,1.0,2.0,,,0.0,546.0,Offenbach,20221222
346,1R,Low,2.0,2.0,1.0,0.0,Observer-incongruent,1.0335826873779297,-1.0,5.0,,,0.0,549.0,Offenbach,20221222
347,1R,Low,3.0,3.0,0.0,0.0,Actor,1.0838751792907715,1.0,8.0,,,0.0,552.0,Offenbach,20221222
348,1R,Low,1.0,1.0,0.0,0.0,Observer,1.0504419803619385,1.0,9.0,,,0.0,553.0,Offenbach,20221222
349,1R,Low,3.0,3.0,1.0,0.0,Observer-incongruent,1.0500009059906006,-1.0,11.0,,,0.0,555.0,Offenbach,20221222
350,1R,Low,3.0,3.0,1.0,0.0,Observer-incongruent,1.1340699195861816,-1.0,12.0,,,0.0,556.0,Offenbach,20221222
351,1R,Low,2.0,2.0,0.0,0.0,Actor-incongruent,0.9835247993469238,1.0,14.0,,,0.0,558.0,Offenbach,20221222
352,1R,Med,11.0,11.0,0.0,0.0,Observer,1.3663451671600342,1.0,15.0,,,0.0,559.0,Offenbach,20221222
353,1R,Low,6.0,6.0,0.0,1.0,Observer,1.366661787033081,-1.0,16.0,,,0.0,560.0,Offenbach,20221222
354,1R,Low,4.0,4.0,0.0,0.0,Observer,1.2831659317016602,1.0,0.0,,,0.0,564.0,Offenbach,20221222
355,1R,Low,7.0,7.0,0.0,0.0,Actor,1.0170800685882568,1.0,1.0,,,0.0,565.0,Offenbach,20221222
356,1R,Low,3.0,3.0,0.0,0.0,Observer,1.0658369064331055,1.0,2.0,,,0.0,566.0,Offenbach,20221222
357,1R,Low,3.0,3.0,0.0,0.0,Observer,1.2166967391967773,1.0,3.0,,,0.0,567.0,Offenbach,20221222
358,1R,Med,11.0,11.0,0.0,0.0,Actor,1.0669000148773193,1.0,4.0,,,0.0,568.0,Offenbach,20221222
359,1R,Low,2.0,2.0,0.0,0.0,Observer,1.2666041851043701,1.0,5.0,,,0.0,569.0,Offenbach,20221222
360,1R,Low,1.0,1.0,0.0,0.0,Observer,0.9832260608673096,1.0,6.0,,,0.0,570.0,Offenbach,20221222
361,1R,Low,1.0,1.0,0.0,0.0,Observer,0.9998979568481445,1.0,7.0,,,0.0,571.0,Offenbach,20221222
362,1R,Low,3.0,3.0,0.0,0.0,Actor-incongruent,0.9833452701568604,1.0,0.0,,,0.0,573.0,Offenbach,20221222
363,1R,Low,3.0,3.0,0.0,0.0,Observer,1.1343202590942383,1.0,1.0,,,0.0,574.0,Offenbach,20221222
364,1R,Med,9.0,9.0,0.0,0.0,Observer,1.1502330303192139,1.0,2.0,,,0.0,575.0,Offenbach,20221222
365,1R,Low,2.0,2.0,0.0,0.0,Actor,1.0162968635559082,1.0,3.0,,,0.0,576.0,Offenbach,20221222
366,1R,Low,7.0,7.0,0.0,0.0,Observer,1.2164978981018066,1.0,4.0,,,0.0,577.0,Offenbach,20221222
367,1R,Low,7.0,7.0,0.0,0.0,Actor,1.1500020027160645,1.0,5.0,,,0.0,578.0,Offenbach,20221222
368,1R,Med,9.0,9.0,0.0,0.0,Actor,1.0833940505981445,1.0,6.0,,,0.0,579.0,Offenbach,20221222
369,1R,Med,10.0,10.0,0.0,0.0,Actor-incongruent,0.9995839595794678,1.0,8.0,,,0.0,581.0,Offenbach,20221222
370,1R,Low,3.0,3.0,0.0,0.0,Observer,1.0833449363708496,1.0,9.0,,,0.0,582.0,Offenbach,20221222
371,1R,Low,2.0,2.0,0.0,0.0,Actor,1.166637897491455,1.0,10.0,,,0.0,583.0,Offenbach,20221222
372,1R,Low,5.0,5.0,0.0,0.0,Observer,1.0663418769836426,1.0,11.0,,,0.0,584.0,Offenbach,20221222
373,1R,Low,5.0,5.0,0.0,0.0,Observer,1.0164921283721924,1.0,12.0,,,0.0,585.0,Offenbach,20221222
374,1R,Low,3.0,3.0,0.0,0.0,Actor,1.3333239555358887,1.0,13.0,,,0.0,586.0,Offenbach,20221222
375,1R,Low,2.0,2.0,0.0,1.0,Observer,1.016826868057251,-1.0,14.0,,,0.0,587.0,Offenbach,20221222
376,1R,Low,6.0,6.0,0.0,0.0,Observer,1.1176588535308838,1.0,0.0,,,0.0,589.0,Offenbach,20221222
377,1R,Low,6.0,6.0,0.0,0.0,Observer,1.1498711109161377,1.0,1.0,,,0.0,590.0,Offenbach,20221222
378,1R,Low,1.0,1.0,0.0,0.0,Observer,1.066512107849121,1.0,2.0,,,0.0,591.0,Offenbach,20221222
379,1R,Low,2.0,2.0,0.0,0.0,Observer,1.2993309497833252,1.0,3.0,,,0.0,592.0,Offenbach,20221222
380,1R,Med,11.0,11.0,0.0,0.0,Observer,1.7502710819244385,1.0,4.0,,,0.0,593.0,Offenbach,20221222
381,1R,Low,2.0,2.0,0.0,0.0,Actor,1.1500811576843262,1.0,5.0,,,0.0,594.0,Offenbach,20221222
382,1R,Low,8.0,8.0,0.0,0.0,Actor,0.9834818840026855,1.0,6.0,,,0.0,595.0,Offenbach,20221222
383,1R,Low,5.0,5.0,0.0,0.0,Actor,0.9837019443511963,1.0,7.0,,,0.0,596.0,Offenbach,20221222
384,1R,Low,2.0,2.0,0.0,0.0,Actor-incongruent,1.0669620037078857,1.0,9.0,,,0.0,598.0,Offenbach,20221222
385,1R,Low,3.0,3.0,0.0,0.0,Observer,0.9832189083099365,1.0,10.0,,,0.0,599.0,Offenbach,20221222
386,1R,Low,2.0,2.0,1.0,0.0,Observer-incongruent,1.5498721599578857,-1.0,15.0,,,0.0,604.0,Offenbach,20221222
387,1R,Low,5.0,5.0,0.0,1.0,Actor,1.1991689205169678,-1.0,17.0,,,0.0,606.0,Offenbach,20221222
388,1R,Low,3.0,3.0,0.0,0.0,Actor,1.0842978954315186,1.0,0.0,,,0.0,610.0,Offenbach,20221222
389,1R,Low,4.0,4.0,0.0,0.0,Actor,0.9992868900299072,1.0,1.0,,,0.0,611.0,Offenbach,20221222
390,1R,Med,11.0,11.0,0.0,0.0,Actor,1.1664299964904785,1.0,3.0,,,0.0,613.0,Offenbach,20221222
391,1R,Low,1.0,1.0,0.0,0.0,Observer-incongruent,1.2503609657287598,1.0,7.0,,,0.0,617.0,Offenbach,20221222
392,1R,Low,7.0,7.0,0.0,0.0,Observer,1.0669431686401367,1.0,8.0,,,0.0,618.0,Offenbach,20221222
393,1R,High,13.0,13.0,1.0,1.0,Observer,1.0830748081207275,1.0,9.0,,,0.0,619.0,Offenbach,20221222
394,1R,Low,2.0,2.0,0.0,0.0,Observer,1.2163019180297852,1.0,0.0,,,0.0,622.0,Offenbach,20221222
395,1R,Low,5.0,5.0,0.0,0.0,Observer,1.083522081375122,1.0,1.0,,,0.0,623.0,Offenbach,20221222
396,1R,Low,4.0,4.0,0.0,0.0,Actor,1.1841769218444824,1.0,4.0,,,0.0,626.0,Offenbach,20221222
397,1R,Low,4.0,4.0,0.0,0.0,Actor,0.9832401275634766,1.0,5.0,,,0.0,627.0,Offenbach,20221222
398,1R,Low,2.0,2.0,0.0,0.0,Observer,1.2335240840911865,1.0,6.0,,,0.0,628.0,Offenbach,20221222
399,1R,Low,5.0,5.0,0.0,0.0,Observer,1.2166869640350342,1.0,7.0,,,0.0,629.0,Offenbach,20221222
400,1R,Low,3.0,3.0,0.0,0.0,Actor,0.9835891723632812,1.0,8.0,,,0.0,630.0,Offenbach,20221222
401,1R,Low,5.0,5.0,0.0,0.0,Actor,1.183819055557251,1.0,9.0,,,0.0,631.0,Offenbach,20221222
402,1R,Low,8.0,8.0,0.0,0.0,Actor-incongruent,1.016913890838623,1.0,11.0,,,0.0,633.0,Offenbach,20221222
403,1R,Low,5.0,5.0,0.0,1.0,Actor,1.1830999851226807,-1.0,12.0,,,0.0,634.0,Offenbach,20221222
404,1R,Low,4.0,4.0,0.0,0.0,Actor,1.4328339099884033,1.0,0.0,,,0.0,637.0,Offenbach,20221222
405,1R,Low,4.0,4.0,0.0,0.0,Observer,2.3336172103881836,1.0,1.0,,,0.0,638.0,Offenbach,20221222
406,1R,Low,7.0,7.0,0.0,0.0,Observer,0.9829046726226807,1.0,2.0,,,0.0,639.0,Offenbach,20221222
407,1R,Low,3.0,3.0,0.0,0.0,Observer,1.0667383670806885,1.0,3.0,,,0.0,640.0,Offenbach,20221222
408,1R,Low,5.0,5.0,0.0,0.0,Observer,1.0997798442840576,1.0,4.0,,,0.0,641.0,Offenbach,20221222
409,1R,Low,5.0,5.0,0.0,0.0,Observer-incongruent,1.2495908737182617,1.0,6.0,,,0.0,643.0,Offenbach,20221222
410,1R,Low,3.0,3.0,0.0,0.0,Actor,1.0006229877471924,1.0,7.0,,,0.0,644.0,Offenbach,20221222
411,1R,Low,1.0,1.0,0.0,1.0,Actor,1.0002858638763428,-1.0,8.0,,,0.0,645.0,Offenbach,20221222
412,1R,Low,4.0,4.0,0.0,0.0,Observer,1.217005729675293,1.0,0.0,,,0.0,649.0,Offenbach,20221222
413,1R,Low,8.0,8.0,0.0,0.0,Observer,1.6001877784729004,1.0,1.0,,,0.0,650.0,Offenbach,20221222
414,1R,Low,5.0,5.0,0.0,0.0,Observer,1.001220941543579,1.0,2.0,,,0.0,651.0,Offenbach,20221222
415,1R,Low,2.0,2.0,0.0,0.0,Actor,0.9835169315338135,1.0,4.0,,,0.0,653.0,Offenbach,20221222
416,1R,Low,1.0,1.0,0.0,0.0,Observer,1.1178128719329834,1.0,5.0,,,0.0,654.0,Offenbach,20221222
417,1R,Med,9.0,9.0,0.0,0.0,Observer,0.9835450649261475,1.0,6.0,,,0.0,655.0,Offenbach,20221222
418,1R,Low,2.0,2.0,0.0,0.0,Actor,1.8500080108642578,1.0,8.0,,,0.0,657.0,Offenbach,20221222
419,1R,Med,11.0,11.0,1.0,0.0,Observer,0.9852080345153809,-1.0,9.0,,,0.0,658.0,Offenbach,20221222
420,1R,Low,4.0,4.0,0.0,0.0,Observer-incongruent,1.282041072845459,1.0,10.0,,,0.0,659.0,Offenbach,20221222
421,1R,Low,5.0,5.0,0.0,1.0,Actor,0.9833872318267822,-1.0,11.0,,,0.0,660.0,Offenbach,20221222
422,1R,Low,6.0,6.0,1.0,0.0,Observer-incongruent,1.0007598400115967,-1.0,0.0,,,0.0,664.0,Offenbach,20221222
423,1R,Med,10.0,10.0,1.0,0.0,Observer-incongruent,1.3842182159423828,-1.0,1.0,,,0.0,665.0,Offenbach,20221222
424,1R,Low,4.0,4.0,0.0,0.0,Observer-incongruent,1.0170509815216064,1.0,3.0,,,0.0,667.0,Offenbach,20221222
425,1R,Low,2.0,2.0,0.0,0.0,Actor,1.0666389465332031,1.0,4.0,,,0.0,668.0,Offenbach,20221222
426,1R,Low,3.0,3.0,0.0,0.0,Observer,1.0000009536743164,1.0,5.0,,,0.0,669.0,Offenbach,20221222
427,1R,Low,4.0,4.0,0.0,0.0,Actor,1.1002371311187744,1.0,6.0,,,0.0,670.0,Offenbach,20221222
428,1R,Low,5.0,5.0,0.0,0.0,Observer,1.0492868423461914,1.0,7.0,,,0.0,671.0,Offenbach,20221222
429,1R,Low,7.0,7.0,0.0,0.0,Actor,1.1000330448150635,1.0,8.0,,,0.0,672.0,Offenbach,20221222
430,1R,Low,1.0,1.0,0.0,0.0,Observer,1.2830960750579834,1.0,9.0,,,0.0,673.0,Offenbach,20221222
431,1R,Low,8.0,8.0,0.0,0.0,Actor,1.016767978668213,1.0,10.0,,,0.0,674.0,Offenbach,20221222
432,1R,Low,1.0,1.0,0.0,0.0,Actor,1.215670108795166,1.0,11.0,,,0.0,675.0,Offenbach,20221222
433,1R,Low,1.0,1.0,0.0,0.0,Actor,1.0836181640625,1.0,12.0,,,0.0,676.0,Offenbach,20221222
434,1R,Med,11.0,11.0,0.0,0.0,Observer,1.2994441986083984,1.0,13.0,,,0.0,677.0,Offenbach,20221222
435,1R,Low,4.0,4.0,1.0,0.0,Observer,1.166822910308838,-1.0,14.0,,,0.0,678.0,Offenbach,20221222
436,1R,Low,5.0,5.0,0.0,0.0,Actor,0.9834470748901367,1.0,0.0,,,0.0,680.0,Offenbach,20221222
437,1R,Med,11.0,11.0,0.0,0.0,Observer,1.1661739349365234,1.0,1.0,,,0.0,681.0,Offenbach,20221222
438,1R,Low,4.0,4.0,0.0,0.0,Observer,1.1160638332366943,1.0,2.0,,,0.0,682.0,Offenbach,20221222
439,1R,Low,4.0,4.0,0.0,0.0,Actor-incongruent,1.1665339469909668,1.0,5.0,,,0.0,685.0,Offenbach,20221222
440,1R,Low,1.0,1.0,0.0,0.0,Observer,1.400209903717041,1.0,6.0,,,0.0,686.0,Offenbach,20221222
441,1R,Low,2.0,2.0,0.0,0.0,Actor,1.1164820194244385,1.0,7.0,,,0.0,687.0,Offenbach,20221222
442,1R,Low,3.0,3.0,0.0,0.0,Actor,1.1843180656433105,1.0,8.0,,,0.0,688.0,Offenbach,20221222
443,1R,Low,3.0,3.0,0.0,0.0,Actor,1.0666041374206543,1.0,9.0,,,0.0,689.0,Offenbach,20221222
444,1R,Low,2.0,2.0,0.0,1.0,Actor,1.2507741451263428,-1.0,10.0,,,0.0,690.0,Offenbach,20221222
445,1R,Med,10.0,10.0,0.0,0.0,Observer-incongruent,0.9827210903167725,1.0,0.0,,,0.0,692.0,Offenbach,20221222
446,1R,Low,2.0,2.0,0.0,0.0,Observer,1.2495920658111572,1.0,1.0,,,0.0,693.0,Offenbach,20221222
447,1R,Low,3.0,3.0,0.0,0.0,Actor,1.0658087730407715,1.0,3.0,,,0.0,695.0,Offenbach,20221222
448,1R,Low,4.0,4.0,0.0,0.0,Observer,1.6497249603271484,1.0,4.0,,,0.0,696.0,Offenbach,20221222
449,1R,Med,10.0,10.0,0.0,0.0,Observer,0.9842467308044434,1.0,5.0,,,0.0,697.0,Offenbach,20221222
450,1R,Low,3.0,3.0,0.0,0.0,Actor,2.949389934539795,1.0,6.0,,,0.0,698.0,Offenbach,20221222
451,1R,Low,2.0,2.0,0.0,0.0,Observer,1.3504178524017334,1.0,7.0,,,0.0,699.0,Offenbach,20221222
452,1R,Low,6.0,6.0,1.0,1.0,Observer,0.9831910133361816,1.0,9.0,,,0.0,701.0,Offenbach,20221222
453,1R,Low,2.0,2.0,0.0,0.0,Actor,1.1500539779663086,1.0,0.0,,,0.0,704.0,Offenbach,20221222
454,1R,Low,4.0,4.0,0.0,0.0,Observer,1.2354001998901367,1.0,1.0,,,0.0,705.0,Offenbach,20221222
455,1R,Low,5.0,5.0,0.0,0.0,Actor,0.9835021495819092,1.0,2.0,,,0.0,706.0,Offenbach,20221222
456,1R,Low,1.0,1.0,0.0,0.0,Observer,1.100172996520996,1.0,3.0,,,0.0,707.0,Offenbach,20221222
457,1R,Med,9.0,9.0,0.0,0.0,Observer,1.0335009098052979,1.0,4.0,,,0.0,708.0,Offenbach,20221222
458,1R,Low,1.0,1.0,0.0,0.0,Observer,1.0998620986938477,1.0,5.0,,,0.0,709.0,Offenbach,20221222
459,1R,Low,7.0,7.0,0.0,0.0,Actor,1.183837890625,1.0,6.0,,,0.0,710.0,Offenbach,20221222
460,1R,Low,1.0,1.0,0.0,0.0,Observer,1.0345711708068848,1.0,7.0,,,0.0,711.0,Offenbach,20221222
461,1R,Low,2.0,2.0,0.0,1.0,Actor,1.0004231929779053,-1.0,8.0,,,0.0,712.0,Offenbach,20221222
462,1R,Low,1.0,1.0,0.0,0.0,Observer,0.9829549789428711,1.0,0.0,,,0.0,714.0,Offenbach,20221222
463,1R,Low,8.0,8.0,0.0,0.0,Observer,0.9832558631896973,1.0,1.0,,,0.0,715.0,Offenbach,20221222
464,1R,Low,7.0,7.0,0.0,0.0,Observer,1.116447925567627,1.0,2.0,,,0.0,716.0,Offenbach,20221222
465,1R,Low,1.0,1.0,0.0,0.0,Observer,1.3504462242126465,1.0,3.0,,,0.0,717.0,Offenbach,20221222
466,1R,Med,10.0,10.0,0.0,0.0,Actor,1.216426134109497,1.0,4.0,,,0.0,718.0,Offenbach,20221222
467,1R,Low,1.0,1.0,0.0,0.0,Observer,1.0003890991210938,1.0,5.0,,,0.0,719.0,Offenbach,20221222
468,1R,Low,7.0,7.0,0.0,0.0,Actor,0.9833941459655762,1.0,6.0,,,0.0,720.0,Offenbach,20221222
469,1R,Low,2.0,2.0,0.0,0.0,Observer,0.9829790592193604,1.0,7.0,,,0.0,721.0,Offenbach,20221222
470,1R,Low,8.0,8.0,0.0,0.0,Actor,0.9835138320922852,1.0,8.0,,,0.0,722.0,Offenbach,20221222
471,1R,Low,1.0,1.0,0.0,1.0,Actor,1.1825809478759766,-1.0,10.0,,,0.0,724.0,Offenbach,20221222
472,1R,Low,4.0,4.0,0.0,0.0,Actor,1.1015558242797852,1.0,0.0,,,0.0,726.0,Offenbach,20221222
473,1R,Low,1.0,1.0,0.0,0.0,Observer,0.9830930233001709,1.0,1.0,,,0.0,727.0,Offenbach,20221222
474,1R,Low,1.0,1.0,0.0,0.0,Actor,1.316884994506836,1.0,2.0,,,0.0,728.0,Offenbach,20221222
475,1R,Low,6.0,6.0,0.0,0.0,Observer,1.0830540657043457,1.0,3.0,,,0.0,729.0,Offenbach,20221222
476,1R,Low,5.0,5.0,0.0,0.0,Actor,0.9828059673309326,1.0,4.0,,,0.0,730.0,Offenbach,20221222
477,1R,Med,10.0,10.0,0.0,0.0,Actor,1.1834120750427246,1.0,5.0,,,0.0,731.0,Offenbach,20221222
478,1R,Med,9.0,9.0,0.0,0.0,Observer,1.0173389911651611,1.0,6.0,,,0.0,732.0,Offenbach,20221222
479,1R,Med,10.0,10.0,0.0,0.0,Actor,1.1998698711395264,1.0,7.0,,,0.0,733.0,Offenbach,20221222
480,1R,Low,1.0,1.0,0.0,0.0,Observer,1.2167260646820068,1.0,8.0,,,0.0,734.0,Offenbach,20221222
481,1R,Low,5.0,5.0,0.0,0.0,Actor,1.2666130065917969,1.0,9.0,,,0.0,735.0,Offenbach,20221222
482,1R,Low,4.0,4.0,0.0,1.0,Actor,1.3164212703704834,-1.0,10.0,,,0.0,736.0,Offenbach,20221222
483,1R,Med,11.0,11.0,0.0,0.0,Observer,1.8507652282714844,1.0,0.0,,,0.0,739.0,Offenbach,20221222
484,1R,Low,1.0,1.0,0.0,0.0,Actor,1.0324831008911133,1.0,1.0,,,0.0,740.0,Offenbach,20221222
485,1R,Low,7.0,7.0,0.0,0.0,Observer,1.317251205444336,1.0,2.0,,,0.0,741.0,Offenbach,20221222
486,1R,Low,1.0,1.0,0.0,0.0,Observer,2.249621868133545,1.0,3.0,,,0.0,742.0,Offenbach,20221222
487,1R,Low,1.0,1.0,0.0,0.0,Actor,1.1001288890838623,1.0,4.0,,,0.0,743.0,Offenbach,20221222
488,1R,Med,11.0,11.0,0.0,0.0,Actor,1.0156028270721436,1.0,5.0,,,0.0,744.0,Offenbach,20221222
489,1R,Low,4.0,4.0,0.0,0.0,Actor,1.4824860095977783,1.0,6.0,,,0.0,745.0,Offenbach,20221222
490,1R,Low,2.0,2.0,0.0,0.0,Observer,1.0336651802062988,1.0,7.0,,,0.0,746.0,Offenbach,20221222
491,1R,Low,2.0,2.0,1.0,0.0,Observer,0.9836740493774414,-1.0,8.0,,,0.0,747.0,Offenbach,20221222
492,1R,Low,8.0,8.0,1.0,1.0,Observer-incongruent,1.050293207168579,1.0,9.0,,,0.0,748.0,Offenbach,20221222
493,1R,Low,8.0,8.0,0.0,0.0,Actor,1.200119972229004,1.0,0.0,,,0.0,750.0,Offenbach,20221222
494,1R,Med,10.0,10.0,0.0,0.0,Observer,1.2011027336120605,1.0,2.0,,,0.0,752.0,Offenbach,20221222
495,1R,Low,3.0,3.0,0.0,0.0,Observer,1.050055980682373,1.0,3.0,,,0.0,753.0,Offenbach,20221222
496,1R,Low,3.0,3.0,0.0,0.0,Observer,1.0165932178497314,1.0,4.0,,,0.0,754.0,Offenbach,20221222
497,1R,Med,10.0,10.0,1.0,0.0,Observer-incongruent,1.3167250156402588,-1.0,6.0,,,0.0,756.0,Offenbach,20221222
498,1R,Low,5.0,5.0,0.0,1.0,Actor-incongruent,0.9832277297973633,-1.0,9.0,,,0.0,759.0,Offenbach,20221222
499,1R,Low,6.0,6.0,0.0,0.0,Observer-incongruent,1.0668447017669678,1.0,0.0,,,0.0,761.0,Offenbach,20221222
500,1R,Low,3.0,3.0,0.0,0.0,Observer,1.0493550300598145,1.0,1.0,,,0.0,762.0,Offenbach,20221222
501,1R,Low,8.0,8.0,0.0,0.0,Observer,0.9840688705444336,1.0,2.0,,,0.0,763.0,Offenbach,20221222
502,1R,Low,4.0,4.0,0.0,0.0,Observer,2.816026210784912,1.0,3.0,,,0.0,764.0,Offenbach,20221222
503,1R,Low,7.0,7.0,0.0,0.0,Actor-incongruent,1.0671379566192627,1.0,8.0,,,0.0,769.0,Offenbach,20221222
504,1R,Low,6.0,6.0,0.0,0.0,Observer,1.6995849609375,1.0,9.0,,,0.0,770.0,Offenbach,20221222
505,1R,Low,1.0,1.0,0.0,1.0,Observer,1.1501679420471191,-1.0,10.0,,,0.0,771.0,Offenbach,20221222
506,1R,Low,6.0,6.0,0.0,0.0,Actor-incongruent,1.0678260326385498,1.0,0.0,,,0.0,773.0,Offenbach,20221222
507,1R,Low,1.0,1.0,0.0,0.0,Actor,1.1168901920318604,1.0,1.0,,,0.0,774.0,Offenbach,20221222
508,1R,Low,5.0,5.0,0.0,0.0,Observer,0.9831349849700928,1.0,2.0,,,0.0,775.0,Offenbach,20221222
509,1R,Low,4.0,4.0,0.0,0.0,Actor,1.0998859405517578,1.0,3.0,,,0.0,776.0,Offenbach,20221222
510,1R,High,12.0,12.0,0.0,0.0,Observer,0.983227014541626,1.0,4.0,,,0.0,777.0,Offenbach,20221222
511,1R,Low,7.0,7.0,0.0,0.0,Actor-incongruent,1.1684389114379883,1.0,6.0,,,0.0,779.0,Offenbach,20221222
512,1R,Low,4.0,4.0,0.0,0.0,Observer,1.0514459609985352,1.0,7.0,,,0.0,780.0,Offenbach,20221222
513,1R,Low,5.0,5.0,0.0,0.0,Observer,3.0338501930236816,1.0,8.0,,,0.0,781.0,Offenbach,20221222
514,1R,Low,4.0,4.0,0.0,1.0,Actor,0.9839339256286621,-1.0,9.0,,,0.0,782.0,Offenbach,20221222
515,1R,Low,4.0,4.0,0.0,0.0,Actor,1.1840970516204834,1.0,0.0,,,0.0,785.0,Offenbach,20221222
516,1R,Low,7.0,7.0,0.0,0.0,Observer,1.3665127754211426,1.0,1.0,,,0.0,786.0,Offenbach,20221222
517,1R,Low,2.0,2.0,0.0,0.0,Observer,1.1329538822174072,1.0,2.0,,,0.0,787.0,Offenbach,20221222
518,1R,Low,3.0,3.0,1.0,0.0,Observer-incongruent,1.5504150390625,-1.0,4.0,,,0.0,789.0,Offenbach,20221222
519,1R,Low,5.0,5.0,0.0,0.0,Observer,1.500281810760498,1.0,6.0,,,0.0,791.0,Offenbach,20221222
520,1R,Low,2.0,2.0,0.0,0.0,Observer,1.9163551330566406,1.0,7.0,,,0.0,792.0,Offenbach,20221222
521,1R,Low,3.0,3.0,0.0,1.0,Actor,0.984368085861206,-1.0,8.0,,,0.0,793.0,Offenbach,20221222
522,1R,Low,2.0,2.0,0.0,0.0,Observer-incongruent,1.6500771045684814,1.0,0.0,,,0.0,795.0,Offenbach,20221222
523,1R,Low,8.0,8.0,0.0,0.0,Actor,1.1166291236877441,1.0,3.0,,,0.0,798.0,Offenbach,20221222
524,1R,Low,2.0,2.0,0.0,0.0,Actor,1.033606767654419,1.0,4.0,,,0.0,799.0,Offenbach,20221222
525,1R,Low,1.0,1.0,0.0,0.0,Actor,0.9834129810333252,1.0,5.0,,,0.0,800.0,Offenbach,20221222
526,1R,Low,8.0,8.0,0.0,0.0,Observer,1.1670069694519043,1.0,6.0,,,0.0,801.0,Offenbach,20221222
527,1R,Low,3.0,3.0,0.0,0.0,Actor-incongruent,1.2832510471343994,1.0,8.0,,,0.0,803.0,Offenbach,20221222
528,1R,Low,4.0,4.0,0.0,1.0,Actor,1.1503641605377197,-1.0,9.0,,,0.0,804.0,Offenbach,20221222
529,1R,Low,4.0,4.0,0.0,0.0,Observer-incongruent,0.9994947910308838,1.0,0.0,,,0.0,806.0,Offenbach,20221222
530,1R,Low,5.0,5.0,0.0,0.0,Observer,1.300177812576294,1.0,1.0,,,0.0,807.0,Offenbach,20221222
531,1R,Low,3.0,3.0,0.0,0.0,Observer,1.200862169265747,1.0,2.0,,,0.0,808.0,Offenbach,20221222
532,1R,Med,9.0,9.0,0.0,0.0,Observer,1.3498990535736084,1.0,3.0,,,0.0,809.0,Offenbach,20221222
533,1R,Med,11.0,11.0,0.0,0.0,Actor,1.0331668853759766,1.0,4.0,,,0.0,810.0,Offenbach,20221222
534,1R,Low,1.0,1.0,0.0,0.0,Observer,1.0166027545928955,1.0,5.0,,,0.0,811.0,Offenbach,20221222
535,1R,Low,5.0,5.0,0.0,0.0,Actor,0.9828240871429443,1.0,6.0,,,0.0,812.0,Offenbach,20221222
536,1R,Low,1.0,1.0,1.0,0.0,Observer-incongruent,1.034188985824585,-1.0,8.0,,,0.0,814.0,Offenbach,20221222
537,1R,Low,1.0,1.0,0.0,0.0,Observer,1.0326521396636963,1.0,0.0,,,0.0,819.0,Offenbach,20221222
538,1R,Low,3.0,3.0,0.0,0.0,Observer,2.0499470233917236,1.0,1.0,,,0.0,820.0,Offenbach,20221222
539,1R,Low,1.0,1.0,0.0,0.0,Actor,0.9988968372344971,1.0,2.0,,,0.0,821.0,Offenbach,20221222
540,1R,Low,7.0,7.0,0.0,0.0,Observer,2.5326168537139893,1.0,3.0,,,0.0,822.0,Offenbach,20221222
541,1R,Low,3.0,3.0,0.0,0.0,Observer-incongruent,2.1491200923919678,1.0,8.0,,,0.0,827.0,Offenbach,20221222
542,1R,Low,4.0,4.0,0.0,1.0,Actor,1.1493027210235596,-1.0,9.0,,,0.0,828.0,Offenbach,20221222
543,1R,Low,2.0,2.0,0.0,0.0,Actor,1.0507209300994873,1.0,0.0,,,0.0,836.0,Offenbach,20221222
544,1R,Low,1.0,1.0,0.0,0.0,Observer,0.9836471080780029,1.0,1.0,,,0.0,837.0,Offenbach,20221222
545,1R,Low,7.0,7.0,0.0,0.0,Actor,0.9840199947357178,1.0,2.0,,,0.0,838.0,Offenbach,20221222
546,1R,Low,5.0,5.0,0.0,0.0,Observer,0.9831891059875488,1.0,3.0,,,0.0,839.0,Offenbach,20221222
547,1R,Med,9.0,9.0,0.0,1.0,Actor,1.0496127605438232,-1.0,4.0,,,0.0,840.0,Offenbach,20221222
548,1R,Med,11.0,11.0,0.0,0.0,Observer,1.100572109222412,1.0,0.0,,,0.0,843.0,Offenbach,20221222
549,1R,Low,4.0,4.0,0.0,0.0,Actor,1.3836569786071777,1.0,2.0,,,0.0,845.0,Offenbach,20221222
550,1R,Low,5.0,5.0,0.0,0.0,Actor,1.1831369400024414,1.0,3.0,,,0.0,846.0,Offenbach,20221222
551,1R,Low,7.0,7.0,0.0,0.0,Actor,1.3497421741485596,1.0,4.0,,,0.0,847.0,Offenbach,20221222
552,1R,Low,1.0,1.0,0.0,0.0,Actor,1.5162718296051025,1.0,0.0,,,0.0,854.0,Offenbach,20221222
553,1R,Low,1.0,1.0,0.0,0.0,Observer,1.1665019989013672,1.0,2.0,,,0.0,856.0,Offenbach,20221222
554,1R,Low,1.0,1.0,0.0,0.0,Actor,1.2330970764160156,1.0,3.0,,,0.0,857.0,Offenbach,20221222
555,1R,Low,7.0,7.0,0.0,0.0,Actor,2.9498531818389893,1.0,4.0,,,0.0,858.0,Offenbach,20221222
556,1R,Low,1.0,1.0,0.0,0.0,Actor,3.0001118183135986,1.0,5.0,,,0.0,859.0,Offenbach,20221222
557,1R,Low,2.0,2.0,0.0,1.0,Actor,1.9168472290039062,-1.0,11.0,,,0.0,865.0,Offenbach,20221222
558,1R,Low,1.0,1.0,0.0,0.0,Actor,0.9839818477630615,1.0,0.0,,,0.0,868.0,Offenbach,20221222
559,1R,Low,3.0,3.0,0.0,0.0,Observer,1.1001369953155518,1.0,1.0,,,0.0,869.0,Offenbach,20221222
560,1R,Low,2.0,2.0,0.0,0.0,Actor,1.116711139678955,1.0,3.0,,,0.0,871.0,Offenbach,20221222
561,1R,Low,2.0,2.0,1.0,0.0,Observer-incongruent,1.6844899654388428,-1.0,5.0,,,0.0,873.0,Offenbach,20221222
562,1R,Low,6.0,6.0,0.0,0.0,Actor,1.0501959323883057,1.0,8.0,,,0.0,876.0,Offenbach,20221222
563,1R,Low,2.0,2.0,0.0,1.0,Actor,1.5334258079528809,-1.0,9.0,,,0.0,877.0,Offenbach,20221222
564,1R,Low,4.0,4.0,0.0,0.0,Observer-incongruent,0.9829611778259277,1.0,0.0,,,0.0,879.0,Offenbach,20221222
565,1R,Low,4.0,4.0,0.0,0.0,Actor,1.0995571613311768,1.0,1.0,,,0.0,880.0,Offenbach,20221222
566,1R,Med,9.0,9.0,1.0,0.0,Observer-incongruent,1.3506848812103271,-1.0,4.0,,,0.0,883.0,Offenbach,20221222
567,1R,Low,1.0,1.0,0.0,0.0,Observer,3.4667820930480957,1.0,8.0,,,0.0,887.0,Offenbach,20221222
568,1R,Low,1.0,1.0,0.0,1.0,Actor,1.2338380813598633,-1.0,9.0,,,0.0,888.0,Offenbach,20221222
569,1R,Low,1.0,1.0,0.0,0.0,Observer,1.2326312065124512,1.0,0.0,,,0.0,891.0,Offenbach,20221222
570,1R,Low,4.0,4.0,0.0,0.0,Actor,0.9829668998718262,1.0,1.0,,,0.0,892.0,Offenbach,20221222
571,1R,Low,1.0,1.0,0.0,0.0,Actor,1.2329521179199219,1.0,2.0,,,0.0,893.0,Offenbach,20221222
572,1R,Low,4.0,4.0,0.0,0.0,Actor,1.0492010116577148,1.0,3.0,,,0.0,894.0,Offenbach,20221222
573,1R,Low,1.0,1.0,0.0,0.0,Observer,1.1835670471191406,1.0,4.0,,,0.0,895.0,Offenbach,20221222
574,1R,Low,2.0,2.0,0.0,0.0,Actor,1.1669220924377441,1.0,5.0,,,0.0,896.0,Offenbach,20221222
575,1R,Low,1.0,1.0,0.0,0.0,Actor,1.133512020111084,1.0,6.0,,,0.0,897.0,Offenbach,20221222
576,1R,Low,6.0,6.0,0.0,0.0,Actor,1.0996332168579102,1.0,7.0,,,0.0,898.0,Offenbach,20221222
577,1R,Med,10.0,10.0,0.0,0.0,Observer,1.1187629699707031,1.0,8.0,,,0.0,899.0,Offenbach,20221222
578,1R,Low,6.0,6.0,0.0,0.0,Observer,1.3662269115447998,1.0,9.0,,,0.0,900.0,Offenbach,20221222
579,1R,Low,3.0,3.0,0.0,0.0,Observer,2.2001967430114746,1.0,10.0,,,0.0,901.0,Offenbach,20221222
580,1R,Low,3.0,3.0,0.0,0.0,Actor,0.9828610420227051,1.0,11.0,,,0.0,902.0,Offenbach,20221222
581,1R,Low,2.0,2.0,0.0,0.0,Actor,1.0332379341125488,1.0,12.0,,,0.0,903.0,Offenbach,20221222
582,1R,Med,9.0,9.0,0.0,0.0,Observer,0.9827888011932373,1.0,0.0,,,0.0,907.0,Offenbach,20221222
583,1R,High,12.0,12.0,0.0,0.0,Observer,1.0829319953918457,1.0,1.0,,,0.0,908.0,Offenbach,20221222
584,1R,Low,6.0,6.0,0.0,0.0,Observer,0.9823579788208008,1.0,2.0,,,0.0,909.0,Offenbach,20221222
585,1R,Low,1.0,1.0,0.0,0.0,Observer,2.899635076522827,1.0,3.0,,,0.0,910.0,Offenbach,20221222
586,1R,Low,6.0,6.0,0.0,0.0,Actor,1.3837268352508545,1.0,4.0,,,0.0,911.0,Offenbach,20221222
587,1R,Low,8.0,8.0,0.0,0.0,Actor,1.1662929058074951,1.0,5.0,,,0.0,912.0,Offenbach,20221222
588,1R,Low,5.0,5.0,0.0,0.0,Observer,1.183286190032959,1.0,6.0,,,0.0,913.0,Offenbach,20221222
589,1R,Low,1.0,1.0,1.0,0.0,Observer,1.5168969631195068,-1.0,7.0,,,0.0,914.0,Offenbach,20221222
590,1R,Low,6.0,6.0,0.0,0.0,Observer,1.2510881423950195,1.0,0.0,,,0.0,919.0,Offenbach,20221222
591,1R,Low,2.0,2.0,0.0,0.0,Actor,1.1002378463745117,1.0,1.0,,,0.0,920.0,Offenbach,20221222
592,1R,Med,9.0,9.0,0.0,0.0,Actor,1.2002599239349365,1.0,2.0,,,0.0,921.0,Offenbach,20221222
593,1R,Low,4.0,4.0,0.0,0.0,Actor-incongruent,1.2003438472747803,1.0,3.0,,,0.0,922.0,Offenbach,20221222
594,1R,Low,4.0,4.0,0.0,0.0,Actor,1.2331340312957764,1.0,4.0,,,0.0,923.0,Offenbach,20221222
595,1R,Low,8.0,8.0,0.0,0.0,Actor,0.9833030700683594,1.0,5.0,,,0.0,924.0,Offenbach,20221222
596,1R,Low,6.0,6.0,0.0,0.0,Observer,0.9835910797119141,1.0,6.0,,,0.0,925.0,Offenbach,20221222
597,1R,Low,3.0,3.0,0.0,0.0,Observer,2.066991090774536,1.0,7.0,,,0.0,926.0,Offenbach,20221222
598,1R,Low,2.0,2.0,0.0,0.0,Actor,1.0662059783935547,1.0,8.0,,,0.0,927.0,Offenbach,20221222
599,1R,Low,1.0,1.0,0.0,0.0,Actor,1.0167138576507568,1.0,9.0,,,0.0,928.0,Offenbach,20221222
600,1R,High,12.0,12.0,0.0,0.0,Observer,1.9327101707458496,1.0,10.0,,,0.0,929.0,Offenbach,20221222
601,1R,Low,4.0,4.0,1.0,0.0,Observer-incongruent,1.133673906326294,-1.0,12.0,,,0.0,931.0,Offenbach,20221222
602,1R,Low,3.0,3.0,0.0,0.0,Actor,0.9837641716003418,1.0,0.0,,,0.0,936.0,Offenbach,20221222
603,1R,Low,8.0,8.0,0.0,0.0,Observer,1.1162779331207275,1.0,1.0,,,0.0,937.0,Offenbach,20221222
604,1R,Low,3.0,3.0,0.0,0.0,Actor,1.048983097076416,1.0,2.0,,,0.0,938.0,Offenbach,20221222
605,1R,Low,5.0,5.0,0.0,0.0,Observer,1.8169360160827637,1.0,3.0,,,0.0,939.0,Offenbach,20221222
606,1R,Low,1.0,1.0,0.0,0.0,Actor,1.0998640060424805,1.0,4.0,,,0.0,940.0,Offenbach,20221222
607,1R,Low,3.0,3.0,0.0,0.0,Observer,1.1995611190795898,1.0,5.0,,,0.0,941.0,Offenbach,20221222
608,1R,Low,2.0,2.0,0.0,0.0,Actor,1.1494460105895996,1.0,6.0,,,0.0,942.0,Offenbach,20221222
609,1R,Low,2.0,2.0,1.0,0.0,Observer-incongruent,0.9831171035766602,-1.0,8.0,,,0.0,944.0,Offenbach,20221222
610,1R,Low,1.0,1.0,0.0,1.0,Actor-incongruent,1.000356912612915,-1.0,12.0,,,0.0,948.0,Offenbach,20221222
611,1R,Low,8.0,8.0,0.0,0.0,Actor-incongruent,1.1497528553009033,1.0,0.0,,,0.0,952.0,Offenbach,20221222
612,1R,Low,2.0,2.0,0.0,0.0,Actor,1.316169023513794,1.0,1.0,,,0.0,953.0,Offenbach,20221222
613,1R,Low,7.0,7.0,0.0,0.0,Actor,1.0001378059387207,1.0,2.0,,,0.0,954.0,Offenbach,20221222
614,1R,Low,2.0,2.0,0.0,0.0,Actor,1.216810941696167,1.0,3.0,,,0.0,955.0,Offenbach,20221222
615,1R,Low,1.0,1.0,0.0,0.0,Observer,1.3504610061645508,1.0,5.0,,,0.0,957.0,Offenbach,20221222
616,1R,Low,1.0,1.0,0.0,1.0,Observer,1.133418083190918,-1.0,9.0,,,0.0,961.0,Offenbach,20221222
617,1R,Low,4.0,4.0,0.0,0.0,Observer,1.0169856548309326,1.0,0.0,,,0.0,964.0,Offenbach,20221222
618,1R,Low,3.0,3.0,0.0,0.0,Observer,1.0162267684936523,1.0,1.0,,,0.0,965.0,Offenbach,20221222
619,1R,Low,8.0,8.0,0.0,0.0,Actor,1.2506332397460938,1.0,2.0,,,0.0,966.0,Offenbach,20221222
620,1R,Low,4.0,4.0,0.0,0.0,Actor,1.2340590953826904,1.0,3.0,,,0.0,967.0,Offenbach,20221222
621,1R,Low,8.0,8.0,0.0,0.0,Actor,1.1328949928283691,1.0,4.0,,,0.0,968.0,Offenbach,20221222
622,1R,Low,3.0,3.0,0.0,0.0,Actor,1.566694974899292,1.0,5.0,,,0.0,969.0,Offenbach,20221222
623,1R,Low,1.0,1.0,0.0,0.0,Observer,1.2009296417236328,1.0,6.0,,,0.0,970.0,Offenbach,20221222
624,1R,Med,10.0,10.0,0.0,0.0,Observer,0.9992861747741699,1.0,7.0,,,0.0,971.0,Offenbach,20221222
625,1R,Low,1.0,1.0,0.0,0.0,Observer,1.1666817665100098,1.0,8.0,,,0.0,972.0,Offenbach,20221222
626,1R,Low,3.0,3.0,0.0,1.0,Actor,1.3836321830749512,-1.0,9.0,,,0.0,973.0,Offenbach,20221222
627,1R,Low,3.0,3.0,0.0,0.0,Actor-incongruent,1.0162608623504639,1.0,0.0,,,0.0,976.0,Offenbach,20221222
628,1R,Med,11.0,11.0,0.0,0.0,Observer,1.2496979236602783,1.0,1.0,,,0.0,977.0,Offenbach,20221222
629,1R,Low,7.0,7.0,0.0,0.0,Observer,0.9826970100402832,1.0,2.0,,,0.0,978.0,Offenbach,20221222
630,1R,Low,3.0,3.0,0.0,0.0,Actor,1.0000581741333008,1.0,3.0,,,0.0,979.0,Offenbach,20221222
631,1R,Low,1.0,1.0,0.0,0.0,Observer,1.0166528224945068,1.0,4.0,,,0.0,980.0,Offenbach,20221222
632,1R,Low,5.0,5.0,0.0,0.0,Observer,1.7005181312561035,1.0,5.0,,,0.0,981.0,Offenbach,20221222
633,1R,Low,8.0,8.0,0.0,0.0,Actor,1.1169300079345703,1.0,6.0,,,0.0,982.0,Offenbach,20221222
634,1R,Med,9.0,9.0,0.0,0.0,Observer,1.0838749408721924,1.0,7.0,,,0.0,983.0,Offenbach,20221222
635,1R,Low,2.0,2.0,0.0,0.0,Observer,1.4329419136047363,1.0,8.0,,,0.0,984.0,Offenbach,20221222
636,1R,Low,7.0,7.0,0.0,0.0,Actor,1.2834410667419434,1.0,9.0,,,0.0,985.0,Offenbach,20221222
637,1R,Low,4.0,4.0,0.0,0.0,Observer,1.016348123550415,1.0,10.0,,,0.0,986.0,Offenbach,20221222
638,1R,Low,1.0,1.0,0.0,1.0,Actor,1.1505520343780518,-1.0,11.0,,,0.0,987.0,Offenbach,20221222
639,1R,Low,7.0,7.0,1.0,0.0,Observer-incongruent,2.1657490730285645,-1.0,0.0,,,0.0,989.0,Offenbach,20221222
640,1R,Low,7.0,7.0,0.0,0.0,Actor,1.0168159008026123,1.0,2.0,,,0.0,991.0,Offenbach,20221222
641,1R,Low,5.0,5.0,0.0,0.0,Actor,0.9834592342376709,1.0,3.0,,,0.0,992.0,Offenbach,20221222
642,1R,Low,5.0,5.0,0.0,0.0,Actor,1.3336310386657715,1.0,4.0,,,0.0,993.0,Offenbach,20221222
643,1R,High,12.0,12.0,0.0,0.0,Observer,1.1830592155456543,1.0,5.0,,,0.0,994.0,Offenbach,20221222
644,1R,Med,9.0,9.0,0.0,0.0,Observer,1.4340767860412598,1.0,6.0,,,0.0,995.0,Offenbach,20221222
645,1R,Low,8.0,8.0,0.0,0.0,Actor,1.3837859630584717,1.0,7.0,,,0.0,996.0,Offenbach,20221222
646,1R,Low,2.0,2.0,0.0,0.0,Actor,1.1662931442260742,1.0,8.0,,,0.0,997.0,Offenbach,20221222
647,1R,Med,10.0,10.0,0.0,0.0,Actor,1.9832088947296143,1.0,0.0,,,0.0,1003.0,Offenbach,20221222
648,1R,Low,1.0,1.0,0.0,0.0,Observer,1.7333669662475586,1.0,1.0,,,0.0,1004.0,Offenbach,20221222
649,1R,Low,2.0,2.0,0.0,0.0,Observer,0.9828689098358154,1.0,2.0,,,0.0,1005.0,Offenbach,20221222
650,1R,Low,4.0,4.0,1.0,0.0,Observer,1.399949073791504,-1.0,3.0,,,0.0,1006.0,Offenbach,20221222
651,1R,Low,5.0,5.0,1.0,0.0,Observer-incongruent,2.050136089324951,-1.0,4.0,,,0.0,1007.0,Offenbach,20221222
652,1R,Low,2.0,2.0,1.0,0.0,Observer-incongruent,0.9830648899078369,-1.0,5.0,,,0.0,1008.0,Offenbach,20221222
653,1R,Low,3.0,3.0,1.0,0.0,Observer-incongruent,1.5834331512451172,-1.0,6.0,,,0.0,1009.0,Offenbach,20221222
654,1R,Low,3.0,3.0,0.0,0.0,Actor,1.0998761653900146,1.0,8.0,,,0.0,1011.0,Offenbach,20221222
655,1R,Low,7.0,7.0,0.0,0.0,Observer,1.132584810256958,1.0,9.0,,,0.0,1012.0,Offenbach,20221222
656,1R,Low,6.0,6.0,0.0,0.0,Actor,1.2165498733520508,1.0,10.0,,,0.0,1013.0,Offenbach,20221222
657,1R,Low,2.0,2.0,0.0,0.0,Observer-incongruent,2.816396713256836,1.0,0.0,,,0.0,1016.0,Offenbach,20221222
658,1R,Low,1.0,1.0,0.0,0.0,Actor,1.016880989074707,1.0,5.0,,,0.0,1021.0,Offenbach,20221222
659,1R,Low,7.0,7.0,0.0,0.0,Actor,0.9830808639526367,1.0,6.0,,,0.0,1022.0,Offenbach,20221222
660,1R,Low,3.0,3.0,0.0,0.0,Actor,1.0659360885620117,1.0,7.0,,,0.0,1023.0,Offenbach,20221222
661,1R,Low,2.0,2.0,0.0,0.0,Actor,1.050286054611206,1.0,8.0,,,0.0,1024.0,Offenbach,20221222
662,1R,Low,1.0,1.0,0.0,0.0,Observer-incongruent,1.516406774520874,1.0,0.0,,,0.0,1027.0,Offenbach,20221222
663,1R,Low,5.0,5.0,0.0,0.0,Actor,1.100358247756958,1.0,1.0,,,0.0,1028.0,Offenbach,20221222
664,1R,Low,2.0,2.0,0.0,0.0,Observer,1.2165250778198242,1.0,2.0,,,0.0,1029.0,Offenbach,20221222
665,1R,Low,3.0,3.0,0.0,0.0,Observer,1.7503259181976318,1.0,3.0,,,0.0,1030.0,Offenbach,20221222
666,1R,Low,8.0,8.0,0.0,0.0,Observer,1.7497942447662354,1.0,5.0,,,0.0,1032.0,Offenbach,20221222
667,1R,Low,3.0,3.0,0.0,0.0,Observer,1.7665307521820068,1.0,6.0,,,0.0,1033.0,Offenbach,20221222
668,1R,Low,4.0,4.0,0.0,0.0,Observer,3.699554920196533,1.0,7.0,,,0.0,1034.0,Offenbach,20221222
669,1R,Low,5.0,5.0,0.0,0.0,Observer,1.1170661449432373,1.0,8.0,,,0.0,1035.0,Offenbach,20221222
670,1R,Low,2.0,2.0,0.0,0.0,Observer,1.0334317684173584,1.0,9.0,,,0.0,1036.0,Offenbach,20221222
671,1R,Low,2.0,2.0,0.0,1.0,Actor,1.3667559623718262,-1.0,10.0,,,0.0,1037.0,Offenbach,20221222
672,1R,Low,4.0,4.0,0.0,0.0,Observer-incongruent,1.3002698421478271,1.0,0.0,,,0.0,1038.0,Offenbach,20221222
673,1R,Low,7.0,7.0,0.0,0.0,Actor,0.9833948612213135,1.0,1.0,,,0.0,1039.0,Offenbach,20221222
674,1R,Low,2.0,2.0,0.0,0.0,Actor-incongruent,1.3833229541778564,1.0,3.0,,,0.0,1041.0,Offenbach,20221222
675,1R,Low,3.0,3.0,0.0,0.0,Observer,1.0332920551300049,1.0,6.0,,,0.0,1044.0,Offenbach,20221222
676,1R,Low,3.0,3.0,0.0,0.0,Actor,1.1001880168914795,1.0,7.0,,,0.0,1045.0,Offenbach,20221222
677,1R,Low,1.0,1.0,0.0,0.0,Actor,2.5661838054656982,1.0,8.0,,,0.0,1046.0,Offenbach,20221222
678,1R,Low,2.0,2.0,0.0,0.0,Actor,1.416461706161499,1.0,9.0,,,0.0,1047.0,Offenbach,20221222
679,1R,Low,4.0,4.0,0.0,1.0,Actor,1.7826809883117676,-1.0,11.0,,,0.0,1049.0,Offenbach,20221222
680,1R,Low,1.0,1.0,0.0,0.0,Observer-incongruent,0.9822168350219727,1.0,0.0,,,0.0,1051.0,Offenbach,20221222
681,1R,Low,4.0,4.0,0.0,0.0,Observer,1.0505359172821045,1.0,1.0,,,0.0,1052.0,Offenbach,20221222
682,1R,Low,1.0,1.0,0.0,0.0,Observer,1.2670860290527344,1.0,2.0,,,0.0,1053.0,Offenbach,20221222
683,1R,Low,2.0,2.0,0.0,0.0,Observer,1.3837521076202393,1.0,3.0,,,0.0,1054.0,Offenbach,20221222
684,1R,Low,7.0,7.0,0.0,0.0,Actor-incongruent,1.75105619430542,1.0,5.0,,,0.0,1056.0,Offenbach,20221222
685,1R,Low,2.0,2.0,0.0,0.0,Actor-incongruent,1.2669689655303955,1.0,7.0,,,0.0,1058.0,Offenbach,20221222
686,1R,Low,1.0,1.0,0.0,0.0,Observer,1.1835951805114746,1.0,9.0,,,0.0,1060.0,Offenbach,20221222
687,1R,Med,11.0,11.0,1.0,0.0,Observer,1.8168208599090576,-1.0,10.0,,,0.0,1061.0,Offenbach,20221222
688,1R,Low,2.0,2.0,1.0,1.0,Observer-incongruent,1.3494181632995605,1.0,11.0,,,0.0,1062.0,Offenbach,20221222
689,1R,Low,4.0,4.0,0.0,0.0,Actor-incongruent,1.0495588779449463,1.0,0.0,,,0.0,1063.0,Offenbach,20221222
690,1R,Low,1.0,1.0,0.0,0.0,Actor,2.1000702381134033,1.0,1.0,,,0.0,1064.0,Offenbach,20221222
691,1R,Med,11.0,11.0,0.0,0.0,Observer,1.3163399696350098,1.0,2.0,,,0.0,1065.0,Offenbach,20221222
692,1R,Low,8.0,8.0,0.0,0.0,Actor-incongruent,1.5997519493103027,1.0,4.0,,,0.0,1067.0,Offenbach,20221222
693,1R,Low,7.0,7.0,0.0,0.0,Actor-incongruent,3.083038806915283,1.0,5.0,,,0.0,1068.0,Offenbach,20221222
694,1R,Low,1.0,1.0,0.0,0.0,Observer,1.049849033355713,1.0,7.0,,,0.0,1070.0,Offenbach,20221222
695,1R,Med,9.0,9.0,0.0,0.0,Observer,1.3336620330810547,1.0,0.0,,,0.0,1074.0,Offenbach,20221222
696,1R,Low,4.0,4.0,0.0,0.0,Actor,1.200049877166748,1.0,1.0,,,0.0,1075.0,Offenbach,20221222
697,1R,Med,10.0,10.0,0.0,0.0,Actor,1.2998688220977783,1.0,2.0,,,0.0,1076.0,Offenbach,20221222
698,1R,Low,1.0,1.0,0.0,0.0,Observer,2.016566038131714,1.0,4.0,,,0.0,1078.0,Offenbach,20221222
699,1R,Low,1.0,1.0,0.0,0.0,Actor,1.199753999710083,1.0,5.0,,,0.0,1079.0,Offenbach,20221222
700,1R,Med,10.0,10.0,0.0,0.0,Observer,2.8664040565490723,1.0,6.0,,,0.0,1080.0,Offenbach,20221222
701,1R,Low,3.0,3.0,0.0,0.0,Actor,1.1499707698822021,1.0,7.0,,,0.0,1081.0,Offenbach,20221222
702,1R,Low,2.0,2.0,0.0,1.0,Observer-incongruent,2.083112955093384,-1.0,10.0,,,0.0,1084.0,Offenbach,20221222
703,1R,Low,3.0,3.0,0.0,0.0,Actor,2.3832080364227295,1.0,0.0,,,0.0,1087.0,Offenbach,20221222
704,1R,Low,1.0,1.0,0.0,0.0,Observer,1.2001407146453857,1.0,1.0,,,0.0,1088.0,Offenbach,20221222
705,1R,Low,2.0,2.0,0.0,0.0,Actor,1.183631181716919,1.0,2.0,,,0.0,1089.0,Offenbach,20221222
706,1R,Low,6.0,6.0,0.0,0.0,Observer,1.1837220191955566,1.0,3.0,,,0.0,1090.0,Offenbach,20221222
707,1R,Low,4.0,4.0,1.0,0.0,Observer,1.333470106124878,-1.0,4.0,,,0.0,1091.0,Offenbach,20221222
708,1R,Low,3.0,3.0,1.0,0.0,Observer-incongruent,1.2991831302642822,-1.0,5.0,,,0.0,1092.0,Offenbach,20221222
709,1R,Low,6.0,6.0,0.0,1.0,Observer-incongruent,1.1000680923461914,-1.0,8.0,,,0.0,1095.0,Offenbach,20221222
710,1R,Low,1.0,1.0,0.0,0.0,Observer,1.4331650733947754,1.0,0.0,,,0.0,1098.0,Offenbach,20221222
711,1R,Low,3.0,3.0,0.0,0.0,Actor,1.2330870628356934,1.0,1.0,,,0.0,1099.0,Offenbach,20221222
712,1R,Low,1.0,1.0,0.0,0.0,Observer,2.433361053466797,1.0,2.0,,,0.0,1100.0,Offenbach,20221222
713,1R,Low,7.0,7.0,0.0,0.0,Observer,3.233099937438965,1.0,3.0,,,0.0,1101.0,Offenbach,20221222
0,1NR,Med,11.0,11.0,0.0,0.0,Observer,0.9828841686248779,1.0,4.0,,,0.0,5.0,Offenbach,20221222
1,1NR,Med,10.0,10.0,0.0,0.0,Observer,1.0998520851135254,1.0,6.0,,,0.0,17.0,Offenbach,20221222
2,1NR,Med,10.0,10.0,0.0,1.0,Observer,1.0497498512268066,-1.0,12.0,,,0.0,23.0,Offenbach,20221222
3,1NR,High,13.0,13.0,0.0,1.0,Observer,2.7325470447540283,-1.0,9.0,,,0.0,35.0,Offenbach,20221222
4,1NR,Med,9.0,9.0,1.0,0.0,Actor,0.9828379154205322,-1.0,4.0,,,0.0,40.0,Offenbach,20221222
5,1NR,High,12.0,12.0,0.0,1.0,Observer,0.9835999011993408,-1.0,12.0,,,0.0,48.0,Offenbach,20221222
6,1NR,High,12.0,12.0,0.0,0.0,Observer,1.2667536735534668,1.0,3.0,,,0.0,53.0,Offenbach,20221222
7,1NR,Med,11.0,11.0,1.0,0.0,Observer,0.9840850830078125,-1.0,8.0,,,0.0,58.0,Offenbach,20221222
8,1NR,Med,11.0,11.0,0.0,0.0,Actor,1.4499690532684326,1.0,15.0,,,0.0,65.0,Offenbach,20221222
9,1NR,High,13.0,13.0,0.0,1.0,Observer,1.3327138423919678,-1.0,17.0,,,0.0,67.0,Offenbach,20221222
10,1NR,Med,10.0,10.0,1.0,1.0,Actor,1.0008277893066406,1.0,10.0,,,0.0,78.0,Offenbach,20221222
11,1NR,High,14.0,14.0,0.0,0.0,Actor,1.1510961055755615,1.0,1.0,,,0.0,80.0,Offenbach,20221222
12,1NR,Med,10.0,10.0,0.0,0.0,Observer,2.0169997215270996,1.0,6.0,,,0.0,85.0,Offenbach,20221222
13,1NR,High,12.0,12.0,1.0,1.0,Actor,1.033534288406372,1.0,11.0,,,0.0,90.0,Offenbach,20221222
14,1NR,High,12.0,12.0,1.0,0.0,Actor,1.2667579650878906,-1.0,4.0,,,0.0,95.0,Offenbach,20221222
15,1NR,Med,11.0,11.0,1.0,0.0,Observer,0.9826180934906006,-1.0,12.0,,,0.0,103.0,Offenbach,20221222
16,1NR,High,14.0,14.0,0.0,1.0,Observer,0.9830899238586426,-1.0,17.0,,,0.0,108.0,Offenbach,20221222
17,1NR,Med,11.0,11.0,0.0,0.0,Observer,0.9826979637145996,1.0,8.0,,,0.0,120.0,Offenbach,20221222
18,1NR,High,12.0,12.0,1.0,1.0,Actor,1.5500450134277344,1.0,11.0,,,0.0,123.0,Offenbach,20221222
19,1NR,Med,10.0,10.0,1.0,0.0,Observer,1.0829200744628906,-1.0,5.0,,,0.0,130.0,Offenbach,20221222
20,1NR,High,12.0,12.0,0.0,1.0,Actor,1.5830211639404297,-1.0,9.0,,,0.0,134.0,Offenbach,20221222
21,1NR,High,13.0,13.0,0.0,0.0,Observer,1.6503880023956299,1.0,3.0,,,0.0,139.0,Offenbach,20221222
22,1NR,High,13.0,13.0,0.0,0.0,Actor,1.0,1.0,7.0,,,0.0,143.0,Offenbach,20221222
23,1NR,Med,10.0,10.0,0.0,1.0,Actor,1.5003440380096436,-1.0,12.0,,,0.0,148.0,Offenbach,20221222
24,1NR,High,14.0,14.0,0.0,1.0,Observer,1.6005032062530518,-1.0,7.0,,,0.0,158.0,Offenbach,20221222
25,1NR,High,13.0,13.0,0.0,0.0,Observer,1.1002421379089355,1.0,5.0,,,0.0,166.0,Offenbach,20221222
26,1NR,High,12.0,12.0,0.0,0.0,Observer,1.1332757472991943,1.0,2.0,,,0.0,172.0,Offenbach,20221222
27,1NR,High,14.0,14.0,0.0,0.0,Observer,1.3175499439239502,1.0,4.0,,,0.0,174.0,Offenbach,20221222
28,1NR,High,12.0,12.0,0.0,1.0,Actor,1.0497291088104248,-1.0,16.0,,,0.0,186.0,Offenbach,20221222
29,1NR,Med,11.0,11.0,1.0,0.0,Actor,1.0497260093688965,-1.0,9.0,,,0.0,200.0,Offenbach,20221222
30,1NR,Med,10.0,10.0,0.0,1.0,Actor,1.2507357597351074,-1.0,16.0,,,0.0,207.0,Offenbach,20221222
31,1NR,High,13.0,13.0,0.0,0.0,Actor,1.416975975036621,1.0,1.0,,,0.0,222.0,Offenbach,20221222
32,1NR,High,12.0,12.0,0.0,0.0,Observer,1.0166900157928467,1.0,6.0,,,0.0,227.0,Offenbach,20221222
33,1NR,High,13.0,13.0,0.0,1.0,Observer,1.0015621185302734,-1.0,12.0,,,0.0,233.0,Offenbach,20221222
34,1NR,High,13.0,13.0,1.0,1.0,Actor,1.216012954711914,1.0,10.0,,,0.0,246.0,Offenbach,20221222
35,1NR,Low,8.0,8.0,0.0,0.0,Observer,1.1499221324920654,1.0,7.0,,,0.0,254.0,Offenbach,20221222
36,1NR,Med,11.0,11.0,1.0,0.0,Actor,1.2665159702301025,-1.0,1.0,,,0.0,258.0,Offenbach,20221222
37,1NR,High,14.0,14.0,1.0,0.0,Actor,1.4332208633422852,-1.0,15.0,,,0.0,272.0,Offenbach,20221222
38,1NR,Med,11.0,11.0,1.0,0.0,Actor,3.066147804260254,-1.0,9.0,,,0.0,285.0,Offenbach,20221222
39,1NR,High,12.0,12.0,0.0,0.0,Actor,0.983475923538208,1.0,2.0,,,0.0,293.0,Offenbach,20221222
40,1NR,Med,11.0,11.0,0.0,0.0,Observer,1.1333770751953125,1.0,7.0,,,0.0,298.0,Offenbach,20221222
41,1NR,High,13.0,13.0,0.0,0.0,Actor,0.9829680919647217,1.0,2.0,,,0.0,305.0,Offenbach,20221222
42,1NR,High,15.0,15.0,0.0,0.0,Actor,1.3506639003753662,1.0,10.0,,,0.0,313.0,Offenbach,20221222
43,1NR,Med,11.0,11.0,0.0,1.0,Observer,1.201361894607544,-1.0,15.0,,,0.0,318.0,Offenbach,20221222
44,1NR,High,14.0,14.0,0.0,0.0,Observer,0.9831349849700928,1.0,1.0,,,0.0,321.0,Offenbach,20221222
45,1NR,Med,10.0,10.0,1.0,0.0,Actor,0.983436107635498,-1.0,6.0,,,0.0,326.0,Offenbach,20221222
46,1NR,Med,10.0,10.0,0.0,0.0,Actor,0.9836909770965576,1.0,5.0,,,0.0,334.0,Offenbach,20221222
47,1NR,High,13.0,13.0,0.0,1.0,Actor,0.9838659763336182,-1.0,20.0,,,0.0,349.0,Offenbach,20221222
48,1NR,Med,11.0,11.0,1.0,0.0,Actor,1.2164559364318848,-1.0,9.0,,,0.0,359.0,Offenbach,20221222
49,1NR,High,14.0,14.0,0.0,0.0,Observer,1.1838619709014893,1.0,4.0,,,0.0,366.0,Offenbach,20221222
50,1NR,Med,9.0,9.0,0.0,0.0,Actor,1.2671008110046387,1.0,14.0,,,0.0,376.0,Offenbach,20221222
51,1NR,Med,10.0,10.0,0.0,0.0,Observer,1.3497889041900635,1.0,16.0,,,0.0,378.0,Offenbach,20221222
52,1NR,High,14.0,14.0,1.0,0.0,Observer,1.1827139854431152,-1.0,11.0,,,0.0,392.0,Offenbach,20221222
53,1NR,High,15.0,15.0,1.0,1.0,Observer-incongruent,1.0497300624847412,1.0,10.0,,,0.0,405.0,Offenbach,20221222
54,1NR,Med,10.0,10.0,1.0,0.0,Actor,1.2162199020385742,-1.0,2.0,,,0.0,408.0,Offenbach,20221222
55,1NR,Low,8.0,8.0,1.0,0.0,Actor,1.2167699337005615,-1.0,10.0,,,0.0,416.0,Offenbach,20221222
56,1NR,High,14.0,14.0,0.0,0.0,Observer,1.3831608295440674,1.0,5.0,,,0.0,424.0,Offenbach,20221222
57,1NR,Med,10.0,10.0,0.0,1.0,Actor,1.5493218898773193,-1.0,10.0,,,0.0,429.0,Offenbach,20221222
58,1NR,High,14.0,14.0,0.0,1.0,Observer,1.0164098739624023,-1.0,6.0,,,0.0,440.0,Offenbach,20221222
59,1NR,Med,10.0,10.0,0.0,0.0,Actor,1.2006311416625977,1.0,4.0,,,0.0,446.0,Offenbach,20221222
60,1NR,High,12.0,12.0,1.0,1.0,Observer,1.0826659202575684,1.0,9.0,,,0.0,451.0,Offenbach,20221222
61,1NR,High,14.0,14.0,0.0,0.0,Observer,1.2012159824371338,1.0,4.0,,,0.0,456.0,Offenbach,20221222
62,1NR,High,13.0,13.0,1.0,1.0,Observer,1.1999790668487549,1.0,11.0,,,0.0,463.0,Offenbach,20221222
63,1NR,High,13.0,13.0,0.0,1.0,Actor,1.3680481910705566,-1.0,9.0,,,0.0,474.0,Offenbach,20221222
64,1NR,High,13.0,13.0,0.0,0.0,Observer,1.1997718811035156,1.0,8.0,,,0.0,484.0,Offenbach,20221222
65,1NR,High,13.0,13.0,1.0,0.0,Observer-incongruent,1.0660560131072998,-1.0,10.0,,,0.0,486.0,Offenbach,20221222
66,1NR,Med,10.0,10.0,1.0,1.0,Actor,1.2838170528411865,1.0,10.0,,,0.0,499.0,Offenbach,20221222
67,1NR,High,12.0,12.0,0.0,0.0,Observer,1.0498762130737305,1.0,6.0,,,0.0,506.0,Offenbach,20221222
68,1NR,High,12.0,12.0,1.0,0.0,Actor,0.9826819896697998,-1.0,8.0,,,0.0,508.0,Offenbach,20221222
69,1NR,High,13.0,13.0,0.0,1.0,Observer,1.0167608261108398,-1.0,22.0,,,0.0,522.0,Offenbach,20221222
70,1NR,Med,11.0,11.0,0.0,0.0,Actor,0.9837851524353027,1.0,3.0,,,0.0,529.0,Offenbach,20221222
71,1NR,High,13.0,13.0,0.0,0.0,Observer,1.21732497215271,1.0,15.0,,,0.0,541.0,Offenbach,20221222
72,1NR,High,14.0,14.0,1.0,1.0,Actor,1.5997328758239746,1.0,17.0,,,0.0,543.0,Offenbach,20221222
73,1NR,Med,10.0,10.0,0.0,0.0,Actor,0.9829511642456055,1.0,1.0,,,0.0,545.0,Offenbach,20221222
74,1NR,Med,11.0,11.0,0.0,0.0,Observer,1.0657310485839844,1.0,3.0,,,0.0,547.0,Offenbach,20221222
75,1NR,Med,11.0,11.0,1.0,0.0,Actor,1.5991568565368652,-1.0,10.0,,,0.0,554.0,Offenbach,20221222
76,1NR,High,13.0,13.0,0.0,1.0,Observer,1.0833549499511719,-1.0,17.0,,,0.0,561.0,Offenbach,20221222
77,1NR,Med,11.0,11.0,1.0,1.0,Observer,1.1669890880584717,1.0,8.0,,,0.0,572.0,Offenbach,20221222
78,1NR,High,12.0,12.0,0.0,0.0,Observer,0.999823808670044,1.0,7.0,,,0.0,580.0,Offenbach,20221222
79,1NR,Med,9.0,9.0,1.0,1.0,Observer,1.2005460262298584,1.0,15.0,,,0.0,588.0,Offenbach,20221222
80,1NR,High,13.0,13.0,0.0,0.0,Observer,1.0006699562072754,1.0,8.0,,,0.0,597.0,Offenbach,20221222
81,1NR,Med,11.0,11.0,1.0,0.0,Actor,1.0504770278930664,-1.0,11.0,,,0.0,600.0,Offenbach,20221222
82,1NR,High,12.0,12.0,0.0,1.0,Actor,1.2166900634765625,-1.0,18.0,,,0.0,607.0,Offenbach,20221222
83,1NR,Low,8.0,8.0,0.0,0.0,Actor,1.0662651062011719,1.0,2.0,,,0.0,612.0,Offenbach,20221222
84,1NR,Med,10.0,10.0,1.0,0.0,Actor,1.050907850265503,-1.0,4.0,,,0.0,614.0,Offenbach,20221222
85,1NR,High,12.0,12.0,1.0,1.0,Observer-incongruent,0.9835917949676514,1.0,10.0,,,0.0,620.0,Offenbach,20221222
86,1NR,Med,11.0,11.0,1.0,0.0,Actor,1.6659581661224365,-1.0,2.0,,,0.0,624.0,Offenbach,20221222
87,1NR,High,12.0,12.0,0.0,0.0,Observer,1.0837900638580322,1.0,10.0,,,0.0,632.0,Offenbach,20221222
88,1NR,High,14.0,14.0,0.0,1.0,Actor,1.2833778858184814,-1.0,13.0,,,0.0,635.0,Offenbach,20221222
89,1NR,Med,11.0,11.0,1.0,0.0,Observer,1.5498731136322021,-1.0,5.0,,,0.0,642.0,Offenbach,20221222
90,1NR,Med,11.0,11.0,0.0,1.0,Actor,1.0008230209350586,-1.0,9.0,,,0.0,646.0,Offenbach,20221222
91,1NR,Low,8.0,8.0,0.0,0.0,Actor,1.0327932834625244,1.0,3.0,,,0.0,652.0,Offenbach,20221222
92,1NR,Med,10.0,10.0,0.0,0.0,Actor,1.9501879215240479,1.0,7.0,,,0.0,656.0,Offenbach,20221222
93,1NR,Med,10.0,10.0,1.0,1.0,Actor,1.0669777393341064,1.0,12.0,,,0.0,661.0,Offenbach,20221222
94,1NR,Med,10.0,10.0,0.0,0.0,Actor,1.3502988815307617,1.0,3.0,,,0.0,683.0,Offenbach,20221222
95,1NR,Med,10.0,10.0,0.0,1.0,Actor,1.2837321758270264,-1.0,11.0,,,0.0,691.0,Offenbach,20221222
96,1NR,Med,11.0,11.0,0.0,0.0,Actor,1.0002989768981934,1.0,2.0,,,0.0,694.0,Offenbach,20221222
97,1NR,High,13.0,13.0,0.0,0.0,Observer,0.9996700286865234,1.0,8.0,,,0.0,700.0,Offenbach,20221222
98,1NR,High,13.0,13.0,1.0,1.0,Observer-incongruent,0.9835400581359863,1.0,10.0,,,0.0,702.0,Offenbach,20221222
99,1NR,Med,10.0,10.0,1.0,1.0,Observer,1.716728925704956,1.0,9.0,,,0.0,713.0,Offenbach,20221222
100,1NR,Low,8.0,8.0,0.0,0.0,Actor,1.4167637825012207,1.0,9.0,,,0.0,723.0,Offenbach,20221222
101,1NR,High,13.0,13.0,1.0,1.0,Observer,1.016448974609375,1.0,11.0,,,0.0,725.0,Offenbach,20221222
102,1NR,High,12.0,12.0,0.0,1.0,Observer,1.3493947982788086,-1.0,11.0,,,0.0,737.0,Offenbach,20221222
103,1NR,High,14.0,14.0,1.0,1.0,Observer-incongruent,1.9324569702148438,1.0,10.0,,,0.0,749.0,Offenbach,20221222
104,1NR,High,12.0,12.0,0.0,0.0,Actor,1.0335240364074707,1.0,1.0,,,0.0,751.0,Offenbach,20221222
105,1NR,High,12.0,12.0,1.0,0.0,Actor,1.2000839710235596,-1.0,5.0,,,0.0,755.0,Offenbach,20221222
106,1NR,High,12.0,12.0,1.0,0.0,Observer-incongruent,1.0154752731323242,-1.0,7.0,,,0.0,757.0,Offenbach,20221222
107,1NR,Med,10.0,10.0,0.0,1.0,Actor,1.1515579223632812,-1.0,10.0,,,0.0,760.0,Offenbach,20221222
108,1NR,Low,7.0,7.0,1.0,0.0,Actor,1.434168815612793,-1.0,4.0,,,0.0,765.0,Offenbach,20221222
109,1NR,High,13.0,13.0,1.0,1.0,Actor,1.217203140258789,1.0,11.0,,,0.0,772.0,Offenbach,20221222
110,1NR,Med,10.0,10.0,0.0,0.0,Observer,1.516284704208374,1.0,5.0,,,0.0,778.0,Offenbach,20221222
111,1NR,High,14.0,14.0,0.0,1.0,Observer,1.1839280128479004,-1.0,10.0,,,0.0,783.0,Offenbach,20221222
112,1NR,High,13.0,13.0,1.0,0.0,Actor,1.566884994506836,-1.0,3.0,,,0.0,788.0,Offenbach,20221222
113,1NR,High,12.0,12.0,0.0,1.0,Observer,1.0998740196228027,-1.0,9.0,,,0.0,794.0,Offenbach,20221222
114,1NR,Med,11.0,11.0,1.0,0.0,Actor,1.233799934387207,-1.0,1.0,,,0.0,796.0,Offenbach,20221222
115,1NR,High,14.0,14.0,0.0,0.0,Observer,0.9835619926452637,1.0,7.0,,,0.0,802.0,Offenbach,20221222
116,1NR,Med,11.0,11.0,0.0,1.0,Observer,1.1334328651428223,-1.0,10.0,,,0.0,805.0,Offenbach,20221222
117,1NR,Med,9.0,9.0,1.0,0.0,Actor,2.1174721717834473,-1.0,7.0,,,0.0,813.0,Offenbach,20221222
118,1NR,Med,10.0,10.0,1.0,0.0,Observer-incongruent,1.0673460960388184,-1.0,9.0,,,0.0,815.0,Offenbach,20221222
119,1NR,Med,10.0,10.0,1.0,0.0,Actor,1.3675551414489746,-1.0,4.0,,,0.0,823.0,Offenbach,20221222
120,1NR,Med,11.0,11.0,0.0,1.0,Observer,1.600050926208496,-1.0,10.0,,,0.0,829.0,Offenbach,20221222
121,1NR,High,12.0,12.0,1.0,1.0,Observer,0.9827659130096436,1.0,5.0,,,0.0,841.0,Offenbach,20221222
122,1NR,Med,10.0,10.0,0.0,0.0,Observer,1.216310977935791,1.0,1.0,,,0.0,844.0,Offenbach,20221222
123,1NR,High,12.0,12.0,1.0,0.0,Actor,2.283241033554077,-1.0,5.0,,,0.0,848.0,Offenbach,20221222
124,1NR,High,13.0,13.0,0.0,0.0,Actor,1.1673471927642822,1.0,1.0,,,0.0,855.0,Offenbach,20221222
125,1NR,Med,11.0,11.0,0.0,0.0,Actor,2.7830498218536377,1.0,6.0,,,0.0,860.0,Offenbach,20221222
126,1NR,High,13.0,13.0,0.0,1.0,Observer,1.0852749347686768,-1.0,12.0,,,0.0,866.0,Offenbach,20221222
127,1NR,Med,10.0,10.0,0.0,0.0,Observer,1.1668100357055664,1.0,2.0,,,0.0,870.0,Offenbach,20221222
128,1NR,Med,10.0,10.0,1.0,0.0,Actor,1.2996258735656738,-1.0,4.0,,,0.0,872.0,Offenbach,20221222
129,1NR,Med,9.0,9.0,0.0,1.0,Observer,1.550445795059204,-1.0,10.0,,,0.0,878.0,Offenbach,20221222
130,1NR,Med,11.0,11.0,0.0,0.0,Actor,1.1167323589324951,1.0,2.0,,,0.0,881.0,Offenbach,20221222
131,1NR,Med,11.0,11.0,0.0,1.0,Observer,1.3329637050628662,-1.0,10.0,,,0.0,889.0,Offenbach,20221222
132,1NR,Med,11.0,11.0,0.0,0.0,Observer,1.282823085784912,1.0,13.0,,,0.0,904.0,Offenbach,20221222
133,1NR,Low,8.0,8.0,1.0,0.0,Actor,0.983471155166626,-1.0,11.0,,,0.0,930.0,Offenbach,20221222
134,1NR,Med,10.0,10.0,1.0,0.0,Actor,0.9830749034881592,-1.0,7.0,,,0.0,943.0,Offenbach,20221222
135,1NR,Med,11.0,11.0,1.0,1.0,Actor,1.3667430877685547,1.0,13.0,,,0.0,949.0,Offenbach,20221222
136,1NR,Med,11.0,11.0,0.0,0.0,Observer,1.149681806564331,1.0,4.0,,,0.0,956.0,Offenbach,20221222
137,1NR,High,12.0,12.0,1.0,0.0,Actor,1.3824257850646973,-1.0,6.0,,,0.0,958.0,Offenbach,20221222
138,1NR,Med,10.0,10.0,0.0,1.0,Observer,0.9828510284423828,-1.0,10.0,,,0.0,962.0,Offenbach,20221222
139,1NR,Med,11.0,11.0,0.0,1.0,Observer,1.0667171478271484,-1.0,10.0,,,0.0,974.0,Offenbach,20221222
140,1NR,High,12.0,12.0,0.0,1.0,Observer,2.5493991374969482,-1.0,12.0,,,0.0,988.0,Offenbach,20221222
141,1NR,Med,10.0,10.0,1.0,0.0,Actor,1.0499858856201172,-1.0,9.0,,,0.0,998.0,Offenbach,20221222
142,1NR,Med,9.0,9.0,0.0,1.0,Observer,2.5489728450775146,-1.0,11.0,,,0.0,1014.0,Offenbach,20221222
143,1NR,Low,8.0,8.0,1.0,0.0,Observer,1.7504558563232422,-1.0,1.0,,,0.0,1017.0,Offenbach,20221222
144,1NR,Med,10.0,10.0,0.0,1.0,Observer,1.2835381031036377,-1.0,9.0,,,0.0,1025.0,Offenbach,20221222
145,1NR,High,12.0,12.0,0.0,0.0,Observer,1.7506749629974365,1.0,4.0,,,0.0,1031.0,Offenbach,20221222
146,1NR,Med,10.0,10.0,0.0,0.0,Actor,0.9832241535186768,1.0,2.0,,,0.0,1040.0,Offenbach,20221222
147,1NR,Med,11.0,11.0,0.0,0.0,Actor-incongruent,1.7333598136901855,1.0,4.0,,,0.0,1042.0,Offenbach,20221222
148,1NR,Med,11.0,11.0,0.0,1.0,Observer,2.1333792209625244,-1.0,12.0,,,0.0,1050.0,Offenbach,20221222
149,1NR,High,13.0,13.0,0.0,0.0,Observer,2.1494410037994385,1.0,4.0,,,0.0,1055.0,Offenbach,20221222
150,1NR,Low,8.0,8.0,0.0,0.0,Actor,1.399048089981079,1.0,8.0,,,0.0,1059.0,Offenbach,20221222
151,1NR,Med,11.0,11.0,0.0,0.0,Actor,1.4170119762420654,1.0,3.0,,,0.0,1066.0,Offenbach,20221222
152,1NR,Med,11.0,11.0,1.0,0.0,Observer,1.2500181198120117,-1.0,8.0,,,0.0,1071.0,Offenbach,20221222
153,1NR,Med,11.0,11.0,1.0,0.0,Actor,2.83343505859375,-1.0,8.0,,,0.0,1082.0,Offenbach,20221222
154,1NR,Med,10.0,10.0,0.0,1.0,Actor,2.216729164123535,-1.0,11.0,,,0.0,1085.0,Offenbach,20221222
155,1NR,High,12.0,12.0,0.0,1.0,Actor,1.0834019184112549,-1.0,9.0,,,0.0,1096.0,Offenbach,20221222
0,2NR,Med,9.0,20.0,1.0,0.0,Actor-incongruent,2.349608898162842,-1.0,5.0,,,0.0,6.0,Offenbach,20221222
1,2NR,Med,11.0,21.0,1.0,1.0,Actor,1.2498738765716553,1.0,13.0,,,0.0,24.0,Offenbach,20221222
2,2NR,Med,10.0,22.0,1.0,1.0,Actor-incongruent,1.4838929176330566,1.0,13.0,,,0.0,49.0,Offenbach,20221222
3,2NR,Med,9.0,23.0,0.0,0.0,Actor,1.2500090599060059,1.0,2.0,,,0.0,81.0,Offenbach,20221222
4,2NR,Low,6.0,20.0,0.0,1.0,Actor,1.5983798503875732,-1.0,18.0,,,0.0,109.0,Offenbach,20221222
5,2NR,High,14.0,26.0,1.0,1.0,Observer-incongruent,0.9833176136016846,1.0,12.0,,,0.0,124.0,Offenbach,20221222
6,2NR,Med,10.0,22.0,1.0,1.0,Actor,1.3331069946289062,1.0,10.0,,,0.0,135.0,Offenbach,20221222
7,2NR,Med,9.0,19.0,0.0,1.0,Actor-incongruent,1.4335291385650635,-1.0,13.0,,,0.0,149.0,Offenbach,20221222
8,2NR,High,12.0,26.0,1.0,1.0,Actor,1.4170582294464111,1.0,8.0,,,0.0,159.0,Offenbach,20221222
9,2NR,Med,11.0,24.0,1.0,0.0,Actor,1.2331101894378662,-1.0,6.0,,,0.0,167.0,Offenbach,20221222
10,2NR,High,15.0,29.0,1.0,0.0,Actor-incongruent,1.2658538818359375,-1.0,5.0,,,0.0,175.0,Offenbach,20221222
11,2NR,High,13.0,25.0,0.0,1.0,Observer,2.1172049045562744,-1.0,17.0,,,0.0,187.0,Offenbach,20221222
12,2NR,High,12.0,23.0,1.0,0.0,Observer-incongruent,1.1333796977996826,-1.0,10.0,,,0.0,201.0,Offenbach,20221222
13,2NR,Med,11.0,21.0,1.0,1.0,Observer,0.9831433296203613,1.0,17.0,,,0.0,208.0,Offenbach,20221222
14,2NR,High,12.0,25.0,0.0,1.0,Observer,0.983281135559082,-1.0,13.0,,,0.0,234.0,Offenbach,20221222
15,2NR,Med,10.0,21.0,1.0,1.0,Observer,1.150094985961914,1.0,16.0,,,0.0,319.0,Offenbach,20221222
16,2NR,High,14.0,24.0,1.0,0.0,Observer-incongruent,1.2832481861114502,-1.0,3.0,,,0.0,409.0,Offenbach,20221222
17,2NR,Med,10.0,20.0,1.0,1.0,Observer,0.9827899932861328,1.0,11.0,,,0.0,430.0,Offenbach,20221222
18,2NR,High,12.0,26.0,0.0,1.0,Observer,1.0332319736480713,-1.0,7.0,,,0.0,441.0,Offenbach,20221222
19,2NR,Med,10.0,23.0,1.0,1.0,Observer-incongruent,1.017812967300415,1.0,12.0,,,0.0,464.0,Offenbach,20221222
20,2NR,High,13.0,26.0,1.0,1.0,Actor,1.0168240070343018,1.0,10.0,,,0.0,475.0,Offenbach,20221222
21,2NR,Med,10.0,23.0,1.0,1.0,Actor-incongruent,0.9831721782684326,1.0,23.0,,,0.0,523.0,Offenbach,20221222
22,2NR,High,13.0,24.0,0.0,0.0,Observer,1.0331168174743652,1.0,4.0,,,0.0,530.0,Offenbach,20221222
23,2NR,Med,11.0,22.0,1.0,0.0,Actor,1.0329010486602783,-1.0,4.0,,,0.0,548.0,Offenbach,20221222
24,2NR,Low,8.0,21.0,1.0,1.0,Actor,1.016355276107788,1.0,18.0,,,0.0,562.0,Offenbach,20221222
25,2NR,High,12.0,24.0,0.0,1.0,Actor,1.2003650665283203,-1.0,19.0,,,0.0,608.0,Offenbach,20221222
26,2NR,High,13.0,25.0,1.0,1.0,Observer-incongruent,1.033695936203003,1.0,11.0,,,0.0,621.0,Offenbach,20221222
27,2NR,High,13.0,27.0,1.0,1.0,Observer,1.133390188217163,1.0,14.0,,,0.0,636.0,Offenbach,20221222
28,2NR,Med,10.0,21.0,1.0,1.0,Actor,1.1840920448303223,1.0,10.0,,,0.0,647.0,Offenbach,20221222
29,2NR,High,12.0,22.0,1.0,1.0,Observer-incongruent,2.350285053253174,1.0,13.0,,,0.0,662.0,Offenbach,20221222
30,2NR,Med,9.0,19.0,0.0,0.0,Actor,1.1662592887878418,1.0,4.0,,,0.0,684.0,Offenbach,20221222
31,2NR,High,12.0,25.0,1.0,1.0,Observer-incongruent,1.166666030883789,1.0,11.0,,,0.0,703.0,Offenbach,20221222
32,2NR,Low,8.0,22.0,1.0,1.0,Actor,1.015918254852295,1.0,11.0,,,0.0,784.0,Offenbach,20221222
33,2NR,Med,11.0,22.0,0.0,1.0,Actor,1.466904878616333,-1.0,11.0,,,0.0,830.0,Offenbach,20221222
34,2NR,High,12.0,24.0,1.0,1.0,Observer-incongruent,1.9507038593292236,1.0,6.0,,,0.0,842.0,Offenbach,20221222
35,2NR,Med,9.0,22.0,1.0,1.0,Observer,1.1992840766906738,1.0,13.0,,,0.0,867.0,Offenbach,20221222
36,2NR,Low,8.0,19.0,1.0,0.0,Actor,1.1004960536956787,-1.0,3.0,,,0.0,882.0,Offenbach,20221222
37,2NR,Med,9.0,20.0,1.0,1.0,Actor,1.8664281368255615,1.0,11.0,,,0.0,890.0,Offenbach,20221222
38,2NR,Med,10.0,20.0,1.0,1.0,Actor,1.033512830734253,1.0,11.0,,,0.0,963.0,Offenbach,20221222
39,2NR,Med,11.0,22.0,1.0,1.0,Actor,1.1840908527374268,1.0,11.0,,,0.0,975.0,Offenbach,20221222
40,2NR,Med,11.0,20.0,0.0,1.0,Actor-incongruent,1.2668209075927734,-1.0,12.0,,,0.0,1015.0,Offenbach,20221222
41,2NR,Med,11.0,21.0,0.0,1.0,Actor-incongruent,1.4494540691375732,-1.0,10.0,,,0.0,1026.0,Offenbach,20221222
42,2NR,Low,8.0,19.0,1.0,0.0,Observer-incongruent,1.167186975479126,-1.0,9.0,,,0.0,1072.0,Offenbach,20221222
43,2NR,Low,8.0,20.0,1.0,1.0,Actor,1.6674888134002686,1.0,10.0,,,0.0,1097.0,Offenbach,20221222
0,3NR,Med,11.0,32.0,1.0,1.0,Observer-incongruent,1.1998519897460938,1.0,14.0,,,0.0,25.0,Offenbach,20221222
1,3NR,Low,7.0,27.0,0.0,1.0,Observer,1.0854952335357666,-1.0,19.0,,,0.0,110.0,Offenbach,20221222
2,3NR,High,12.0,31.0,1.0,1.0,Observer,1.0330328941345215,1.0,14.0,,,0.0,150.0,Offenbach,20221222
3,3NR,High,13.0,38.0,0.0,1.0,Observer,1.4331271648406982,-1.0,18.0,,,0.0,188.0,Offenbach,20221222
4,3NR,High,13.0,38.0,1.0,1.0,Actor-incongruent,1.0336041450500488,1.0,14.0,,,0.0,235.0,Offenbach,20221222
5,3NR,Med,11.0,32.0,1.0,1.0,Observer-incongruent,1.000304937362671,1.0,19.0,,,0.0,563.0,Offenbach,20221222
6,3NR,High,12.0,36.0,1.0,1.0,Actor-incongruent,1.1492619514465332,1.0,20.0,,,0.0,609.0,Offenbach,20221222
7,3NR,High,14.0,35.0,1.0,1.0,Observer-incongruent,1.2832129001617432,1.0,11.0,,,0.0,648.0,Offenbach,20221222
0,4NR,Med,10.0,37.0,1.0,1.0,Actor-incongruent,0.9829807281494141,1.0,20.0,,,0.0,111.0,Offenbach,20221222
1,4NR,Med,10.0,48.0,1.0,1.0,Actor-incongruent,1.1495380401611328,1.0,19.0,,,0.0,189.0,Offenbach,20221222
