,Outcome,Performance,Performance_numerical,Gates_touched_total,Switches,Objective_switches,Condition,Reaction_time,Corrects,Pos_in_block,trial_idx,subject,date
0,1R,Low,6.0,6.0,0.0,0.0,self,1.2445690631866455,1.0,0.0,2.0,Offenbach,20230314
1,1R,Low,2.0,2.0,0.0,0.0,self,1.3000781536102295,1.0,1.0,3.0,Offenbach,20230314
2,1R,Low,4.0,4.0,0.0,0.0,self,1.1152307987213135,1.0,4.0,6.0,Offenbach,20230314
3,1R,Low,6.0,6.0,0.0,0.0,self,1.332829236984253,1.0,5.0,7.0,Offenbach,20230314
4,1R,Low,2.0,2.0,0.0,0.0,self,1.6339647769927979,1.0,6.0,8.0,Offenbach,20230314
5,1R,Low,3.0,3.0,0.0,0.0,self,1.149735927581787,1.0,7.0,9.0,Offenbach,20230314
6,1R,Med,10.0,10.0,0.0,0.0,self,1.1656200885772705,1.0,8.0,10.0,Offenbach,20230314
7,1R,Low,2.0,2.0,0.0,0.0,self,1.2001662254333496,1.0,9.0,11.0,Offenbach,20230314
8,1R,Low,8.0,8.0,1.0,0.0,self,1.332766056060791,-1.0,10.0,12.0,Offenbach,20230314
9,1R,Low,1.0,1.0,0.0,0.0,self,1.06666898727417,1.0,14.0,16.0,Offenbach,20230314
10,1R,Low,2.0,2.0,0.0,1.0,self,1.2822680473327637,-1.0,18.0,20.0,Offenbach,20230314
11,1R,Low,4.0,4.0,0.0,0.0,self,1.2497620582580566,1.0,0.0,22.0,Offenbach,20230314
12,1R,Low,2.0,2.0,0.0,0.0,self,1.0323662757873535,1.0,2.0,24.0,Offenbach,20230314
13,1R,Low,2.0,2.0,0.0,0.0,self,0.9830160140991211,1.0,3.0,25.0,Offenbach,20230314
14,1R,Low,1.0,1.0,0.0,0.0,self,2.2498109340667725,1.0,4.0,26.0,Offenbach,20230314
15,1R,Low,1.0,1.0,0.0,0.0,self,0.9834239482879639,1.0,7.0,29.0,Offenbach,20230314
16,1R,Low,2.0,2.0,0.0,0.0,self,1.0168209075927734,1.0,8.0,30.0,Offenbach,20230314
17,1R,Low,2.0,2.0,0.0,0.0,self,0.9823181629180908,1.0,9.0,31.0,Offenbach,20230314
18,1R,Low,4.0,4.0,0.0,0.0,self,1.0993220806121826,1.0,10.0,32.0,Offenbach,20230314
19,1R,Low,3.0,3.0,0.0,0.0,self,0.9995162487030029,1.0,11.0,33.0,Offenbach,20230314
20,1R,Low,3.0,3.0,0.0,0.0,self,1.0158360004425049,1.0,12.0,34.0,Offenbach,20230314
21,1R,Low,2.0,2.0,0.0,0.0,self,1.1829237937927246,1.0,13.0,35.0,Offenbach,20230314
22,1R,Low,4.0,4.0,0.0,0.0,self,1.5498168468475342,1.0,14.0,36.0,Offenbach,20230314
23,1R,Low,5.0,5.0,0.0,1.0,self,1.3329219818115234,-1.0,15.0,37.0,Offenbach,20230314
24,1R,Low,6.0,6.0,0.0,0.0,self,2.8662350177764893,1.0,0.0,39.0,Offenbach,20230314
25,1R,Low,2.0,2.0,0.0,0.0,self,6.94930624961853,1.0,1.0,40.0,Offenbach,20230314
26,1R,Low,1.0,1.0,0.0,0.0,self,1.3162050247192383,1.0,2.0,41.0,Offenbach,20230314
27,1R,Low,1.0,1.0,0.0,0.0,self,1.3327653408050537,1.0,3.0,42.0,Offenbach,20230314
28,1R,Low,2.0,2.0,0.0,0.0,self,1.0498340129852295,1.0,4.0,43.0,Offenbach,20230314
29,1R,Low,5.0,5.0,0.0,0.0,self,1.3668522834777832,1.0,5.0,44.0,Offenbach,20230314
30,1R,Low,2.0,2.0,0.0,0.0,self,1.1822807788848877,1.0,6.0,45.0,Offenbach,20230314
31,1R,Low,7.0,7.0,0.0,0.0,self,1.2162470817565918,1.0,9.0,48.0,Offenbach,20230314
32,1R,Low,1.0,1.0,0.0,0.0,self,1.999924898147583,1.0,10.0,49.0,Offenbach,20230314
33,1R,Low,5.0,5.0,1.0,0.0,self,1.449152946472168,-1.0,11.0,50.0,Offenbach,20230314
34,1R,Low,5.0,5.0,0.0,0.0,self,1.082712173461914,1.0,0.0,53.0,Offenbach,20230314
35,1R,Low,3.0,3.0,0.0,0.0,self,0.9998259544372559,1.0,2.0,55.0,Offenbach,20230314
36,1R,Med,10.0,10.0,0.0,0.0,self,1.0824227333068848,1.0,3.0,56.0,Offenbach,20230314
37,1R,Low,4.0,4.0,0.0,0.0,self,0.9833910465240479,1.0,7.0,60.0,Offenbach,20230314
38,1R,Low,1.0,1.0,0.0,0.0,self,1.333362102508545,1.0,8.0,61.0,Offenbach,20230314
39,1R,Low,1.0,1.0,0.0,0.0,self,1.7825160026550293,1.0,9.0,62.0,Offenbach,20230314
40,1R,High,12.0,12.0,0.0,0.0,self,1.0992672443389893,1.0,11.0,64.0,Offenbach,20230314
41,1R,Low,3.0,3.0,0.0,0.0,self,1.1159050464630127,1.0,12.0,65.0,Offenbach,20230314
42,1R,Low,1.0,1.0,0.0,0.0,self,1.1491293907165527,1.0,13.0,66.0,Offenbach,20230314
43,1R,Low,6.0,6.0,0.0,0.0,self,1.000601053237915,1.0,14.0,67.0,Offenbach,20230314
44,1R,Med,10.0,10.0,0.0,0.0,self,3.1847586631774902,1.0,15.0,68.0,Offenbach,20230314
45,1R,Med,10.0,10.0,0.0,0.0,self,1.033869981765747,1.0,16.0,69.0,Offenbach,20230314
46,1R,Low,7.0,7.0,0.0,0.0,self,1.1505019664764404,1.0,17.0,70.0,Offenbach,20230314
47,1R,Low,6.0,6.0,1.0,0.0,self,0.9994008541107178,-1.0,18.0,71.0,Offenbach,20230314
48,1R,Low,6.0,6.0,0.0,0.0,self,1.1499977111816406,1.0,23.0,76.0,Offenbach,20230314
49,1R,Med,9.0,9.0,0.0,1.0,self,1.3330721855163574,-1.0,24.0,77.0,Offenbach,20230314
50,1R,Low,4.0,4.0,0.0,0.0,self,0.9825429916381836,1.0,0.0,81.0,Offenbach,20230314
51,1R,Low,1.0,1.0,0.0,0.0,self,1.1668672561645508,1.0,1.0,82.0,Offenbach,20230314
52,1R,Low,1.0,1.0,0.0,0.0,self,1.2339329719543457,1.0,3.0,84.0,Offenbach,20230314
53,1R,Low,3.0,3.0,0.0,0.0,self,1.1161928176879883,1.0,4.0,85.0,Offenbach,20230314
54,1R,Low,6.0,6.0,0.0,0.0,self,1.4330151081085205,1.0,6.0,87.0,Offenbach,20230314
55,1R,Low,8.0,8.0,0.0,1.0,self,1.1828248500823975,-1.0,7.0,88.0,Offenbach,20230314
56,1R,Low,2.0,2.0,0.0,0.0,self,1.099344253540039,1.0,0.0,90.0,Offenbach,20230314
57,1R,Low,6.0,6.0,0.0,0.0,self,1.1332318782806396,1.0,1.0,91.0,Offenbach,20230314
58,1R,Low,1.0,1.0,0.0,0.0,self,0.9996750354766846,1.0,2.0,92.0,Offenbach,20230314
59,1R,Low,6.0,6.0,0.0,0.0,self,1.0505471229553223,1.0,3.0,93.0,Offenbach,20230314
60,1R,High,13.0,13.0,0.0,0.0,self,1.282508134841919,1.0,4.0,94.0,Offenbach,20230314
61,1R,Low,3.0,3.0,0.0,0.0,self,0.9831438064575195,1.0,5.0,95.0,Offenbach,20230314
62,1R,Low,6.0,6.0,0.0,0.0,self,1.0667059421539307,1.0,6.0,96.0,Offenbach,20230314
63,1R,Low,1.0,1.0,0.0,0.0,self,1.8651249408721924,1.0,7.0,97.0,Offenbach,20230314
64,1R,Low,1.0,1.0,0.0,0.0,self,1.1836237907409668,1.0,8.0,98.0,Offenbach,20230314
65,1R,Med,9.0,9.0,0.0,0.0,self,1.0831239223480225,1.0,9.0,99.0,Offenbach,20230314
66,1R,Low,4.0,4.0,0.0,0.0,self,1.0328481197357178,1.0,10.0,100.0,Offenbach,20230314
67,1R,Low,1.0,1.0,0.0,0.0,self,1.4499478340148926,1.0,11.0,101.0,Offenbach,20230314
68,1R,Low,6.0,6.0,0.0,0.0,self,1.4336309432983398,1.0,12.0,102.0,Offenbach,20230314
69,1R,Low,1.0,1.0,0.0,1.0,self,1.000248908996582,-1.0,13.0,103.0,Offenbach,20230314
70,1R,Low,7.0,7.0,0.0,0.0,self,1.2496941089630127,1.0,0.0,105.0,Offenbach,20230314
71,1R,Low,2.0,2.0,0.0,0.0,self,1.0499780178070068,1.0,1.0,106.0,Offenbach,20230314
72,1R,Low,2.0,2.0,0.0,0.0,self,1.1495320796966553,1.0,2.0,107.0,Offenbach,20230314
73,1R,Low,8.0,8.0,0.0,0.0,self,1.099992036819458,1.0,4.0,109.0,Offenbach,20230314
74,1R,Low,6.0,6.0,0.0,0.0,self,1.4166607856750488,1.0,5.0,110.0,Offenbach,20230314
75,1R,Low,8.0,8.0,0.0,0.0,self,1.1498570442199707,1.0,6.0,111.0,Offenbach,20230314
76,1R,Med,10.0,10.0,0.0,0.0,self,1.2665300369262695,1.0,7.0,112.0,Offenbach,20230314
77,1R,Low,4.0,4.0,0.0,0.0,self,1.0508942604064941,1.0,8.0,113.0,Offenbach,20230314
78,1R,Low,2.0,2.0,0.0,0.0,self,1.283358097076416,1.0,9.0,114.0,Offenbach,20230314
79,1R,Low,5.0,5.0,0.0,1.0,self,1.4497029781341553,-1.0,10.0,115.0,Offenbach,20230314
80,1R,Low,4.0,4.0,0.0,0.0,self,0.9995839595794678,1.0,0.0,117.0,Offenbach,20230314
81,1R,Low,2.0,2.0,0.0,0.0,self,1.0665709972381592,1.0,1.0,118.0,Offenbach,20230314
82,1R,Low,6.0,6.0,0.0,0.0,self,1.2001368999481201,1.0,2.0,119.0,Offenbach,20230314
83,1R,Med,10.0,10.0,0.0,0.0,self,1.5003340244293213,1.0,4.0,121.0,Offenbach,20230314
84,1R,Low,2.0,2.0,0.0,0.0,self,1.0817809104919434,1.0,5.0,122.0,Offenbach,20230314
85,1R,Low,4.0,4.0,0.0,0.0,self,0.9824771881103516,1.0,7.0,124.0,Offenbach,20230314
86,1R,Low,4.0,4.0,0.0,0.0,self,1.649904727935791,1.0,8.0,125.0,Offenbach,20230314
87,1R,Low,1.0,1.0,0.0,0.0,self,1.2650079727172852,1.0,9.0,126.0,Offenbach,20230314
88,1R,Low,8.0,8.0,0.0,1.0,self,1.0163729190826416,-1.0,13.0,130.0,Offenbach,20230314
89,1R,Low,2.0,2.0,0.0,0.0,self,1.0665311813354492,1.0,0.0,133.0,Offenbach,20230314
90,1R,Low,4.0,4.0,0.0,0.0,self,1.2492127418518066,1.0,2.0,135.0,Offenbach,20230314
91,1R,Low,7.0,7.0,0.0,0.0,self,1.2499499320983887,1.0,3.0,136.0,Offenbach,20230314
92,1R,Low,3.0,3.0,0.0,0.0,self,1.1327242851257324,1.0,4.0,137.0,Offenbach,20230314
93,1R,Low,3.0,3.0,0.0,0.0,self,1.1337337493896484,1.0,5.0,138.0,Offenbach,20230314
94,1R,Low,8.0,8.0,0.0,0.0,self,1.099783182144165,1.0,0.0,142.0,Offenbach,20230314
95,1R,Low,3.0,3.0,0.0,0.0,self,1.183403730392456,1.0,1.0,143.0,Offenbach,20230314
96,1R,Low,1.0,1.0,0.0,0.0,self,1.2492570877075195,1.0,2.0,144.0,Offenbach,20230314
97,1R,Med,10.0,10.0,0.0,0.0,self,1.1001930236816406,1.0,3.0,145.0,Offenbach,20230314
98,1R,Low,6.0,6.0,0.0,0.0,self,1.0497629642486572,1.0,4.0,146.0,Offenbach,20230314
99,1R,Low,1.0,1.0,0.0,0.0,self,1.0845661163330078,1.0,5.0,147.0,Offenbach,20230314
100,1R,Low,2.0,2.0,0.0,0.0,self,1.466623067855835,1.0,6.0,148.0,Offenbach,20230314
101,1R,Low,8.0,8.0,0.0,0.0,self,2.716264009475708,1.0,7.0,149.0,Offenbach,20230314
102,1R,Low,4.0,4.0,0.0,0.0,self,1.0995948314666748,1.0,8.0,150.0,Offenbach,20230314
103,1R,Low,4.0,4.0,0.0,0.0,self,1.1996967792510986,1.0,9.0,151.0,Offenbach,20230314
104,1R,Low,2.0,2.0,0.0,0.0,self,1.0167138576507568,1.0,10.0,152.0,Offenbach,20230314
105,1R,Low,3.0,3.0,0.0,0.0,self,0.9831781387329102,1.0,0.0,155.0,Offenbach,20230314
106,1R,Low,6.0,6.0,0.0,0.0,self,1.2163541316986084,1.0,1.0,156.0,Offenbach,20230314
107,1R,Low,8.0,8.0,0.0,0.0,self,1.3319449424743652,1.0,2.0,157.0,Offenbach,20230314
108,1R,Low,4.0,4.0,0.0,0.0,self,1.2654578685760498,1.0,3.0,158.0,Offenbach,20230314
109,1R,Low,1.0,1.0,0.0,0.0,self,0.982691764831543,1.0,4.0,159.0,Offenbach,20230314
110,1R,Low,4.0,4.0,0.0,0.0,self,1.0326268672943115,1.0,5.0,160.0,Offenbach,20230314
111,1R,Low,4.0,4.0,0.0,0.0,self,1.132863998413086,1.0,6.0,161.0,Offenbach,20230314
112,1R,Low,2.0,2.0,0.0,0.0,self,0.9996969699859619,1.0,7.0,162.0,Offenbach,20230314
113,1R,Low,2.0,2.0,0.0,0.0,self,1.0501089096069336,1.0,8.0,163.0,Offenbach,20230314
114,1R,Low,5.0,5.0,0.0,0.0,self,1.1330747604370117,1.0,9.0,164.0,Offenbach,20230314
115,1R,Low,4.0,4.0,0.0,1.0,self,0.9998641014099121,-1.0,10.0,165.0,Offenbach,20230314
116,1R,Low,1.0,1.0,0.0,0.0,self,1.8496220111846924,1.0,0.0,167.0,Offenbach,20230314
117,1R,Low,2.0,2.0,0.0,0.0,self,1.0172600746154785,1.0,1.0,168.0,Offenbach,20230314
118,1R,Low,5.0,5.0,0.0,0.0,self,0.9831082820892334,1.0,2.0,169.0,Offenbach,20230314
119,1R,Med,9.0,9.0,0.0,0.0,self,0.9833779335021973,1.0,6.0,173.0,Offenbach,20230314
120,1R,Low,2.0,2.0,0.0,0.0,self,0.9826669692993164,1.0,7.0,174.0,Offenbach,20230314
121,1R,Low,6.0,6.0,0.0,0.0,self,1.1168692111968994,1.0,8.0,175.0,Offenbach,20230314
122,1R,Low,1.0,1.0,0.0,0.0,self,1.1499049663543701,1.0,9.0,176.0,Offenbach,20230314
123,1R,Low,3.0,3.0,0.0,0.0,self,0.9827101230621338,1.0,10.0,177.0,Offenbach,20230314
124,1R,Low,1.0,1.0,0.0,0.0,self,1.0155410766601562,1.0,11.0,178.0,Offenbach,20230314
125,1R,Med,9.0,9.0,0.0,0.0,self,2.549588918685913,1.0,12.0,179.0,Offenbach,20230314
126,1R,Low,6.0,6.0,0.0,0.0,self,1.1498029232025146,1.0,13.0,180.0,Offenbach,20230314
127,1R,Low,3.0,3.0,0.0,0.0,self,0.9830060005187988,1.0,0.0,183.0,Offenbach,20230314
128,1R,Low,2.0,2.0,0.0,0.0,self,1.032634973526001,1.0,1.0,184.0,Offenbach,20230314
129,1R,High,12.0,12.0,0.0,0.0,self,1.2828969955444336,1.0,2.0,185.0,Offenbach,20230314
130,1R,Med,11.0,11.0,0.0,0.0,self,0.9822847843170166,1.0,3.0,186.0,Offenbach,20230314
131,1R,Low,5.0,5.0,0.0,0.0,self,1.0332980155944824,1.0,4.0,187.0,Offenbach,20230314
132,1R,Low,1.0,1.0,0.0,0.0,self,1.01625394821167,1.0,5.0,188.0,Offenbach,20230314
133,1R,Low,3.0,3.0,0.0,0.0,self,0.9829778671264648,1.0,6.0,189.0,Offenbach,20230314
134,1R,Low,7.0,7.0,0.0,0.0,self,1.15028715133667,1.0,7.0,190.0,Offenbach,20230314
135,1R,Low,6.0,6.0,0.0,1.0,self,1.1664350032806396,-1.0,13.0,196.0,Offenbach,20230314
136,1R,Low,2.0,2.0,0.0,0.0,self,1.0648908615112305,1.0,0.0,198.0,Offenbach,20230314
137,1R,Low,1.0,1.0,0.0,0.0,self,0.9828979969024658,1.0,1.0,199.0,Offenbach,20230314
138,1R,Low,1.0,1.0,0.0,0.0,self,0.9833369255065918,1.0,2.0,200.0,Offenbach,20230314
139,1R,Low,3.0,3.0,0.0,0.0,self,1.115666151046753,1.0,5.0,203.0,Offenbach,20230314
140,1R,Low,2.0,2.0,0.0,0.0,self,1.283677101135254,1.0,6.0,204.0,Offenbach,20230314
141,1R,Low,5.0,5.0,0.0,0.0,self,0.9995338916778564,1.0,7.0,205.0,Offenbach,20230314
142,1R,Low,2.0,2.0,0.0,0.0,self,0.9829282760620117,1.0,8.0,206.0,Offenbach,20230314
143,1R,Low,5.0,5.0,0.0,0.0,self,1.2172889709472656,1.0,9.0,207.0,Offenbach,20230314
144,1R,Low,3.0,3.0,0.0,0.0,self,1.3499391078948975,1.0,0.0,211.0,Offenbach,20230314
145,1R,Low,2.0,2.0,0.0,0.0,self,0.9818601608276367,1.0,1.0,212.0,Offenbach,20230314
146,1R,Low,3.0,3.0,0.0,0.0,self,0.9825029373168945,1.0,2.0,213.0,Offenbach,20230314
147,1R,High,13.0,13.0,0.0,0.0,self,1.0839807987213135,1.0,3.0,214.0,Offenbach,20230314
148,1R,Low,2.0,2.0,0.0,0.0,self,0.9829320907592773,1.0,4.0,215.0,Offenbach,20230314
149,1R,Low,3.0,3.0,0.0,0.0,self,0.983036994934082,1.0,5.0,216.0,Offenbach,20230314
150,1R,Low,2.0,2.0,0.0,0.0,self,0.99971604347229,1.0,6.0,217.0,Offenbach,20230314
151,1R,Med,11.0,11.0,0.0,0.0,self,1.0332517623901367,1.0,7.0,218.0,Offenbach,20230314
152,1R,Low,7.0,7.0,0.0,0.0,self,1.1666059494018555,1.0,8.0,219.0,Offenbach,20230314
153,1R,Low,1.0,1.0,0.0,0.0,self,0.98274827003479,1.0,9.0,220.0,Offenbach,20230314
154,1R,Med,9.0,9.0,0.0,0.0,self,0.9825379848480225,1.0,10.0,221.0,Offenbach,20230314
155,1R,Low,2.0,2.0,1.0,1.0,self,2.96593976020813,1.0,11.0,222.0,Offenbach,20230314
156,1R,Low,7.0,7.0,0.0,0.0,self,1.1657862663269043,1.0,0.0,223.0,Offenbach,20230314
157,1R,Low,2.0,2.0,0.0,0.0,self,0.9841709136962891,1.0,1.0,224.0,Offenbach,20230314
158,1R,Low,3.0,3.0,0.0,0.0,self,1.1663708686828613,1.0,2.0,225.0,Offenbach,20230314
159,1R,Low,2.0,2.0,0.0,0.0,self,0.9833478927612305,1.0,3.0,226.0,Offenbach,20230314
160,1R,Low,3.0,3.0,0.0,0.0,self,1.2663350105285645,1.0,4.0,227.0,Offenbach,20230314
161,1R,Low,1.0,1.0,0.0,0.0,self,1.099355936050415,1.0,5.0,228.0,Offenbach,20230314
162,1R,Med,10.0,10.0,0.0,0.0,self,1.1500489711761475,1.0,6.0,229.0,Offenbach,20230314
163,1R,Low,2.0,2.0,0.0,0.0,self,1.450098991394043,1.0,7.0,230.0,Offenbach,20230314
164,1R,Low,4.0,4.0,0.0,0.0,self,0.9827830791473389,1.0,8.0,231.0,Offenbach,20230314
165,1R,Low,5.0,5.0,0.0,0.0,self,0.982856035232544,1.0,9.0,232.0,Offenbach,20230314
166,1R,Low,3.0,3.0,0.0,1.0,self,1.2333941459655762,-1.0,10.0,233.0,Offenbach,20230314
167,1R,Low,1.0,1.0,0.0,0.0,self,1.066612958908081,1.0,0.0,235.0,Offenbach,20230314
168,1R,Low,2.0,2.0,0.0,0.0,self,0.9822578430175781,1.0,1.0,236.0,Offenbach,20230314
169,1R,Low,2.0,2.0,0.0,0.0,self,1.2173891067504883,1.0,2.0,237.0,Offenbach,20230314
170,1R,High,12.0,12.0,0.0,0.0,self,1.0654871463775635,1.0,3.0,238.0,Offenbach,20230314
171,1R,High,14.0,14.0,0.0,0.0,self,1.2657711505889893,1.0,4.0,239.0,Offenbach,20230314
172,1R,Low,2.0,2.0,0.0,0.0,self,1.0490210056304932,1.0,5.0,240.0,Offenbach,20230314
173,1R,Low,8.0,8.0,0.0,0.0,self,1.0160369873046875,1.0,9.0,244.0,Offenbach,20230314
174,1R,Low,3.0,3.0,0.0,1.0,self,1.066622018814087,-1.0,10.0,245.0,Offenbach,20230314
175,1R,Low,3.0,3.0,0.0,0.0,self,1.1492609977722168,1.0,0.0,247.0,Offenbach,20230314
176,1R,Low,1.0,1.0,0.0,0.0,self,1.1330230236053467,1.0,1.0,248.0,Offenbach,20230314
177,1R,Low,1.0,1.0,0.0,0.0,self,1.150137186050415,1.0,2.0,249.0,Offenbach,20230314
178,1R,Med,11.0,11.0,0.0,0.0,self,0.9834251403808594,1.0,3.0,250.0,Offenbach,20230314
179,1R,Low,7.0,7.0,0.0,0.0,self,1.0495529174804688,1.0,4.0,251.0,Offenbach,20230314
180,1R,Low,4.0,4.0,0.0,0.0,self,1.0164110660552979,1.0,5.0,252.0,Offenbach,20230314
181,1R,Med,11.0,11.0,0.0,0.0,self,1.1159000396728516,1.0,6.0,253.0,Offenbach,20230314
182,1R,Low,1.0,1.0,0.0,0.0,self,1.0997097492218018,1.0,7.0,254.0,Offenbach,20230314
183,1R,Low,2.0,2.0,0.0,0.0,self,0.982619047164917,1.0,8.0,255.0,Offenbach,20230314
184,1R,Low,5.0,5.0,0.0,1.0,self,1.0164048671722412,-1.0,9.0,256.0,Offenbach,20230314
185,1R,Low,2.0,2.0,0.0,0.0,self,1.1818909645080566,1.0,0.0,258.0,Offenbach,20230314
186,1R,Low,2.0,2.0,0.0,0.0,self,1.283228874206543,1.0,2.0,260.0,Offenbach,20230314
187,1R,Low,8.0,8.0,0.0,0.0,self,0.9833343029022217,1.0,3.0,261.0,Offenbach,20230314
188,1R,Med,11.0,11.0,0.0,0.0,self,1.066453218460083,1.0,4.0,262.0,Offenbach,20230314
189,1R,Low,2.0,2.0,0.0,0.0,self,0.9830877780914307,1.0,5.0,263.0,Offenbach,20230314
190,1R,Low,7.0,7.0,0.0,0.0,self,0.9826259613037109,1.0,6.0,264.0,Offenbach,20230314
191,1R,Low,3.0,3.0,0.0,0.0,self,1.1655921936035156,1.0,7.0,265.0,Offenbach,20230314
192,1R,Low,5.0,5.0,0.0,0.0,self,1.0328600406646729,1.0,8.0,266.0,Offenbach,20230314
193,1R,Low,1.0,1.0,0.0,0.0,self,1.083859920501709,1.0,9.0,267.0,Offenbach,20230314
194,1R,Low,4.0,4.0,0.0,0.0,self,0.9834139347076416,1.0,0.0,270.0,Offenbach,20230314
195,1R,Low,7.0,7.0,0.0,0.0,self,0.9830501079559326,1.0,1.0,271.0,Offenbach,20230314
196,1R,Low,4.0,4.0,0.0,0.0,self,1.0835001468658447,1.0,3.0,273.0,Offenbach,20230314
197,1R,Low,8.0,8.0,0.0,0.0,self,1.0504679679870605,1.0,4.0,274.0,Offenbach,20230314
198,1R,High,12.0,12.0,0.0,0.0,self,0.9842281341552734,1.0,5.0,275.0,Offenbach,20230314
199,1R,Low,3.0,3.0,0.0,0.0,self,1.0156819820404053,1.0,6.0,276.0,Offenbach,20230314
200,1R,Low,7.0,7.0,0.0,0.0,self,1.065312147140503,1.0,7.0,277.0,Offenbach,20230314
201,1R,Low,4.0,4.0,0.0,0.0,self,1.0323450565338135,1.0,8.0,278.0,Offenbach,20230314
202,1R,Low,2.0,2.0,0.0,0.0,self,1.3170790672302246,1.0,9.0,279.0,Offenbach,20230314
203,1R,Low,7.0,7.0,0.0,0.0,self,0.9823989868164062,1.0,0.0,281.0,Offenbach,20230314
204,1R,Low,1.0,1.0,0.0,0.0,self,1.0502631664276123,1.0,1.0,282.0,Offenbach,20230314
205,1R,Low,1.0,1.0,0.0,0.0,self,1.1167349815368652,1.0,2.0,283.0,Offenbach,20230314
206,1R,High,13.0,13.0,0.0,0.0,self,1.3156569004058838,1.0,3.0,284.0,Offenbach,20230314
207,1R,Low,4.0,4.0,0.0,0.0,self,1.0157699584960938,1.0,4.0,285.0,Offenbach,20230314
208,1R,Low,6.0,6.0,0.0,0.0,self,1.1158478260040283,1.0,5.0,286.0,Offenbach,20230314
209,1R,Low,8.0,8.0,0.0,0.0,self,1.265862226486206,1.0,6.0,287.0,Offenbach,20230314
210,1R,Low,8.0,8.0,0.0,0.0,self,1.099722146987915,1.0,7.0,288.0,Offenbach,20230314
211,1R,Low,5.0,5.0,0.0,0.0,self,0.9827678203582764,1.0,8.0,289.0,Offenbach,20230314
212,1R,Low,1.0,1.0,0.0,0.0,self,0.9831643104553223,1.0,0.0,295.0,Offenbach,20230314
213,1R,Low,1.0,1.0,0.0,0.0,self,1.166424036026001,1.0,1.0,296.0,Offenbach,20230314
214,1R,Low,3.0,3.0,0.0,0.0,self,0.9996001720428467,1.0,2.0,297.0,Offenbach,20230314
215,1R,Low,4.0,4.0,0.0,0.0,self,0.9994518756866455,1.0,3.0,298.0,Offenbach,20230314
216,1R,Low,5.0,5.0,0.0,0.0,self,1.0163650512695312,1.0,6.0,301.0,Offenbach,20230314
217,1R,Low,1.0,1.0,0.0,0.0,self,1.0331172943115234,1.0,7.0,302.0,Offenbach,20230314
218,1R,Med,10.0,10.0,0.0,0.0,self,0.9840309619903564,1.0,8.0,303.0,Offenbach,20230314
219,1R,Low,5.0,5.0,0.0,1.0,self,0.9832069873809814,-1.0,9.0,304.0,Offenbach,20230314
220,1R,Low,6.0,6.0,0.0,0.0,self,1.0342438220977783,1.0,0.0,307.0,Offenbach,20230314
221,1R,Low,6.0,6.0,0.0,0.0,self,1.099736213684082,1.0,1.0,308.0,Offenbach,20230314
222,1R,Low,2.0,2.0,0.0,0.0,self,1.0326919555664062,1.0,2.0,309.0,Offenbach,20230314
223,1R,Low,8.0,8.0,0.0,0.0,self,1.066681146621704,1.0,3.0,310.0,Offenbach,20230314
224,1R,Low,1.0,1.0,0.0,0.0,self,1.0165057182312012,1.0,4.0,311.0,Offenbach,20230314
225,1R,Low,3.0,3.0,0.0,0.0,self,1.7662909030914307,1.0,5.0,312.0,Offenbach,20230314
226,1R,Low,3.0,3.0,0.0,0.0,self,1.1005539894104004,1.0,6.0,313.0,Offenbach,20230314
227,1R,Med,10.0,10.0,0.0,0.0,self,1.0152487754821777,1.0,7.0,314.0,Offenbach,20230314
228,1R,Low,7.0,7.0,0.0,0.0,self,1.2501769065856934,1.0,8.0,315.0,Offenbach,20230314
229,1R,Low,3.0,3.0,0.0,0.0,self,1.1164429187774658,1.0,9.0,316.0,Offenbach,20230314
230,1R,Low,3.0,3.0,0.0,0.0,self,1.0324599742889404,1.0,10.0,317.0,Offenbach,20230314
231,1R,Low,1.0,1.0,0.0,0.0,self,1.0499026775360107,1.0,11.0,318.0,Offenbach,20230314
232,1R,Low,5.0,5.0,0.0,0.0,self,2.0490119457244873,1.0,12.0,319.0,Offenbach,20230314
233,1R,Low,2.0,2.0,0.0,0.0,self,0.9989299774169922,1.0,13.0,320.0,Offenbach,20230314
234,1R,Low,7.0,7.0,0.0,1.0,self,0.9989800453186035,-1.0,14.0,321.0,Offenbach,20230314
235,1R,Low,4.0,4.0,0.0,0.0,self,1.0842211246490479,1.0,0.0,323.0,Offenbach,20230314
236,1R,High,13.0,13.0,0.0,0.0,self,0.9827520847320557,1.0,1.0,324.0,Offenbach,20230314
237,1R,Low,5.0,5.0,0.0,0.0,self,0.9836931228637695,1.0,2.0,325.0,Offenbach,20230314
238,1R,Med,10.0,10.0,0.0,0.0,self,1.2497169971466064,1.0,3.0,326.0,Offenbach,20230314
239,1R,Med,10.0,10.0,0.0,0.0,self,1.0329720973968506,1.0,4.0,327.0,Offenbach,20230314
240,1R,Low,1.0,1.0,0.0,1.0,self,0.9829699993133545,-1.0,9.0,332.0,Offenbach,20230314
241,1R,Low,3.0,3.0,0.0,0.0,self,1.0163402557373047,1.0,0.0,334.0,Offenbach,20230314
242,1R,Low,8.0,8.0,0.0,0.0,self,1.000255823135376,1.0,1.0,335.0,Offenbach,20230314
243,1R,Low,2.0,2.0,0.0,0.0,self,0.9829599857330322,1.0,3.0,337.0,Offenbach,20230314
244,1R,Low,1.0,1.0,0.0,0.0,self,0.9823651313781738,1.0,4.0,338.0,Offenbach,20230314
245,1R,Low,4.0,4.0,0.0,0.0,self,0.9831528663635254,1.0,5.0,339.0,Offenbach,20230314
246,1R,Low,6.0,6.0,0.0,0.0,self,1.1167359352111816,1.0,7.0,341.0,Offenbach,20230314
247,1R,Low,1.0,1.0,0.0,0.0,self,1.0496211051940918,1.0,8.0,342.0,Offenbach,20230314
248,1R,Low,2.0,2.0,0.0,1.0,self,1.1660730838775635,-1.0,9.0,343.0,Offenbach,20230314
249,1R,Low,1.0,1.0,0.0,0.0,self,1.0161561965942383,1.0,0.0,345.0,Offenbach,20230314
250,1R,Low,2.0,2.0,0.0,0.0,self,1.166825294494629,1.0,2.0,347.0,Offenbach,20230314
251,1R,Low,4.0,4.0,0.0,0.0,self,0.9824531078338623,1.0,3.0,348.0,Offenbach,20230314
252,1R,Low,2.0,2.0,0.0,0.0,self,1.234062910079956,1.0,4.0,349.0,Offenbach,20230314
253,1R,Low,1.0,1.0,0.0,0.0,self,0.9826560020446777,1.0,6.0,351.0,Offenbach,20230314
254,1R,Low,2.0,2.0,0.0,0.0,self,0.9829938411712646,1.0,7.0,352.0,Offenbach,20230314
255,1R,Low,8.0,8.0,0.0,0.0,self,0.9828407764434814,1.0,8.0,353.0,Offenbach,20230314
256,1R,Low,8.0,8.0,0.0,0.0,self,2.182283878326416,1.0,9.0,354.0,Offenbach,20230314
257,1R,Low,1.0,1.0,0.0,0.0,self,0.9832649230957031,1.0,10.0,355.0,Offenbach,20230314
258,1R,Low,2.0,2.0,0.0,0.0,self,0.9831957817077637,1.0,11.0,356.0,Offenbach,20230314
259,1R,Low,6.0,6.0,0.0,0.0,self,0.983677864074707,1.0,12.0,357.0,Offenbach,20230314
260,1R,Low,6.0,6.0,0.0,1.0,self,1.0164916515350342,-1.0,13.0,358.0,Offenbach,20230314
261,1R,Low,2.0,2.0,0.0,0.0,self,0.982982873916626,1.0,0.0,360.0,Offenbach,20230314
262,1R,Low,2.0,2.0,0.0,0.0,self,1.1322813034057617,1.0,2.0,362.0,Offenbach,20230314
263,1R,Low,8.0,8.0,0.0,0.0,self,1.0660042762756348,1.0,3.0,363.0,Offenbach,20230314
264,1R,Low,5.0,5.0,0.0,0.0,self,1.0498440265655518,1.0,4.0,364.0,Offenbach,20230314
265,1R,Low,1.0,1.0,0.0,0.0,self,1.2351129055023193,1.0,5.0,365.0,Offenbach,20230314
266,1R,Low,1.0,1.0,0.0,0.0,self,1.2659130096435547,1.0,6.0,366.0,Offenbach,20230314
267,1R,Low,2.0,2.0,0.0,0.0,self,0.9826288223266602,1.0,7.0,367.0,Offenbach,20230314
268,1R,High,12.0,12.0,0.0,0.0,self,1.2328987121582031,1.0,8.0,368.0,Offenbach,20230314
269,1R,Low,3.0,3.0,0.0,1.0,self,0.9830198287963867,-1.0,9.0,369.0,Offenbach,20230314
270,1R,Low,4.0,4.0,0.0,0.0,self,1.1829590797424316,1.0,0.0,372.0,Offenbach,20230314
271,1R,Low,6.0,6.0,0.0,0.0,self,1.0492799282073975,1.0,4.0,376.0,Offenbach,20230314
272,1R,Med,9.0,9.0,0.0,0.0,self,1.1676607131958008,1.0,5.0,377.0,Offenbach,20230314
273,1R,Low,8.0,8.0,0.0,0.0,self,1.249760627746582,1.0,6.0,378.0,Offenbach,20230314
274,1R,Med,9.0,9.0,0.0,0.0,self,0.9848260879516602,1.0,7.0,379.0,Offenbach,20230314
275,1R,Low,7.0,7.0,0.0,0.0,self,1.0000157356262207,1.0,0.0,381.0,Offenbach,20230314
276,1R,Low,7.0,7.0,0.0,0.0,self,1.0165629386901855,1.0,1.0,382.0,Offenbach,20230314
277,1R,Low,7.0,7.0,0.0,0.0,self,0.9992702007293701,1.0,2.0,383.0,Offenbach,20230314
278,1R,Low,6.0,6.0,0.0,0.0,self,1.1168022155761719,1.0,3.0,384.0,Offenbach,20230314
279,1R,Med,10.0,10.0,0.0,0.0,self,1.0156188011169434,1.0,6.0,387.0,Offenbach,20230314
280,1R,Low,1.0,1.0,0.0,0.0,self,0.9831340312957764,1.0,7.0,388.0,Offenbach,20230314
281,1R,Med,10.0,10.0,0.0,0.0,self,0.9990670680999756,1.0,8.0,389.0,Offenbach,20230314
282,1R,Low,4.0,4.0,0.0,0.0,self,0.9827630519866943,1.0,9.0,390.0,Offenbach,20230314
283,1R,Low,5.0,5.0,0.0,0.0,self,1.0991201400756836,1.0,10.0,391.0,Offenbach,20230314
284,1R,Low,4.0,4.0,0.0,1.0,self,0.9827518463134766,-1.0,11.0,392.0,Offenbach,20230314
285,1R,Low,3.0,3.0,0.0,0.0,self,0.9825825691223145,1.0,0.0,394.0,Offenbach,20230314
286,1R,Low,7.0,7.0,0.0,0.0,self,0.9830152988433838,1.0,1.0,395.0,Offenbach,20230314
287,1R,Low,4.0,4.0,0.0,0.0,self,1.016568899154663,1.0,2.0,396.0,Offenbach,20230314
288,1R,Low,1.0,1.0,0.0,0.0,self,0.9837160110473633,1.0,3.0,397.0,Offenbach,20230314
289,1R,Low,3.0,3.0,0.0,0.0,self,1.0994617938995361,1.0,4.0,398.0,Offenbach,20230314
290,1R,Low,2.0,2.0,0.0,0.0,self,0.9832298755645752,1.0,5.0,399.0,Offenbach,20230314
291,1R,Low,5.0,5.0,0.0,0.0,self,0.9825999736785889,1.0,6.0,400.0,Offenbach,20230314
292,1R,Low,3.0,3.0,0.0,0.0,self,0.9997110366821289,1.0,7.0,401.0,Offenbach,20230314
293,1R,Med,9.0,9.0,0.0,0.0,self,0.9836468696594238,1.0,8.0,402.0,Offenbach,20230314
294,1R,Low,7.0,7.0,0.0,1.0,self,1.1338810920715332,-1.0,9.0,403.0,Offenbach,20230314
295,1R,Low,3.0,3.0,0.0,0.0,self,0.9825301170349121,1.0,0.0,405.0,Offenbach,20230314
296,1R,Low,2.0,2.0,0.0,0.0,self,1.6489830017089844,1.0,1.0,406.0,Offenbach,20230314
297,1R,Low,2.0,2.0,0.0,0.0,self,1.1335909366607666,1.0,2.0,407.0,Offenbach,20230314
298,1R,Low,4.0,4.0,0.0,0.0,self,0.999424934387207,1.0,3.0,408.0,Offenbach,20230314
299,1R,Low,2.0,2.0,0.0,0.0,self,0.9996168613433838,1.0,4.0,409.0,Offenbach,20230314
300,1R,Low,1.0,1.0,0.0,0.0,self,1.1155331134796143,1.0,5.0,410.0,Offenbach,20230314
301,1R,Low,4.0,4.0,0.0,0.0,self,0.9984698295593262,1.0,6.0,411.0,Offenbach,20230314
302,1R,Low,6.0,6.0,0.0,0.0,self,1.0001718997955322,1.0,7.0,412.0,Offenbach,20230314
303,1R,Low,7.0,7.0,0.0,0.0,self,1.0328257083892822,1.0,8.0,413.0,Offenbach,20230314
304,1R,Low,2.0,2.0,0.0,1.0,self,1.132739782333374,-1.0,9.0,414.0,Offenbach,20230314
305,1R,Low,5.0,5.0,0.0,0.0,self,1.1002631187438965,1.0,0.0,418.0,Offenbach,20230314
306,1R,Low,2.0,2.0,0.0,0.0,self,0.9835288524627686,1.0,1.0,419.0,Offenbach,20230314
307,1R,Low,2.0,2.0,0.0,0.0,self,1.099963903427124,1.0,2.0,420.0,Offenbach,20230314
308,1R,Low,3.0,3.0,0.0,0.0,self,0.9826250076293945,1.0,3.0,421.0,Offenbach,20230314
309,1R,Low,2.0,2.0,0.0,0.0,self,1.099364995956421,1.0,4.0,422.0,Offenbach,20230314
310,1R,Low,2.0,2.0,0.0,0.0,self,1.0830678939819336,1.0,6.0,424.0,Offenbach,20230314
311,1R,Low,1.0,1.0,0.0,0.0,self,1.0332190990447998,1.0,7.0,425.0,Offenbach,20230314
312,1R,Low,8.0,8.0,0.0,0.0,self,1.0172948837280273,1.0,8.0,426.0,Offenbach,20230314
313,1R,Low,5.0,5.0,0.0,0.0,self,1.0324127674102783,1.0,9.0,427.0,Offenbach,20230314
314,1R,Low,6.0,6.0,0.0,1.0,self,0.9992849826812744,-1.0,10.0,428.0,Offenbach,20230314
315,1R,Low,4.0,4.0,0.0,0.0,self,0.9820857048034668,1.0,0.0,431.0,Offenbach,20230314
316,1R,Low,2.0,2.0,0.0,0.0,self,0.9826860427856445,1.0,1.0,432.0,Offenbach,20230314
317,1R,Low,5.0,5.0,0.0,0.0,self,0.981842041015625,1.0,2.0,433.0,Offenbach,20230314
318,1R,Low,1.0,1.0,0.0,0.0,self,0.9822099208831787,1.0,3.0,434.0,Offenbach,20230314
319,1R,Med,11.0,11.0,0.0,0.0,self,1.0171258449554443,1.0,4.0,435.0,Offenbach,20230314
320,1R,Low,2.0,2.0,0.0,0.0,self,0.9827330112457275,1.0,5.0,436.0,Offenbach,20230314
321,1R,Low,2.0,2.0,0.0,0.0,self,1.0330548286437988,1.0,6.0,437.0,Offenbach,20230314
322,1R,Low,6.0,6.0,0.0,0.0,self,0.9985940456390381,1.0,7.0,438.0,Offenbach,20230314
323,1R,Low,2.0,2.0,0.0,0.0,self,1.0832889080047607,1.0,8.0,439.0,Offenbach,20230314
324,1R,Med,10.0,10.0,0.0,0.0,self,0.9825308322906494,1.0,9.0,440.0,Offenbach,20230314
325,1R,Low,4.0,4.0,0.0,1.0,self,1.0160610675811768,-1.0,10.0,441.0,Offenbach,20230314
326,1R,Low,7.0,7.0,0.0,0.0,self,0.9834229946136475,1.0,0.0,443.0,Offenbach,20230314
327,1R,Low,4.0,4.0,0.0,0.0,self,1.0174729824066162,1.0,2.0,445.0,Offenbach,20230314
328,1R,Low,5.0,5.0,0.0,0.0,self,0.9831669330596924,1.0,6.0,449.0,Offenbach,20230314
329,1R,Low,3.0,3.0,0.0,0.0,self,0.9826557636260986,1.0,7.0,450.0,Offenbach,20230314
330,1R,Low,7.0,7.0,0.0,0.0,self,0.9835360050201416,1.0,8.0,451.0,Offenbach,20230314
331,1R,Med,9.0,9.0,0.0,1.0,self,0.98313307762146,-1.0,9.0,452.0,Offenbach,20230314
332,1R,Low,4.0,4.0,0.0,0.0,self,0.9829578399658203,1.0,0.0,455.0,Offenbach,20230314
333,1R,Low,2.0,2.0,0.0,0.0,self,1.0669682025909424,1.0,1.0,456.0,Offenbach,20230314
334,1R,Low,1.0,1.0,0.0,0.0,self,0.9834609031677246,1.0,2.0,457.0,Offenbach,20230314
335,1R,Low,4.0,4.0,0.0,0.0,self,1.067370891571045,1.0,3.0,458.0,Offenbach,20230314
336,1R,Low,5.0,5.0,0.0,0.0,self,0.9822990894317627,1.0,4.0,459.0,Offenbach,20230314
337,1R,Low,7.0,7.0,0.0,0.0,self,1.1998348236083984,1.0,6.0,461.0,Offenbach,20230314
338,1R,Low,1.0,1.0,0.0,0.0,self,0.9998977184295654,1.0,7.0,462.0,Offenbach,20230314
339,1R,Low,3.0,3.0,0.0,0.0,self,0.9829609394073486,1.0,9.0,464.0,Offenbach,20230314
340,1R,High,12.0,12.0,0.0,0.0,self,0.9822871685028076,1.0,10.0,465.0,Offenbach,20230314
341,1R,Med,10.0,10.0,0.0,1.0,self,1.0998163223266602,-1.0,11.0,466.0,Offenbach,20230314
342,1R,Low,4.0,4.0,0.0,0.0,self,0.9993441104888916,1.0,0.0,468.0,Offenbach,20230314
343,1R,Low,4.0,4.0,0.0,0.0,self,0.982975959777832,1.0,1.0,469.0,Offenbach,20230314
344,1R,Med,9.0,9.0,0.0,0.0,self,1.0677030086517334,1.0,2.0,470.0,Offenbach,20230314
345,1R,Low,4.0,4.0,0.0,0.0,self,1.015822172164917,1.0,3.0,471.0,Offenbach,20230314
346,1R,Low,8.0,8.0,0.0,0.0,self,0.9831831455230713,1.0,5.0,473.0,Offenbach,20230314
347,1R,High,12.0,12.0,0.0,0.0,self,1.1832220554351807,1.0,6.0,474.0,Offenbach,20230314
348,1R,Low,4.0,4.0,0.0,0.0,self,0.9834072589874268,1.0,7.0,475.0,Offenbach,20230314
349,1R,Low,8.0,8.0,0.0,0.0,self,0.9829301834106445,1.0,8.0,476.0,Offenbach,20230314
350,1R,Low,2.0,2.0,0.0,0.0,self,0.98319411277771,1.0,9.0,477.0,Offenbach,20230314
351,1R,Med,10.0,10.0,0.0,1.0,self,1.0836660861968994,-1.0,10.0,478.0,Offenbach,20230314
352,1R,Low,3.0,3.0,0.0,0.0,self,1.0159590244293213,1.0,0.0,480.0,Offenbach,20230314
353,1R,Low,4.0,4.0,0.0,0.0,self,0.9834930896759033,1.0,1.0,481.0,Offenbach,20230314
354,1R,Low,2.0,2.0,0.0,0.0,self,0.9827163219451904,1.0,2.0,482.0,Offenbach,20230314
355,1R,Low,1.0,1.0,0.0,0.0,self,0.9833588600158691,1.0,3.0,483.0,Offenbach,20230314
356,1R,Low,4.0,4.0,0.0,0.0,self,1.083543062210083,1.0,4.0,484.0,Offenbach,20230314
357,1R,Low,5.0,5.0,0.0,0.0,self,1.1999239921569824,1.0,6.0,486.0,Offenbach,20230314
358,1R,Low,3.0,3.0,0.0,0.0,self,1.1005361080169678,1.0,7.0,487.0,Offenbach,20230314
359,1R,Low,3.0,3.0,0.0,0.0,self,0.9991419315338135,1.0,0.0,490.0,Offenbach,20230314
360,1R,Low,1.0,1.0,0.0,0.0,self,0.9834091663360596,1.0,1.0,491.0,Offenbach,20230314
361,1R,Low,7.0,7.0,0.0,0.0,self,0.9832279682159424,1.0,2.0,492.0,Offenbach,20230314
362,1R,Low,5.0,5.0,0.0,0.0,self,1.0506622791290283,1.0,3.0,493.0,Offenbach,20230314
363,1R,Low,2.0,2.0,0.0,0.0,self,1.0512921810150146,1.0,4.0,494.0,Offenbach,20230314
364,1R,Low,7.0,7.0,0.0,0.0,self,1.0988810062408447,1.0,5.0,495.0,Offenbach,20230314
365,1R,Low,8.0,8.0,0.0,0.0,self,1.0677149295806885,1.0,9.0,499.0,Offenbach,20230314
366,1R,Low,2.0,2.0,0.0,0.0,self,1.0175039768218994,1.0,10.0,500.0,Offenbach,20230314
367,1R,Low,1.0,1.0,0.0,0.0,self,0.9826419353485107,1.0,11.0,501.0,Offenbach,20230314
368,1R,Low,8.0,8.0,0.0,0.0,self,0.9993360042572021,1.0,0.0,509.0,Offenbach,20230314
369,1R,Low,3.0,3.0,0.0,0.0,self,1.0498628616333008,1.0,2.0,511.0,Offenbach,20230314
370,1R,Low,1.0,1.0,0.0,0.0,self,1.234220027923584,1.0,3.0,512.0,Offenbach,20230314
371,1R,Low,4.0,4.0,0.0,0.0,self,1.0325257778167725,1.0,4.0,513.0,Offenbach,20230314
372,1R,Low,2.0,2.0,0.0,0.0,self,1.000213861465454,1.0,5.0,514.0,Offenbach,20230314
373,1R,Low,7.0,7.0,0.0,0.0,self,0.9825007915496826,1.0,13.0,522.0,Offenbach,20230314
374,1R,Low,5.0,5.0,0.0,0.0,self,1.0836260318756104,1.0,14.0,523.0,Offenbach,20230314
375,1R,Low,1.0,1.0,0.0,0.0,self,1.0167272090911865,1.0,15.0,524.0,Offenbach,20230314
376,1R,Low,2.0,2.0,0.0,0.0,self,1.2166121006011963,1.0,0.0,527.0,Offenbach,20230314
377,1R,Low,7.0,7.0,0.0,0.0,self,1.099071979522705,1.0,1.0,528.0,Offenbach,20230314
378,1R,Low,3.0,3.0,0.0,0.0,self,0.9993410110473633,1.0,2.0,529.0,Offenbach,20230314
379,1R,Low,2.0,2.0,0.0,0.0,self,1.1495227813720703,1.0,3.0,530.0,Offenbach,20230314
380,1R,Low,1.0,1.0,0.0,0.0,self,1.0168440341949463,1.0,4.0,531.0,Offenbach,20230314
381,1R,Low,4.0,4.0,0.0,0.0,self,1.001824140548706,1.0,6.0,533.0,Offenbach,20230314
382,1R,Low,5.0,5.0,0.0,0.0,self,0.9835798740386963,1.0,7.0,534.0,Offenbach,20230314
383,1R,Med,10.0,10.0,0.0,0.0,self,1.1166000366210938,1.0,8.0,535.0,Offenbach,20230314
384,1R,Low,6.0,6.0,0.0,0.0,self,1.0324993133544922,1.0,9.0,536.0,Offenbach,20230314
385,1R,Low,5.0,5.0,0.0,0.0,self,1.0834660530090332,1.0,10.0,537.0,Offenbach,20230314
386,1R,Low,1.0,1.0,0.0,1.0,self,0.9832918643951416,-1.0,11.0,538.0,Offenbach,20230314
387,1R,Low,4.0,4.0,0.0,0.0,self,1.016615867614746,1.0,0.0,540.0,Offenbach,20230314
388,1R,Low,1.0,1.0,0.0,0.0,self,1.233386754989624,1.0,1.0,541.0,Offenbach,20230314
389,1R,Low,1.0,1.0,0.0,0.0,self,0.9832470417022705,1.0,2.0,542.0,Offenbach,20230314
390,1R,Low,3.0,3.0,0.0,0.0,self,0.9821751117706299,1.0,5.0,545.0,Offenbach,20230314
391,1R,Low,4.0,4.0,0.0,0.0,self,1.049820899963379,1.0,6.0,546.0,Offenbach,20230314
392,1R,Low,3.0,3.0,0.0,0.0,self,1.017054796218872,1.0,8.0,548.0,Offenbach,20230314
393,1R,Med,11.0,11.0,0.0,0.0,self,0.9825131893157959,1.0,9.0,549.0,Offenbach,20230314
394,1R,Low,4.0,4.0,0.0,1.0,self,1.4175260066986084,-1.0,10.0,550.0,Offenbach,20230314
395,1R,Low,7.0,7.0,0.0,0.0,self,1.2167558670043945,1.0,0.0,552.0,Offenbach,20230314
396,1R,Med,9.0,9.0,0.0,0.0,self,0.9839878082275391,1.0,1.0,553.0,Offenbach,20230314
397,1R,Low,1.0,1.0,0.0,0.0,self,1.216235637664795,1.0,2.0,554.0,Offenbach,20230314
398,1R,Low,2.0,2.0,0.0,0.0,self,0.9839780330657959,1.0,3.0,555.0,Offenbach,20230314
399,1R,Low,7.0,7.0,0.0,0.0,self,1.4831712245941162,1.0,4.0,556.0,Offenbach,20230314
400,1R,Low,6.0,6.0,0.0,0.0,self,0.9996809959411621,1.0,5.0,557.0,Offenbach,20230314
401,1R,Low,2.0,2.0,0.0,0.0,self,0.9830501079559326,1.0,7.0,559.0,Offenbach,20230314
402,1R,Low,1.0,1.0,0.0,0.0,self,0.9835131168365479,1.0,8.0,560.0,Offenbach,20230314
403,1R,Low,3.0,3.0,0.0,1.0,self,0.9827167987823486,-1.0,9.0,561.0,Offenbach,20230314
404,1R,Low,1.0,1.0,0.0,0.0,self,1.0155410766601562,1.0,0.0,563.0,Offenbach,20230314
405,1R,Low,2.0,2.0,0.0,0.0,self,1.1993958950042725,1.0,1.0,564.0,Offenbach,20230314
406,1R,Med,11.0,11.0,0.0,0.0,self,0.99922776222229,1.0,2.0,565.0,Offenbach,20230314
407,1R,Low,1.0,1.0,0.0,0.0,self,1.1164827346801758,1.0,3.0,566.0,Offenbach,20230314
408,1R,High,12.0,12.0,0.0,0.0,self,0.9993231296539307,1.0,4.0,567.0,Offenbach,20230314
409,1R,Med,10.0,10.0,0.0,0.0,self,0.9840798377990723,1.0,5.0,568.0,Offenbach,20230314
410,1R,Low,3.0,3.0,0.0,0.0,self,1.015821933746338,1.0,6.0,569.0,Offenbach,20230314
411,1R,Low,8.0,8.0,0.0,0.0,self,1.0329139232635498,1.0,7.0,570.0,Offenbach,20230314
412,1R,Low,1.0,1.0,0.0,0.0,self,0.9990508556365967,1.0,8.0,571.0,Offenbach,20230314
413,1R,Med,9.0,9.0,0.0,0.0,self,0.9998552799224854,1.0,9.0,572.0,Offenbach,20230314
414,1R,Med,9.0,9.0,0.0,0.0,self,0.9841647148132324,1.0,0.0,574.0,Offenbach,20230314
415,1R,Low,6.0,6.0,0.0,0.0,self,1.0003299713134766,1.0,1.0,575.0,Offenbach,20230314
416,1R,High,12.0,12.0,0.0,0.0,self,1.0159010887145996,1.0,2.0,576.0,Offenbach,20230314
417,1R,Low,4.0,4.0,0.0,0.0,self,0.9837460517883301,1.0,3.0,577.0,Offenbach,20230314
418,1R,Low,1.0,1.0,0.0,0.0,self,1.016800880432129,1.0,11.0,585.0,Offenbach,20230314
419,1R,Low,5.0,5.0,0.0,0.0,self,1.015956163406372,1.0,12.0,586.0,Offenbach,20230314
420,1R,Low,3.0,3.0,0.0,0.0,self,0.9830079078674316,1.0,13.0,587.0,Offenbach,20230314
421,1R,Low,6.0,6.0,0.0,0.0,self,0.9830961227416992,1.0,14.0,588.0,Offenbach,20230314
422,1R,Low,1.0,1.0,0.0,0.0,self,0.983971118927002,1.0,15.0,589.0,Offenbach,20230314
423,1R,Low,1.0,1.0,0.0,0.0,self,0.9833850860595703,1.0,17.0,591.0,Offenbach,20230314
424,1R,Med,9.0,9.0,0.0,1.0,self,1.149352788925171,-1.0,18.0,592.0,Offenbach,20230314
425,1R,Med,9.0,9.0,0.0,0.0,self,1.0504419803619385,1.0,0.0,594.0,Offenbach,20230314
426,1R,Low,5.0,5.0,0.0,0.0,self,0.9829549789428711,1.0,2.0,596.0,Offenbach,20230314
427,1R,Low,6.0,6.0,0.0,0.0,self,0.9824550151824951,1.0,3.0,597.0,Offenbach,20230314
428,1R,Low,6.0,6.0,0.0,0.0,self,0.982666015625,1.0,4.0,598.0,Offenbach,20230314
429,1R,Low,2.0,2.0,0.0,0.0,self,1.050124168395996,1.0,6.0,600.0,Offenbach,20230314
430,1R,Low,6.0,6.0,0.0,0.0,self,1.0488231182098389,1.0,7.0,601.0,Offenbach,20230314
431,1R,Low,8.0,8.0,0.0,0.0,self,1.0503578186035156,1.0,8.0,602.0,Offenbach,20230314
432,1R,Med,9.0,9.0,0.0,1.0,self,0.9998378753662109,-1.0,9.0,603.0,Offenbach,20230314
433,1R,Low,5.0,5.0,0.0,0.0,self,1.0666608810424805,1.0,0.0,605.0,Offenbach,20230314
434,1R,Med,9.0,9.0,0.0,0.0,self,1.0167019367218018,1.0,2.0,607.0,Offenbach,20230314
435,1R,Low,6.0,6.0,0.0,0.0,self,0.9828910827636719,1.0,3.0,608.0,Offenbach,20230314
436,1R,Low,2.0,2.0,0.0,0.0,self,0.983144998550415,1.0,4.0,609.0,Offenbach,20230314
437,1R,Low,2.0,2.0,0.0,0.0,self,1.4151179790496826,1.0,6.0,611.0,Offenbach,20230314
438,1R,Med,10.0,10.0,0.0,0.0,self,0.9823217391967773,1.0,0.0,618.0,Offenbach,20230314
439,1R,Low,3.0,3.0,0.0,0.0,self,0.9829139709472656,1.0,1.0,619.0,Offenbach,20230314
440,1R,Low,1.0,1.0,0.0,0.0,self,0.982161283493042,1.0,2.0,620.0,Offenbach,20230314
441,1R,Low,3.0,3.0,0.0,0.0,self,0.9824719429016113,1.0,3.0,621.0,Offenbach,20230314
442,1R,Low,1.0,1.0,0.0,0.0,self,0.9994618892669678,1.0,4.0,622.0,Offenbach,20230314
443,1R,Low,6.0,6.0,0.0,0.0,self,1.0672330856323242,1.0,5.0,623.0,Offenbach,20230314
444,1R,Low,8.0,8.0,0.0,0.0,self,1.4319031238555908,1.0,6.0,624.0,Offenbach,20230314
445,1R,Low,4.0,4.0,0.0,0.0,self,0.9829699993133545,1.0,7.0,625.0,Offenbach,20230314
446,1R,Low,1.0,1.0,0.0,0.0,self,0.9824419021606445,1.0,10.0,628.0,Offenbach,20230314
447,1R,Med,10.0,10.0,0.0,0.0,self,0.9826979637145996,1.0,11.0,629.0,Offenbach,20230314
448,1R,Low,6.0,6.0,0.0,0.0,self,1.0002052783966064,1.0,12.0,630.0,Offenbach,20230314
449,1R,Low,4.0,4.0,0.0,0.0,self,1.1833040714263916,1.0,13.0,631.0,Offenbach,20230314
450,1R,Low,1.0,1.0,0.0,0.0,self,0.9821569919586182,1.0,14.0,632.0,Offenbach,20230314
451,1R,Low,4.0,4.0,0.0,1.0,self,0.9827392101287842,-1.0,15.0,633.0,Offenbach,20230314
452,1R,Low,2.0,2.0,0.0,0.0,self,0.983950138092041,1.0,0.0,636.0,Offenbach,20230314
453,1R,High,12.0,12.0,0.0,0.0,self,1.0000030994415283,1.0,1.0,637.0,Offenbach,20230314
454,1R,Med,9.0,9.0,0.0,0.0,self,1.0667829513549805,1.0,2.0,638.0,Offenbach,20230314
455,1R,Low,7.0,7.0,0.0,0.0,self,0.9834091663360596,1.0,3.0,639.0,Offenbach,20230314
456,1R,Med,10.0,10.0,0.0,0.0,self,1.1836440563201904,1.0,4.0,640.0,Offenbach,20230314
457,1R,Low,1.0,1.0,0.0,0.0,self,1.2661828994750977,1.0,5.0,641.0,Offenbach,20230314
458,1R,Low,2.0,2.0,0.0,0.0,self,1.083467960357666,1.0,6.0,642.0,Offenbach,20230314
459,1R,Low,4.0,4.0,0.0,0.0,self,1.0325169563293457,1.0,7.0,643.0,Offenbach,20230314
460,1R,Low,7.0,7.0,0.0,1.0,self,1.0491809844970703,-1.0,8.0,644.0,Offenbach,20230314
461,1R,Low,5.0,5.0,0.0,0.0,self,1.0330982208251953,1.0,0.0,647.0,Offenbach,20230314
462,1R,Low,2.0,2.0,0.0,0.0,self,1.0838720798492432,1.0,1.0,648.0,Offenbach,20230314
463,1R,Low,3.0,3.0,0.0,0.0,self,1.0001220703125,1.0,2.0,649.0,Offenbach,20230314
464,1R,Low,2.0,2.0,0.0,0.0,self,0.9828619956970215,1.0,3.0,650.0,Offenbach,20230314
465,1R,Low,8.0,8.0,0.0,0.0,self,1.049454927444458,1.0,4.0,651.0,Offenbach,20230314
466,1R,Low,4.0,4.0,0.0,0.0,self,0.9841129779815674,1.0,5.0,652.0,Offenbach,20230314
467,1R,Low,1.0,1.0,0.0,0.0,self,0.9987049102783203,1.0,6.0,653.0,Offenbach,20230314
468,1R,Low,5.0,5.0,0.0,0.0,self,1.200509786605835,1.0,7.0,654.0,Offenbach,20230314
469,1R,Low,3.0,3.0,0.0,0.0,self,0.9828410148620605,1.0,8.0,655.0,Offenbach,20230314
470,1R,Low,1.0,1.0,0.0,1.0,self,0.9997577667236328,-1.0,9.0,656.0,Offenbach,20230314
471,1R,Low,8.0,8.0,0.0,0.0,self,1.050159215927124,1.0,0.0,660.0,Offenbach,20230314
472,1R,Low,1.0,1.0,0.0,0.0,self,1.0498790740966797,1.0,1.0,661.0,Offenbach,20230314
473,1R,Low,5.0,5.0,0.0,0.0,self,0.9828591346740723,1.0,2.0,662.0,Offenbach,20230314
474,1R,Low,1.0,1.0,0.0,0.0,self,0.9827592372894287,1.0,3.0,663.0,Offenbach,20230314
475,1R,Low,6.0,6.0,0.0,0.0,self,1.016207218170166,1.0,7.0,667.0,Offenbach,20230314
476,1R,Med,9.0,9.0,0.0,0.0,self,1.0493578910827637,1.0,8.0,668.0,Offenbach,20230314
477,1R,Low,5.0,5.0,0.0,0.0,self,0.9827132225036621,1.0,9.0,669.0,Offenbach,20230314
478,1R,Low,1.0,1.0,0.0,1.0,self,0.9830751419067383,-1.0,10.0,670.0,Offenbach,20230314
479,1R,Low,4.0,4.0,0.0,0.0,self,0.9836750030517578,1.0,0.0,672.0,Offenbach,20230314
480,1R,Low,3.0,3.0,0.0,0.0,self,1.0165128707885742,1.0,1.0,673.0,Offenbach,20230314
481,1R,Med,10.0,10.0,0.0,0.0,self,1.0173399448394775,1.0,2.0,674.0,Offenbach,20230314
482,1R,Low,1.0,1.0,0.0,0.0,self,1.066180944442749,1.0,4.0,676.0,Offenbach,20230314
483,1R,Low,5.0,5.0,0.0,0.0,self,0.9837238788604736,1.0,5.0,677.0,Offenbach,20230314
484,1R,Low,3.0,3.0,0.0,0.0,self,1.0158989429473877,1.0,6.0,678.0,Offenbach,20230314
485,1R,Low,1.0,1.0,0.0,0.0,self,0.9817678928375244,1.0,7.0,679.0,Offenbach,20230314
486,1R,Low,6.0,6.0,0.0,0.0,self,0.9999649524688721,1.0,8.0,680.0,Offenbach,20230314
487,1R,Med,10.0,10.0,0.0,1.0,self,1.3332819938659668,-1.0,9.0,681.0,Offenbach,20230314
488,1R,Med,9.0,9.0,0.0,0.0,self,0.9825270175933838,1.0,0.0,683.0,Offenbach,20230314
489,1R,Med,9.0,9.0,0.0,0.0,self,1.0990700721740723,1.0,1.0,684.0,Offenbach,20230314
490,1R,Low,1.0,1.0,0.0,0.0,self,1.0164978504180908,1.0,2.0,685.0,Offenbach,20230314
491,1R,Low,2.0,2.0,0.0,0.0,self,0.9828310012817383,1.0,3.0,686.0,Offenbach,20230314
492,1R,Low,3.0,3.0,0.0,0.0,self,0.9990110397338867,1.0,4.0,687.0,Offenbach,20230314
493,1R,Med,11.0,11.0,0.0,0.0,self,0.9996650218963623,1.0,5.0,688.0,Offenbach,20230314
494,1R,Low,3.0,3.0,0.0,0.0,self,1.1327340602874756,1.0,6.0,689.0,Offenbach,20230314
495,1R,Low,1.0,1.0,0.0,0.0,self,1.099750280380249,1.0,7.0,690.0,Offenbach,20230314
496,1R,Low,6.0,6.0,0.0,0.0,self,0.9823760986328125,1.0,8.0,691.0,Offenbach,20230314
497,1R,Low,7.0,7.0,0.0,0.0,self,0.9828379154205322,1.0,9.0,692.0,Offenbach,20230314
498,1R,Low,6.0,6.0,0.0,0.0,self,1.3991069793701172,1.0,10.0,693.0,Offenbach,20230314
499,1R,Low,3.0,3.0,0.0,0.0,self,1.0668680667877197,1.0,11.0,694.0,Offenbach,20230314
500,1R,Low,2.0,2.0,0.0,1.0,self,1.1010489463806152,-1.0,12.0,695.0,Offenbach,20230314
501,1R,Low,1.0,1.0,0.0,0.0,self,0.9996159076690674,1.0,0.0,697.0,Offenbach,20230314
502,1R,Low,6.0,6.0,0.0,0.0,self,0.9827208518981934,1.0,1.0,698.0,Offenbach,20230314
503,1R,Low,5.0,5.0,0.0,0.0,self,1.065932035446167,1.0,2.0,699.0,Offenbach,20230314
504,1R,Low,3.0,3.0,0.0,0.0,self,1.0329999923706055,1.0,3.0,700.0,Offenbach,20230314
505,1R,Low,5.0,5.0,0.0,0.0,self,1.048887014389038,1.0,4.0,701.0,Offenbach,20230314
506,1R,Low,1.0,1.0,0.0,0.0,self,0.9997258186340332,1.0,5.0,702.0,Offenbach,20230314
507,1R,Low,8.0,8.0,0.0,0.0,self,1.0826308727264404,1.0,6.0,703.0,Offenbach,20230314
508,1R,Med,9.0,9.0,0.0,0.0,self,0.9825711250305176,1.0,9.0,706.0,Offenbach,20230314
509,1R,Low,5.0,5.0,0.0,0.0,self,1.250187873840332,1.0,12.0,709.0,Offenbach,20230314
510,1R,Med,9.0,9.0,0.0,0.0,self,1.0995440483093262,1.0,13.0,710.0,Offenbach,20230314
511,1R,Low,5.0,5.0,0.0,1.0,self,1.099754810333252,-1.0,14.0,711.0,Offenbach,20230314
512,1R,Low,4.0,4.0,0.0,0.0,self,1.1987659931182861,1.0,0.0,713.0,Offenbach,20230314
513,1R,Low,1.0,1.0,0.0,0.0,self,1.0329577922821045,1.0,1.0,714.0,Offenbach,20230314
514,1R,Low,2.0,2.0,0.0,0.0,self,0.9832127094268799,1.0,2.0,715.0,Offenbach,20230314
515,1R,Low,4.0,4.0,0.0,0.0,self,1.0994501113891602,1.0,3.0,716.0,Offenbach,20230314
516,1R,Low,8.0,8.0,0.0,0.0,self,0.9839010238647461,1.0,4.0,717.0,Offenbach,20230314
517,1R,Med,9.0,9.0,0.0,0.0,self,0.9829041957855225,1.0,5.0,718.0,Offenbach,20230314
518,1R,Low,1.0,1.0,0.0,0.0,self,1.0665411949157715,1.0,6.0,719.0,Offenbach,20230314
519,1R,Low,2.0,2.0,0.0,0.0,self,0.9833517074584961,1.0,7.0,720.0,Offenbach,20230314
520,1R,Med,9.0,9.0,0.0,0.0,self,1.5990209579467773,1.0,8.0,721.0,Offenbach,20230314
521,1R,Low,3.0,3.0,0.0,0.0,self,1.2156789302825928,1.0,0.0,725.0,Offenbach,20230314
522,1R,Low,2.0,2.0,0.0,0.0,self,0.9831149578094482,1.0,1.0,726.0,Offenbach,20230314
523,1R,Low,6.0,6.0,0.0,0.0,self,0.9995279312133789,1.0,2.0,727.0,Offenbach,20230314
524,1R,Low,1.0,1.0,0.0,0.0,self,1.049250841140747,1.0,4.0,729.0,Offenbach,20230314
525,1R,Low,2.0,2.0,0.0,0.0,self,0.9818079471588135,1.0,8.0,733.0,Offenbach,20230314
526,1R,Low,5.0,5.0,0.0,0.0,self,0.9829380512237549,1.0,9.0,734.0,Offenbach,20230314
527,1R,Low,2.0,2.0,0.0,0.0,self,1.051042079925537,1.0,0.0,737.0,Offenbach,20230314
528,1R,Low,8.0,8.0,0.0,0.0,self,1.083881139755249,1.0,1.0,738.0,Offenbach,20230314
529,1R,Low,6.0,6.0,0.0,0.0,self,0.999711275100708,1.0,2.0,739.0,Offenbach,20230314
530,1R,Low,1.0,1.0,0.0,0.0,self,0.982935905456543,1.0,3.0,740.0,Offenbach,20230314
531,1R,Low,4.0,4.0,0.0,0.0,self,0.9831089973449707,1.0,4.0,741.0,Offenbach,20230314
532,1R,Med,9.0,9.0,0.0,0.0,self,0.983241081237793,1.0,5.0,742.0,Offenbach,20230314
533,1R,Med,11.0,11.0,0.0,0.0,self,1.0166230201721191,1.0,11.0,748.0,Offenbach,20230314
534,1R,Med,11.0,11.0,0.0,0.0,self,1.100614070892334,1.0,12.0,749.0,Offenbach,20230314
535,1R,Low,6.0,6.0,0.0,0.0,self,1.1666719913482666,1.0,13.0,750.0,Offenbach,20230314
536,1R,Low,7.0,7.0,0.0,0.0,self,0.9834189414978027,1.0,14.0,751.0,Offenbach,20230314
537,1R,Low,4.0,4.0,0.0,0.0,self,1.032883882522583,1.0,16.0,753.0,Offenbach,20230314
538,1R,Low,2.0,2.0,0.0,0.0,self,0.9834952354431152,1.0,17.0,754.0,Offenbach,20230314
539,1R,Low,1.0,1.0,0.0,0.0,self,1.0329639911651611,1.0,18.0,755.0,Offenbach,20230314
540,1R,Med,9.0,9.0,0.0,0.0,self,1.0993568897247314,1.0,19.0,756.0,Offenbach,20230314
541,1R,Low,2.0,2.0,0.0,0.0,self,1.0828781127929688,1.0,20.0,757.0,Offenbach,20230314
542,1R,Low,8.0,8.0,0.0,1.0,self,1.0158650875091553,-1.0,21.0,758.0,Offenbach,20230314
543,1R,Low,6.0,6.0,0.0,0.0,self,0.9829697608947754,1.0,0.0,760.0,Offenbach,20230314
544,1R,Low,3.0,3.0,0.0,0.0,self,0.999107837677002,1.0,1.0,761.0,Offenbach,20230314
545,1R,Med,9.0,9.0,0.0,0.0,self,0.982673168182373,1.0,2.0,762.0,Offenbach,20230314
546,1R,Low,5.0,5.0,0.0,0.0,self,0.9829699993133545,1.0,3.0,763.0,Offenbach,20230314
547,1R,Low,6.0,6.0,0.0,0.0,self,0.9816749095916748,1.0,4.0,764.0,Offenbach,20230314
548,1R,High,13.0,13.0,0.0,0.0,self,0.9841022491455078,1.0,5.0,765.0,Offenbach,20230314
549,1R,Low,2.0,2.0,0.0,0.0,self,1.0664548873901367,1.0,6.0,766.0,Offenbach,20230314
550,1R,High,12.0,12.0,0.0,0.0,self,0.9998140335083008,1.0,7.0,767.0,Offenbach,20230314
551,1R,Low,6.0,6.0,0.0,0.0,self,1.0985877513885498,1.0,8.0,768.0,Offenbach,20230314
552,1R,Low,3.0,3.0,0.0,0.0,self,1.1001379489898682,1.0,9.0,769.0,Offenbach,20230314
553,1R,Low,5.0,5.0,0.0,0.0,self,1.0159430503845215,1.0,10.0,770.0,Offenbach,20230314
554,1R,Low,1.0,1.0,0.0,0.0,self,1.1994361877441406,1.0,14.0,774.0,Offenbach,20230314
555,1R,High,12.0,12.0,0.0,0.0,self,0.9834868907928467,1.0,15.0,775.0,Offenbach,20230314
556,1R,Low,1.0,1.0,0.0,1.0,self,0.9815123081207275,-1.0,16.0,776.0,Offenbach,20230314
557,1R,Low,2.0,2.0,0.0,0.0,self,0.999718189239502,1.0,0.0,779.0,Offenbach,20230314
558,1R,Low,1.0,1.0,0.0,0.0,self,1.0165250301361084,1.0,2.0,781.0,Offenbach,20230314
559,1R,Low,8.0,8.0,0.0,0.0,self,1.1503009796142578,1.0,3.0,782.0,Offenbach,20230314
560,1R,Low,3.0,3.0,0.0,0.0,self,1.016840934753418,1.0,4.0,783.0,Offenbach,20230314
561,1R,Low,1.0,1.0,0.0,0.0,self,1.083345890045166,1.0,5.0,784.0,Offenbach,20230314
562,1R,Low,5.0,5.0,0.0,0.0,self,1.0836620330810547,1.0,6.0,785.0,Offenbach,20230314
563,1R,Low,1.0,1.0,0.0,0.0,self,0.9829981327056885,1.0,7.0,786.0,Offenbach,20230314
564,1R,Low,3.0,3.0,0.0,1.0,self,1.1162638664245605,-1.0,8.0,787.0,Offenbach,20230314
565,1R,Low,8.0,8.0,0.0,0.0,self,0.9990999698638916,1.0,0.0,789.0,Offenbach,20230314
566,1R,Low,2.0,2.0,0.0,0.0,self,1.015054702758789,1.0,1.0,790.0,Offenbach,20230314
567,1R,Low,1.0,1.0,0.0,0.0,self,0.982917070388794,1.0,2.0,791.0,Offenbach,20230314
568,1R,Low,1.0,1.0,0.0,0.0,self,1.9503159523010254,1.0,4.0,793.0,Offenbach,20230314
569,1R,Low,1.0,1.0,0.0,0.0,self,0.9991960525512695,1.0,6.0,795.0,Offenbach,20230314
570,1R,Low,1.0,1.0,0.0,1.0,self,1.5662431716918945,-1.0,9.0,798.0,Offenbach,20230314
571,1R,Low,1.0,1.0,0.0,0.0,self,1.0001060962677002,1.0,0.0,801.0,Offenbach,20230314
572,1R,Low,4.0,4.0,0.0,0.0,self,1.216400146484375,1.0,1.0,802.0,Offenbach,20230314
573,1R,Med,9.0,9.0,0.0,0.0,self,0.9832792282104492,1.0,2.0,803.0,Offenbach,20230314
574,1R,Med,11.0,11.0,0.0,0.0,self,0.9827151298522949,1.0,3.0,804.0,Offenbach,20230314
575,1R,Low,3.0,3.0,0.0,0.0,self,0.9833390712738037,1.0,4.0,805.0,Offenbach,20230314
576,1R,Low,1.0,1.0,0.0,0.0,self,1.0659010410308838,1.0,5.0,806.0,Offenbach,20230314
577,1R,Low,2.0,2.0,0.0,0.0,self,0.9832398891448975,1.0,9.0,810.0,Offenbach,20230314
578,1R,Low,7.0,7.0,0.0,0.0,self,1.0173842906951904,1.0,10.0,811.0,Offenbach,20230314
579,1R,Med,10.0,10.0,0.0,0.0,self,0.9829497337341309,1.0,11.0,812.0,Offenbach,20230314
580,1R,Med,10.0,10.0,0.0,0.0,self,0.982792854309082,1.0,12.0,813.0,Offenbach,20230314
581,1R,Low,4.0,4.0,0.0,0.0,self,0.9838080406188965,1.0,13.0,814.0,Offenbach,20230314
582,1R,Low,7.0,7.0,0.0,1.0,self,1.2333869934082031,-1.0,14.0,815.0,Offenbach,20230314
583,1R,Low,5.0,5.0,0.0,0.0,self,0.9995882511138916,1.0,0.0,817.0,Offenbach,20230314
584,1R,Low,5.0,5.0,0.0,0.0,self,0.9820859432220459,1.0,1.0,818.0,Offenbach,20230314
585,1R,Low,5.0,5.0,0.0,0.0,self,0.9825038909912109,1.0,2.0,819.0,Offenbach,20230314
586,1R,Low,5.0,5.0,0.0,0.0,self,0.9991471767425537,1.0,3.0,820.0,Offenbach,20230314
587,1R,Low,2.0,2.0,0.0,0.0,self,1.0498812198638916,1.0,4.0,821.0,Offenbach,20230314
588,1R,Low,5.0,5.0,0.0,0.0,self,1.0158367156982422,1.0,5.0,822.0,Offenbach,20230314
589,1R,Low,7.0,7.0,0.0,0.0,self,0.9823920726776123,1.0,6.0,823.0,Offenbach,20230314
590,1R,Low,6.0,6.0,0.0,0.0,self,0.9831151962280273,1.0,7.0,824.0,Offenbach,20230314
591,1R,Low,2.0,2.0,0.0,0.0,self,1.833122968673706,1.0,9.0,826.0,Offenbach,20230314
592,1R,Low,8.0,8.0,0.0,1.0,self,1.0163731575012207,-1.0,13.0,830.0,Offenbach,20230314
593,1R,Low,1.0,1.0,0.0,0.0,self,1.0160889625549316,1.0,0.0,834.0,Offenbach,20230314
594,1R,Low,8.0,8.0,0.0,0.0,self,0.9827587604522705,1.0,1.0,835.0,Offenbach,20230314
595,1R,Low,6.0,6.0,0.0,0.0,self,0.9993560314178467,1.0,2.0,836.0,Offenbach,20230314
596,1R,Low,5.0,5.0,0.0,0.0,self,0.9829740524291992,1.0,3.0,837.0,Offenbach,20230314
597,1R,Low,8.0,8.0,0.0,0.0,self,0.9835641384124756,1.0,4.0,838.0,Offenbach,20230314
598,1R,Low,5.0,5.0,0.0,0.0,self,1.0001397132873535,1.0,5.0,839.0,Offenbach,20230314
599,1R,Low,4.0,4.0,0.0,0.0,self,1.032930850982666,1.0,6.0,840.0,Offenbach,20230314
600,1R,Low,8.0,8.0,0.0,0.0,self,0.9830560684204102,1.0,8.0,842.0,Offenbach,20230314
601,1R,Low,5.0,5.0,0.0,0.0,self,0.9996271133422852,1.0,9.0,843.0,Offenbach,20230314
602,1R,Low,6.0,6.0,0.0,1.0,self,0.9826869964599609,-1.0,10.0,844.0,Offenbach,20230314
603,1R,Low,1.0,1.0,0.0,0.0,self,1.0669939517974854,1.0,0.0,846.0,Offenbach,20230314
604,1R,Low,5.0,5.0,0.0,0.0,self,0.9824368953704834,1.0,1.0,847.0,Offenbach,20230314
605,1R,Low,1.0,1.0,0.0,0.0,self,0.9990880489349365,1.0,2.0,848.0,Offenbach,20230314
606,1R,Low,1.0,1.0,0.0,0.0,self,0.9831969738006592,1.0,3.0,849.0,Offenbach,20230314
607,1R,Low,5.0,5.0,0.0,0.0,self,0.9999570846557617,1.0,4.0,850.0,Offenbach,20230314
608,1R,Low,3.0,3.0,0.0,0.0,self,0.999363899230957,1.0,5.0,851.0,Offenbach,20230314
609,1R,Med,10.0,10.0,0.0,0.0,self,1.09859299659729,1.0,6.0,852.0,Offenbach,20230314
610,1R,Low,1.0,1.0,0.0,0.0,self,0.9842898845672607,1.0,7.0,853.0,Offenbach,20230314
611,1R,Med,9.0,9.0,0.0,0.0,self,1.3500559329986572,1.0,8.0,854.0,Offenbach,20230314
612,1R,Low,3.0,3.0,0.0,0.0,self,5.365663051605225,1.0,10.0,856.0,Offenbach,20230314
613,1R,Low,1.0,1.0,0.0,0.0,self,1.0997087955474854,1.0,0.0,862.0,Offenbach,20230314
614,1R,Low,4.0,4.0,0.0,0.0,self,1.0833070278167725,1.0,1.0,863.0,Offenbach,20230314
615,1R,Low,4.0,4.0,0.0,0.0,self,0.9844539165496826,1.0,4.0,866.0,Offenbach,20230314
616,1R,Low,2.0,2.0,0.0,0.0,self,1.4991381168365479,1.0,5.0,867.0,Offenbach,20230314
617,1R,Low,1.0,1.0,0.0,1.0,self,1.08418607711792,-1.0,6.0,868.0,Offenbach,20230314
618,1R,Low,2.0,2.0,0.0,0.0,self,0.982619047164917,1.0,0.0,870.0,Offenbach,20230314
619,1R,Low,4.0,4.0,0.0,0.0,self,0.9827289581298828,1.0,1.0,871.0,Offenbach,20230314
620,1R,Low,3.0,3.0,0.0,0.0,self,1.0322840213775635,1.0,2.0,872.0,Offenbach,20230314
621,1R,Low,2.0,2.0,0.0,0.0,self,1.0163288116455078,1.0,3.0,873.0,Offenbach,20230314
622,1R,Med,10.0,10.0,0.0,0.0,self,1.0827889442443848,1.0,5.0,875.0,Offenbach,20230314
623,1R,Low,1.0,1.0,0.0,0.0,self,1.0325779914855957,1.0,6.0,876.0,Offenbach,20230314
624,1R,Low,4.0,4.0,0.0,0.0,self,1.0004920959472656,1.0,7.0,877.0,Offenbach,20230314
625,1R,Low,6.0,6.0,0.0,0.0,self,1.3496429920196533,1.0,8.0,878.0,Offenbach,20230314
626,1R,Low,2.0,2.0,0.0,0.0,self,1.0835621356964111,1.0,9.0,879.0,Offenbach,20230314
627,1R,Low,5.0,5.0,0.0,0.0,self,1.100496768951416,1.0,0.0,883.0,Offenbach,20230314
628,1R,Low,1.0,1.0,0.0,0.0,self,1.0509769916534424,1.0,1.0,884.0,Offenbach,20230314
629,1R,Low,1.0,1.0,0.0,0.0,self,1.0506901741027832,1.0,2.0,885.0,Offenbach,20230314
630,1R,Low,6.0,6.0,0.0,0.0,self,1.0168828964233398,1.0,3.0,886.0,Offenbach,20230314
631,1R,Low,5.0,5.0,0.0,0.0,self,0.9826009273529053,1.0,4.0,887.0,Offenbach,20230314
632,1R,Med,9.0,9.0,0.0,0.0,self,0.9837019443511963,1.0,5.0,888.0,Offenbach,20230314
633,1R,Low,2.0,2.0,0.0,0.0,self,1.5323257446289062,1.0,6.0,889.0,Offenbach,20230314
634,1R,Low,5.0,5.0,0.0,0.0,self,0.9827499389648438,1.0,7.0,890.0,Offenbach,20230314
635,1R,Low,2.0,2.0,0.0,0.0,self,0.9833457469940186,1.0,8.0,891.0,Offenbach,20230314
636,1R,Low,2.0,2.0,0.0,0.0,self,1.116636037826538,1.0,0.0,897.0,Offenbach,20230314
637,1R,Low,4.0,4.0,0.0,0.0,self,1.0491058826446533,1.0,1.0,898.0,Offenbach,20230314
638,1R,Low,1.0,1.0,0.0,0.0,self,0.9993300437927246,1.0,3.0,900.0,Offenbach,20230314
639,1R,Low,1.0,1.0,0.0,0.0,self,1.1662468910217285,1.0,6.0,903.0,Offenbach,20230314
640,1R,Low,3.0,3.0,0.0,0.0,self,0.9997439384460449,1.0,7.0,904.0,Offenbach,20230314
641,1R,Low,3.0,3.0,0.0,0.0,self,0.9996447563171387,1.0,8.0,905.0,Offenbach,20230314
642,1R,Low,6.0,6.0,0.0,0.0,self,0.9830441474914551,1.0,9.0,906.0,Offenbach,20230314
643,1R,Low,8.0,8.0,0.0,0.0,self,1.0494370460510254,1.0,10.0,907.0,Offenbach,20230314
644,1R,Low,4.0,4.0,0.0,1.0,self,0.9990329742431641,-1.0,11.0,908.0,Offenbach,20230314
645,1R,Low,2.0,2.0,0.0,0.0,self,0.9824740886688232,1.0,0.0,910.0,Offenbach,20230314
646,1R,Low,4.0,4.0,0.0,0.0,self,1.0325508117675781,1.0,1.0,911.0,Offenbach,20230314
647,1R,Med,11.0,11.0,0.0,0.0,self,0.9828548431396484,1.0,2.0,912.0,Offenbach,20230314
648,1R,Low,5.0,5.0,0.0,0.0,self,1.0323941707611084,1.0,4.0,914.0,Offenbach,20230314
649,1R,Med,10.0,10.0,0.0,0.0,self,0.9831647872924805,1.0,5.0,915.0,Offenbach,20230314
650,1R,Low,1.0,1.0,0.0,0.0,self,0.9831428527832031,1.0,10.0,920.0,Offenbach,20230314
651,1R,Low,5.0,5.0,0.0,1.0,self,0.983403205871582,-1.0,11.0,921.0,Offenbach,20230314
652,1R,Low,2.0,2.0,0.0,0.0,self,0.9817299842834473,1.0,0.0,923.0,Offenbach,20230314
653,1R,Low,1.0,1.0,0.0,0.0,self,0.9830489158630371,1.0,1.0,924.0,Offenbach,20230314
654,1R,Low,4.0,4.0,0.0,0.0,self,0.9829151630401611,1.0,3.0,926.0,Offenbach,20230314
655,1R,Low,5.0,5.0,0.0,0.0,self,0.9992499351501465,1.0,4.0,927.0,Offenbach,20230314
656,1R,Med,9.0,9.0,0.0,0.0,self,1.0160200595855713,1.0,5.0,928.0,Offenbach,20230314
657,1R,Low,2.0,2.0,0.0,0.0,self,0.9997560977935791,1.0,6.0,929.0,Offenbach,20230314
658,1R,Low,3.0,3.0,0.0,0.0,self,0.9997329711914062,1.0,9.0,932.0,Offenbach,20230314
659,1R,Low,2.0,2.0,0.0,0.0,self,1.0665369033813477,1.0,10.0,933.0,Offenbach,20230314
660,1R,Low,3.0,3.0,0.0,1.0,self,10.299808025360107,-1.0,11.0,934.0,Offenbach,20230314
661,1R,Med,10.0,10.0,0.0,0.0,self,1.0667352676391602,1.0,0.0,941.0,Offenbach,20230314
662,1R,Low,6.0,6.0,0.0,0.0,self,0.9827182292938232,1.0,1.0,942.0,Offenbach,20230314
663,1R,Low,1.0,1.0,0.0,0.0,self,1.2347381114959717,1.0,2.0,943.0,Offenbach,20230314
664,1R,Low,5.0,5.0,0.0,0.0,self,0.9827470779418945,1.0,3.0,944.0,Offenbach,20230314
665,1R,Low,2.0,2.0,0.0,0.0,self,1.0667340755462646,1.0,4.0,945.0,Offenbach,20230314
666,1R,Low,1.0,1.0,0.0,1.0,self,1.0176689624786377,-1.0,5.0,946.0,Offenbach,20230314
667,1R,Low,3.0,3.0,0.0,0.0,self,0.9825899600982666,1.0,0.0,949.0,Offenbach,20230314
668,1R,Med,10.0,10.0,0.0,0.0,self,1.048267126083374,1.0,1.0,950.0,Offenbach,20230314
669,1R,Low,2.0,2.0,0.0,0.0,self,1.0160160064697266,1.0,3.0,952.0,Offenbach,20230314
670,1R,Low,7.0,7.0,0.0,0.0,self,0.9828407764434814,1.0,4.0,953.0,Offenbach,20230314
671,1R,Low,2.0,2.0,0.0,0.0,self,0.9829990863800049,1.0,6.0,955.0,Offenbach,20230314
672,1R,Low,4.0,4.0,0.0,0.0,self,0.983983039855957,1.0,7.0,956.0,Offenbach,20230314
673,1R,Low,1.0,1.0,0.0,0.0,self,0.983248233795166,1.0,8.0,957.0,Offenbach,20230314
674,1R,Med,9.0,9.0,0.0,0.0,self,0.9823219776153564,1.0,9.0,958.0,Offenbach,20230314
675,1R,Low,3.0,3.0,0.0,0.0,self,0.9829440116882324,1.0,10.0,959.0,Offenbach,20230314
676,1R,Low,6.0,6.0,0.0,1.0,self,1.0497767925262451,-1.0,11.0,960.0,Offenbach,20230314
677,1R,Low,3.0,3.0,0.0,0.0,self,1.5493128299713135,1.0,0.0,962.0,Offenbach,20230314
678,1R,Low,3.0,3.0,0.0,0.0,self,1.033080816268921,1.0,1.0,963.0,Offenbach,20230314
679,1R,Low,2.0,2.0,0.0,0.0,self,1.0001518726348877,1.0,2.0,964.0,Offenbach,20230314
680,1R,Low,1.0,1.0,0.0,0.0,self,0.9827871322631836,1.0,3.0,965.0,Offenbach,20230314
681,1R,Low,4.0,4.0,0.0,0.0,self,0.999990701675415,1.0,4.0,966.0,Offenbach,20230314
682,1R,Low,4.0,4.0,0.0,0.0,self,1.09987473487854,1.0,5.0,967.0,Offenbach,20230314
683,1R,Low,1.0,1.0,0.0,0.0,self,1.0505590438842773,1.0,6.0,968.0,Offenbach,20230314
684,1R,Low,2.0,2.0,0.0,0.0,self,0.9991638660430908,1.0,7.0,969.0,Offenbach,20230314
685,1R,Low,4.0,4.0,0.0,0.0,self,1.1496429443359375,1.0,8.0,970.0,Offenbach,20230314
686,1R,Low,1.0,1.0,0.0,0.0,self,1.2671639919281006,1.0,9.0,971.0,Offenbach,20230314
687,1R,Low,4.0,4.0,0.0,0.0,self,1.0161957740783691,1.0,10.0,972.0,Offenbach,20230314
688,1R,Low,1.0,1.0,0.0,0.0,self,1.1160171031951904,1.0,0.0,977.0,Offenbach,20230314
689,1R,Low,8.0,8.0,0.0,0.0,self,0.9997899532318115,1.0,1.0,978.0,Offenbach,20230314
690,1R,Low,2.0,2.0,0.0,0.0,self,0.9834048748016357,1.0,2.0,979.0,Offenbach,20230314
691,1R,Low,3.0,3.0,0.0,0.0,self,1.016340970993042,1.0,3.0,980.0,Offenbach,20230314
692,1R,Low,2.0,2.0,0.0,0.0,self,1.1154789924621582,1.0,5.0,982.0,Offenbach,20230314
693,1R,Low,1.0,1.0,0.0,0.0,self,2.2661519050598145,1.0,7.0,984.0,Offenbach,20230314
694,1R,Low,7.0,7.0,0.0,0.0,self,1.367579698562622,1.0,8.0,985.0,Offenbach,20230314
695,1R,Low,7.0,7.0,0.0,1.0,self,1.1999461650848389,-1.0,9.0,986.0,Offenbach,20230314
696,1R,Low,2.0,2.0,0.0,0.0,self,1.166426658630371,1.0,0.0,988.0,Offenbach,20230314
697,1R,Low,1.0,1.0,0.0,0.0,self,1.1498401165008545,1.0,1.0,989.0,Offenbach,20230314
698,1R,Low,2.0,2.0,0.0,0.0,self,0.9996950626373291,1.0,2.0,990.0,Offenbach,20230314
699,1R,Low,1.0,1.0,0.0,0.0,self,0.9828362464904785,1.0,3.0,991.0,Offenbach,20230314
700,1R,Low,1.0,1.0,0.0,0.0,self,1.2830390930175781,1.0,4.0,992.0,Offenbach,20230314
701,1R,Low,1.0,1.0,0.0,0.0,self,1.7164390087127686,1.0,5.0,993.0,Offenbach,20230314
702,1R,Low,2.0,2.0,0.0,0.0,self,2.9336819648742676,1.0,6.0,994.0,Offenbach,20230314
703,1R,Low,2.0,2.0,0.0,0.0,self,1.2157559394836426,1.0,7.0,995.0,Offenbach,20230314
704,1R,Low,6.0,6.0,0.0,0.0,self,2.266282081604004,1.0,8.0,996.0,Offenbach,20230314
705,1R,Low,3.0,3.0,0.0,1.0,self,1.8830158710479736,-1.0,9.0,997.0,Offenbach,20230314
706,1R,Low,3.0,3.0,0.0,0.0,self,1.0319020748138428,1.0,0.0,1000.0,Offenbach,20230314
707,1R,Low,6.0,6.0,0.0,0.0,self,1.1498658657073975,1.0,4.0,1004.0,Offenbach,20230314
708,1R,Low,7.0,7.0,0.0,0.0,self,2.3991737365722656,1.0,5.0,1005.0,Offenbach,20230314
709,1R,Low,1.0,1.0,0.0,0.0,self,1.2165751457214355,1.0,6.0,1006.0,Offenbach,20230314
710,1R,Low,5.0,5.0,0.0,0.0,self,1.2986540794372559,1.0,7.0,1007.0,Offenbach,20230314
711,1R,Low,7.0,7.0,0.0,0.0,self,1.6500370502471924,1.0,8.0,1008.0,Offenbach,20230314
712,1R,Low,1.0,1.0,0.0,0.0,self,1.0326201915740967,1.0,11.0,1011.0,Offenbach,20230314
713,1R,Med,10.0,10.0,0.0,0.0,self,1.6496598720550537,1.0,12.0,1012.0,Offenbach,20230314
714,1R,Low,5.0,5.0,0.0,0.0,self,1.0653510093688965,1.0,13.0,1013.0,Offenbach,20230314
715,1R,Low,6.0,6.0,0.0,0.0,self,1.2996323108673096,1.0,14.0,1014.0,Offenbach,20230314
716,1R,Low,2.0,2.0,0.0,0.0,self,1.1668727397918701,1.0,15.0,1015.0,Offenbach,20230314
717,1R,Med,10.0,10.0,0.0,0.0,self,3.0827159881591797,1.0,16.0,1016.0,Offenbach,20230314
718,1R,Low,7.0,7.0,0.0,0.0,self,1.432765007019043,1.0,17.0,1017.0,Offenbach,20230314
719,1R,Low,1.0,1.0,0.0,1.0,self,1.4487040042877197,-1.0,18.0,1018.0,Offenbach,20230314
720,1R,Low,1.0,1.0,0.0,0.0,self,1.0675382614135742,1.0,0.0,1023.0,Offenbach,20230314
721,1R,Low,1.0,1.0,0.0,0.0,self,0.9834108352661133,1.0,2.0,1025.0,Offenbach,20230314
722,1R,Low,8.0,8.0,0.0,0.0,self,1.5184078216552734,1.0,3.0,1026.0,Offenbach,20230314
723,1R,Low,6.0,6.0,0.0,0.0,self,1.2334718704223633,1.0,4.0,1027.0,Offenbach,20230314
724,1R,Med,9.0,9.0,0.0,0.0,self,1.0836012363433838,1.0,5.0,1028.0,Offenbach,20230314
725,1R,Low,3.0,3.0,0.0,1.0,self,1.0000731945037842,-1.0,6.0,1029.0,Offenbach,20230314
726,1R,Low,4.0,4.0,0.0,0.0,self,0.982872724533081,1.0,0.0,1031.0,Offenbach,20230314
727,1R,Low,3.0,3.0,0.0,0.0,self,0.9829540252685547,1.0,2.0,1033.0,Offenbach,20230314
728,1R,Low,3.0,3.0,0.0,0.0,self,1.1826159954071045,1.0,3.0,1034.0,Offenbach,20230314
729,1R,Low,2.0,2.0,0.0,0.0,self,1.0836877822875977,1.0,4.0,1035.0,Offenbach,20230314
730,1R,Low,1.0,1.0,0.0,0.0,self,1.049665927886963,1.0,5.0,1036.0,Offenbach,20230314
731,1R,Med,9.0,9.0,0.0,0.0,self,1.0501229763031006,1.0,6.0,1037.0,Offenbach,20230314
732,1R,Low,6.0,6.0,0.0,0.0,self,1.1999928951263428,1.0,7.0,1038.0,Offenbach,20230314
733,1R,Low,1.0,1.0,0.0,0.0,self,1.1492688655853271,1.0,8.0,1039.0,Offenbach,20230314
734,1R,Med,11.0,11.0,0.0,0.0,self,1.1160881519317627,1.0,9.0,1040.0,Offenbach,20230314
735,1R,Low,1.0,1.0,0.0,0.0,self,0.9834940433502197,1.0,10.0,1041.0,Offenbach,20230314
736,1R,Low,2.0,2.0,0.0,1.0,self,0.983051061630249,-1.0,11.0,1042.0,Offenbach,20230314
737,1R,Low,8.0,8.0,0.0,0.0,self,0.9999597072601318,1.0,0.0,1044.0,Offenbach,20230314
738,1R,Low,8.0,8.0,0.0,0.0,self,1.1000161170959473,1.0,1.0,1045.0,Offenbach,20230314
739,1R,Low,1.0,1.0,0.0,0.0,self,0.9999768733978271,1.0,2.0,1046.0,Offenbach,20230314
740,1R,Med,9.0,9.0,0.0,0.0,self,0.9831042289733887,1.0,3.0,1047.0,Offenbach,20230314
741,1R,Low,3.0,3.0,0.0,0.0,self,1.1159412860870361,1.0,4.0,1048.0,Offenbach,20230314
742,1R,Low,8.0,8.0,0.0,0.0,self,1.0996017456054688,1.0,5.0,1049.0,Offenbach,20230314
743,1R,Low,3.0,3.0,0.0,0.0,self,1.0332939624786377,1.0,6.0,1050.0,Offenbach,20230314
744,1R,Low,6.0,6.0,0.0,0.0,self,1.0506560802459717,1.0,7.0,1051.0,Offenbach,20230314
745,1R,Med,11.0,11.0,0.0,0.0,self,1.0494420528411865,1.0,9.0,1053.0,Offenbach,20230314
746,1R,Low,4.0,4.0,0.0,0.0,self,0.9832689762115479,1.0,10.0,1054.0,Offenbach,20230314
747,1R,Low,1.0,1.0,0.0,0.0,self,0.9997150897979736,1.0,0.0,1058.0,Offenbach,20230314
748,1R,Low,4.0,4.0,0.0,0.0,self,1.048741102218628,1.0,1.0,1059.0,Offenbach,20230314
749,1R,High,12.0,12.0,0.0,0.0,self,1.2499349117279053,1.0,2.0,1060.0,Offenbach,20230314
750,1R,Low,6.0,6.0,0.0,0.0,self,1.1165602207183838,1.0,3.0,1061.0,Offenbach,20230314
0,1NR,High,12.0,12.0,1.0,0.0,self,1.534365177154541,-1.0,2.0,4.0,Offenbach,20230314
1,1NR,Med,11.0,11.0,1.0,0.0,self,1.365800142288208,-1.0,15.0,17.0,Offenbach,20230314
2,1NR,High,12.0,12.0,1.0,1.0,self,1.1824450492858887,1.0,19.0,21.0,Offenbach,20230314
3,1NR,Med,10.0,10.0,0.0,0.0,self,1.1838247776031494,1.0,1.0,23.0,Offenbach,20230314
4,1NR,Med,10.0,10.0,1.0,0.0,self,1.4649980068206787,-1.0,5.0,27.0,Offenbach,20230314
5,1NR,Med,10.0,10.0,1.0,1.0,self,1.24953293800354,1.0,16.0,38.0,Offenbach,20230314
6,1NR,Med,11.0,11.0,1.0,0.0,self,1.1997771263122559,-1.0,7.0,46.0,Offenbach,20230314
7,1NR,Med,11.0,11.0,0.0,0.0,self,1.0333938598632812,1.0,1.0,54.0,Offenbach,20230314
8,1NR,High,12.0,12.0,1.0,0.0,self,2.3488590717315674,-1.0,4.0,57.0,Offenbach,20230314
9,1NR,Med,11.0,11.0,0.0,0.0,self,0.9824769496917725,1.0,10.0,63.0,Offenbach,20230314
10,1NR,High,13.0,13.0,0.0,1.0,self,3.6992998123168945,-1.0,25.0,78.0,Offenbach,20230314
11,1NR,High,12.0,12.0,0.0,0.0,self,1.3168351650238037,1.0,2.0,83.0,Offenbach,20230314
12,1NR,Med,11.0,11.0,0.0,0.0,self,1.066803216934204,1.0,5.0,86.0,Offenbach,20230314
13,1NR,Med,10.0,10.0,1.0,1.0,self,2.282395839691162,1.0,8.0,89.0,Offenbach,20230314
14,1NR,High,14.0,14.0,1.0,1.0,self,1.249817132949829,1.0,14.0,104.0,Offenbach,20230314
15,1NR,High,12.0,12.0,0.0,0.0,self,1.7164051532745361,1.0,3.0,108.0,Offenbach,20230314
16,1NR,Med,11.0,11.0,1.0,1.0,self,1.2998650074005127,1.0,11.0,116.0,Offenbach,20230314
17,1NR,High,12.0,12.0,0.0,0.0,self,1.2828419208526611,1.0,3.0,120.0,Offenbach,20230314
18,1NR,High,14.0,14.0,0.0,0.0,self,1.5655908584594727,1.0,6.0,123.0,Offenbach,20230314
19,1NR,Med,9.0,9.0,1.0,0.0,self,2.8155930042266846,-1.0,10.0,127.0,Offenbach,20230314
20,1NR,Med,9.0,9.0,1.0,1.0,self,2.099269151687622,1.0,14.0,131.0,Offenbach,20230314
21,1NR,High,12.0,12.0,0.0,0.0,self,1.349599838256836,1.0,1.0,134.0,Offenbach,20230314
22,1NR,Med,11.0,11.0,1.0,0.0,self,2.666748046875,-1.0,6.0,139.0,Offenbach,20230314
23,1NR,High,12.0,12.0,1.0,0.0,self,2.548462152481079,-1.0,11.0,153.0,Offenbach,20230314
24,1NR,Low,8.0,8.0,1.0,1.0,self,1.21793794631958,1.0,11.0,166.0,Offenbach,20230314
25,1NR,High,12.0,12.0,0.0,0.0,self,1.5492942333221436,1.0,3.0,170.0,Offenbach,20230314
26,1NR,Med,9.0,9.0,1.0,0.0,self,1.2164359092712402,-1.0,14.0,181.0,Offenbach,20230314
27,1NR,High,12.0,12.0,1.0,0.0,self,1.7835419178009033,-1.0,8.0,191.0,Offenbach,20230314
28,1NR,Med,10.0,10.0,1.0,1.0,self,2.2665300369262695,1.0,14.0,197.0,Offenbach,20230314
29,1NR,High,13.0,13.0,0.0,0.0,self,1.6671721935272217,1.0,3.0,201.0,Offenbach,20230314
30,1NR,Med,10.0,10.0,1.0,0.0,self,1.3007349967956543,-1.0,10.0,208.0,Offenbach,20230314
31,1NR,Med,10.0,10.0,1.0,1.0,self,1.566420078277588,1.0,11.0,234.0,Offenbach,20230314
32,1NR,High,14.0,14.0,1.0,0.0,self,1.1158208847045898,-1.0,6.0,241.0,Offenbach,20230314
33,1NR,High,12.0,12.0,1.0,1.0,self,1.0335590839385986,1.0,11.0,246.0,Offenbach,20230314
34,1NR,Med,10.0,10.0,1.0,1.0,self,1.5996060371398926,1.0,10.0,257.0,Offenbach,20230314
35,1NR,High,13.0,13.0,0.0,0.0,self,1.0826618671417236,1.0,1.0,259.0,Offenbach,20230314
36,1NR,High,13.0,13.0,1.0,0.0,self,1.116487979888916,-1.0,10.0,268.0,Offenbach,20230314
37,1NR,Low,8.0,8.0,0.0,0.0,self,1.300926923751831,1.0,2.0,272.0,Offenbach,20230314
38,1NR,Med,11.0,11.0,1.0,1.0,self,0.9831900596618652,1.0,10.0,280.0,Offenbach,20230314
39,1NR,High,14.0,14.0,1.0,0.0,self,1.8172111511230469,-1.0,9.0,290.0,Offenbach,20230314
40,1NR,High,14.0,14.0,1.0,0.0,self,1.0830039978027344,-1.0,4.0,299.0,Offenbach,20230314
41,1NR,Med,11.0,11.0,1.0,1.0,self,1.5167961120605469,1.0,10.0,305.0,Offenbach,20230314
42,1NR,High,12.0,12.0,1.0,1.0,self,1.2334308624267578,1.0,15.0,322.0,Offenbach,20230314
43,1NR,Med,11.0,11.0,0.0,0.0,self,1.1997010707855225,1.0,5.0,328.0,Offenbach,20230314
44,1NR,Med,11.0,11.0,1.0,1.0,self,1.115630865097046,1.0,10.0,333.0,Offenbach,20230314
45,1NR,Low,7.0,7.0,0.0,0.0,self,1.7664289474487305,1.0,2.0,336.0,Offenbach,20230314
46,1NR,High,14.0,14.0,0.0,0.0,self,0.9994661808013916,1.0,6.0,340.0,Offenbach,20230314
47,1NR,Med,11.0,11.0,1.0,1.0,self,1.4499189853668213,1.0,10.0,344.0,Offenbach,20230314
48,1NR,Med,11.0,11.0,0.0,0.0,self,1.0990958213806152,1.0,1.0,346.0,Offenbach,20230314
49,1NR,Med,11.0,11.0,0.0,0.0,self,1.0168530941009521,1.0,5.0,350.0,Offenbach,20230314
50,1NR,Med,9.0,9.0,1.0,1.0,self,1.54976224899292,1.0,14.0,359.0,Offenbach,20230314
51,1NR,High,12.0,12.0,0.0,0.0,self,1.0336246490478516,1.0,1.0,361.0,Offenbach,20230314
52,1NR,High,12.0,12.0,1.0,1.0,self,1.715935230255127,1.0,10.0,370.0,Offenbach,20230314
53,1NR,Med,9.0,9.0,0.0,0.0,self,1.2162339687347412,1.0,1.0,373.0,Offenbach,20230314
54,1NR,Med,10.0,10.0,1.0,1.0,self,2.9331932067871094,1.0,8.0,380.0,Offenbach,20230314
55,1NR,High,14.0,14.0,1.0,0.0,self,1.0495061874389648,-1.0,4.0,385.0,Offenbach,20230314
56,1NR,High,12.0,12.0,1.0,1.0,self,1.5822029113769531,1.0,12.0,393.0,Offenbach,20230314
57,1NR,High,13.0,13.0,1.0,1.0,self,0.9994401931762695,1.0,10.0,404.0,Offenbach,20230314
58,1NR,Med,10.0,10.0,1.0,1.0,self,1.7829680442810059,1.0,10.0,415.0,Offenbach,20230314
59,1NR,Med,11.0,11.0,0.0,0.0,self,0.983238935470581,1.0,5.0,423.0,Offenbach,20230314
60,1NR,High,12.0,12.0,1.0,1.0,self,1.2160100936889648,1.0,11.0,429.0,Offenbach,20230314
61,1NR,High,12.0,12.0,1.0,1.0,self,1.0991241931915283,1.0,11.0,442.0,Offenbach,20230314
62,1NR,High,13.0,13.0,0.0,0.0,self,0.981921911239624,1.0,1.0,444.0,Offenbach,20230314
63,1NR,Med,10.0,10.0,0.0,0.0,self,1.316329002380371,1.0,3.0,446.0,Offenbach,20230314
64,1NR,Med,10.0,10.0,0.0,1.0,self,0.9825940132141113,-1.0,10.0,453.0,Offenbach,20230314
65,1NR,High,13.0,13.0,0.0,0.0,self,0.9826900959014893,1.0,5.0,460.0,Offenbach,20230314
66,1NR,Med,11.0,11.0,0.0,0.0,self,1.1990890502929688,1.0,8.0,463.0,Offenbach,20230314
67,1NR,Med,10.0,10.0,1.0,1.0,self,1.2504119873046875,1.0,12.0,467.0,Offenbach,20230314
68,1NR,High,12.0,12.0,0.0,0.0,self,1.0166409015655518,1.0,4.0,472.0,Offenbach,20230314
69,1NR,Med,11.0,11.0,1.0,1.0,self,0.9822478294372559,1.0,11.0,479.0,Offenbach,20230314
70,1NR,High,12.0,12.0,0.0,0.0,self,0.9828948974609375,1.0,5.0,485.0,Offenbach,20230314
71,1NR,Med,10.0,10.0,1.0,0.0,self,1.4833738803863525,-1.0,8.0,488.0,Offenbach,20230314
72,1NR,High,13.0,13.0,1.0,0.0,self,2.3832409381866455,-1.0,6.0,496.0,Offenbach,20230314
73,1NR,Med,10.0,10.0,0.0,0.0,self,1.6169781684875488,1.0,12.0,502.0,Offenbach,20230314
74,1NR,High,13.0,13.0,0.0,0.0,self,0.9825811386108398,1.0,1.0,510.0,Offenbach,20230314
75,1NR,High,12.0,12.0,1.0,0.0,self,0.9822099208831787,-1.0,6.0,515.0,Offenbach,20230314
76,1NR,Med,9.0,9.0,0.0,1.0,self,1.0160679817199707,-1.0,16.0,525.0,Offenbach,20230314
77,1NR,High,12.0,12.0,0.0,0.0,self,1.3331289291381836,1.0,5.0,532.0,Offenbach,20230314
78,1NR,High,12.0,12.0,1.0,1.0,self,1.6490349769592285,1.0,12.0,539.0,Offenbach,20230314
79,1NR,Med,10.0,10.0,0.0,0.0,self,0.9990842342376709,1.0,3.0,543.0,Offenbach,20230314
80,1NR,High,13.0,13.0,0.0,0.0,self,0.9827399253845215,1.0,7.0,547.0,Offenbach,20230314
81,1NR,High,12.0,12.0,1.0,1.0,self,1.0163640975952148,1.0,11.0,551.0,Offenbach,20230314
82,1NR,Low,8.0,8.0,0.0,0.0,self,2.299537181854248,1.0,6.0,558.0,Offenbach,20230314
83,1NR,High,12.0,12.0,1.0,1.0,self,1.0672829151153564,1.0,10.0,562.0,Offenbach,20230314
84,1NR,Med,10.0,10.0,1.0,1.0,self,0.9822189807891846,1.0,10.0,573.0,Offenbach,20230314
85,1NR,High,13.0,13.0,0.0,0.0,self,1.2489628791809082,1.0,4.0,578.0,Offenbach,20230314
86,1NR,High,14.0,14.0,0.0,0.0,self,1.082880973815918,1.0,16.0,590.0,Offenbach,20230314
87,1NR,High,13.0,13.0,1.0,1.0,self,1.0160369873046875,1.0,19.0,593.0,Offenbach,20230314
88,1NR,Med,10.0,10.0,0.0,0.0,self,1.0494940280914307,1.0,1.0,595.0,Offenbach,20230314
89,1NR,Med,10.0,10.0,0.0,0.0,self,1.3996751308441162,1.0,5.0,599.0,Offenbach,20230314
90,1NR,Med,10.0,10.0,1.0,1.0,self,1.19964599609375,1.0,10.0,604.0,Offenbach,20230314
91,1NR,High,14.0,14.0,0.0,0.0,self,1.1000878810882568,1.0,1.0,606.0,Offenbach,20230314
92,1NR,Low,7.0,7.0,0.0,0.0,self,1.1827619075775146,1.0,5.0,610.0,Offenbach,20230314
93,1NR,Med,11.0,11.0,1.0,0.0,self,2.766624927520752,-1.0,7.0,612.0,Offenbach,20230314
94,1NR,High,15.0,15.0,1.0,0.0,self,1.1666600704193115,-1.0,8.0,626.0,Offenbach,20230314
95,1NR,Med,10.0,10.0,0.0,1.0,self,1.8174428939819336,-1.0,16.0,634.0,Offenbach,20230314
96,1NR,High,13.0,13.0,1.0,1.0,self,1.5331909656524658,1.0,9.0,645.0,Offenbach,20230314
97,1NR,High,14.0,14.0,0.0,1.0,self,1.0332210063934326,-1.0,10.0,657.0,Offenbach,20230314
98,1NR,High,13.0,13.0,1.0,0.0,self,1.332432746887207,-1.0,4.0,664.0,Offenbach,20230314
99,1NR,Med,10.0,10.0,1.0,1.0,self,0.9991109371185303,1.0,11.0,671.0,Offenbach,20230314
100,1NR,High,12.0,12.0,0.0,0.0,self,1.017160177230835,1.0,3.0,675.0,Offenbach,20230314
101,1NR,High,13.0,13.0,1.0,1.0,self,1.5497798919677734,1.0,10.0,682.0,Offenbach,20230314
102,1NR,High,13.0,13.0,1.0,1.0,self,1.032771110534668,1.0,13.0,696.0,Offenbach,20230314
103,1NR,Med,11.0,11.0,1.0,0.0,self,1.2831308841705322,-1.0,7.0,704.0,Offenbach,20230314
104,1NR,High,12.0,12.0,1.0,0.0,self,1.4162092208862305,-1.0,10.0,707.0,Offenbach,20230314
105,1NR,High,12.0,12.0,1.0,1.0,self,2.349560022354126,1.0,15.0,712.0,Offenbach,20230314
106,1NR,Med,11.0,11.0,1.0,0.0,self,1.032689094543457,-1.0,9.0,722.0,Offenbach,20230314
107,1NR,Med,11.0,11.0,0.0,0.0,self,1.8823750019073486,1.0,3.0,728.0,Offenbach,20230314
108,1NR,Med,10.0,10.0,1.0,0.0,self,4.866717100143433,-1.0,5.0,730.0,Offenbach,20230314
109,1NR,High,12.0,12.0,0.0,1.0,self,1.4331347942352295,-1.0,10.0,735.0,Offenbach,20230314
110,1NR,Med,11.0,11.0,1.0,0.0,self,1.6326029300689697,-1.0,6.0,743.0,Offenbach,20230314
111,1NR,High,13.0,13.0,0.0,0.0,self,1.2825541496276855,1.0,15.0,752.0,Offenbach,20230314
112,1NR,Med,10.0,10.0,1.0,1.0,self,1.9323902130126953,1.0,22.0,759.0,Offenbach,20230314
113,1NR,High,13.0,13.0,0.0,0.0,self,1.0327112674713135,1.0,11.0,771.0,Offenbach,20230314
114,1NR,High,13.0,13.0,0.0,1.0,self,0.9997727870941162,-1.0,17.0,777.0,Offenbach,20230314
115,1NR,High,12.0,12.0,0.0,0.0,self,1.4155290126800537,1.0,1.0,780.0,Offenbach,20230314
116,1NR,Low,8.0,8.0,1.0,1.0,self,0.9997258186340332,1.0,9.0,788.0,Offenbach,20230314
117,1NR,High,12.0,12.0,0.0,0.0,self,0.9835338592529297,1.0,3.0,792.0,Offenbach,20230314
118,1NR,Med,11.0,11.0,0.0,0.0,self,1.3330857753753662,1.0,5.0,794.0,Offenbach,20230314
119,1NR,Med,11.0,11.0,1.0,0.0,self,1.2331860065460205,-1.0,7.0,796.0,Offenbach,20230314
120,1NR,Med,10.0,10.0,0.0,1.0,self,1.049340009689331,-1.0,10.0,799.0,Offenbach,20230314
121,1NR,Med,11.0,11.0,1.0,0.0,self,1.1332511901855469,-1.0,6.0,807.0,Offenbach,20230314
122,1NR,Med,9.0,9.0,1.0,1.0,self,3.6322648525238037,1.0,15.0,816.0,Offenbach,20230314
123,1NR,Med,11.0,11.0,0.0,0.0,self,1.0842170715332031,1.0,8.0,825.0,Offenbach,20230314
124,1NR,Low,8.0,8.0,1.0,0.0,self,1.6169202327728271,-1.0,10.0,827.0,Offenbach,20230314
125,1NR,Med,11.0,11.0,0.0,1.0,self,1.0332958698272705,-1.0,14.0,831.0,Offenbach,20230314
126,1NR,Med,10.0,10.0,0.0,0.0,self,0.983241081237793,1.0,7.0,841.0,Offenbach,20230314
127,1NR,Med,11.0,11.0,1.0,1.0,self,1.1154649257659912,1.0,11.0,845.0,Offenbach,20230314
128,1NR,Med,10.0,10.0,0.0,0.0,self,1.1656370162963867,1.0,9.0,855.0,Offenbach,20230314
129,1NR,Low,5.0,5.0,1.0,1.0,self,4.248686075210571,1.0,11.0,857.0,Offenbach,20230314
130,1NR,High,12.0,12.0,1.0,0.0,self,1.2490670680999756,-1.0,2.0,864.0,Offenbach,20230314
131,1NR,High,12.0,12.0,1.0,1.0,self,1.066885232925415,1.0,7.0,869.0,Offenbach,20230314
132,1NR,Med,10.0,10.0,0.0,0.0,self,1.4001197814941406,1.0,4.0,874.0,Offenbach,20230314
133,1NR,Med,10.0,10.0,1.0,0.0,self,1.6981470584869385,-1.0,10.0,880.0,Offenbach,20230314
134,1NR,Med,10.0,10.0,0.0,0.0,self,2.249380111694336,1.0,9.0,892.0,Offenbach,20230314
135,1NR,Med,11.0,11.0,0.0,0.0,self,1.0151238441467285,1.0,2.0,899.0,Offenbach,20230314
136,1NR,Med,10.0,10.0,1.0,0.0,self,1.7832880020141602,-1.0,4.0,901.0,Offenbach,20230314
137,1NR,Low,7.0,7.0,1.0,1.0,self,0.9842040538787842,1.0,12.0,909.0,Offenbach,20230314
138,1NR,High,12.0,12.0,0.0,0.0,self,0.9844191074371338,1.0,3.0,913.0,Offenbach,20230314
139,1NR,High,12.0,12.0,1.0,0.0,self,1.1998600959777832,-1.0,6.0,916.0,Offenbach,20230314
140,1NR,High,13.0,13.0,1.0,1.0,self,1.0658349990844727,1.0,12.0,922.0,Offenbach,20230314
141,1NR,Med,10.0,10.0,0.0,0.0,self,0.9990861415863037,1.0,2.0,925.0,Offenbach,20230314
142,1NR,Med,10.0,10.0,1.0,0.0,self,0.9828510284423828,-1.0,7.0,930.0,Offenbach,20230314
143,1NR,Med,11.0,11.0,1.0,1.0,self,1.4500072002410889,1.0,12.0,935.0,Offenbach,20230314
144,1NR,High,12.0,12.0,0.0,1.0,self,0.9829280376434326,-1.0,6.0,947.0,Offenbach,20230314
145,1NR,High,12.0,12.0,0.0,0.0,self,0.9819090366363525,1.0,2.0,951.0,Offenbach,20230314
146,1NR,High,13.0,13.0,0.0,0.0,self,0.9999241828918457,1.0,5.0,954.0,Offenbach,20230314
147,1NR,High,12.0,12.0,1.0,1.0,self,3.116424083709717,1.0,12.0,961.0,Offenbach,20230314
148,1NR,Med,11.0,11.0,1.0,0.0,self,1.1160850524902344,-1.0,11.0,973.0,Offenbach,20230314
149,1NR,High,12.0,12.0,0.0,0.0,self,1.2665910720825195,1.0,4.0,981.0,Offenbach,20230314
150,1NR,Med,10.0,10.0,0.0,0.0,self,0.9827389717102051,1.0,6.0,983.0,Offenbach,20230314
151,1NR,Low,7.0,7.0,1.0,1.0,self,1.4990839958190918,1.0,10.0,987.0,Offenbach,20230314
152,1NR,Med,9.0,9.0,0.0,1.0,self,1.5159740447998047,-1.0,10.0,998.0,Offenbach,20230314
153,1NR,Low,8.0,8.0,0.0,0.0,self,1.3664019107818604,1.0,1.0,1001.0,Offenbach,20230314
154,1NR,Med,9.0,9.0,1.0,0.0,self,1.6844358444213867,-1.0,9.0,1009.0,Offenbach,20230314
155,1NR,Med,9.0,9.0,1.0,1.0,self,2.1993658542633057,1.0,19.0,1019.0,Offenbach,20230314
156,1NR,High,12.0,12.0,0.0,0.0,self,1.366621971130371,1.0,1.0,1024.0,Offenbach,20230314
157,1NR,Med,11.0,11.0,1.0,1.0,self,1.082474946975708,1.0,7.0,1030.0,Offenbach,20230314
158,1NR,Med,11.0,11.0,0.0,0.0,self,0.9822390079498291,1.0,1.0,1032.0,Offenbach,20230314
159,1NR,Med,11.0,11.0,1.0,1.0,self,1.14963698387146,1.0,12.0,1043.0,Offenbach,20230314
160,1NR,High,12.0,12.0,0.0,0.0,self,1.1659917831420898,1.0,8.0,1052.0,Offenbach,20230314
161,1NR,Med,10.0,10.0,1.0,0.0,self,1.0161101818084717,-1.0,11.0,1055.0,Offenbach,20230314
0,2NR,Med,11.0,11.0,1.0,1.0,self,1.0159389972686768,1.0,26.0,79.0,Offenbach,20230314
1,2NR,Med,11.0,11.0,1.0,0.0,self,1.3163042068481445,-1.0,4.0,171.0,Offenbach,20230314
2,2NR,Med,10.0,10.0,0.0,0.0,self,2.248595952987671,1.0,4.0,202.0,Offenbach,20230314
3,2NR,Med,11.0,11.0,1.0,0.0,self,1.0330088138580322,-1.0,6.0,329.0,Offenbach,20230314
4,2NR,Med,11.0,11.0,1.0,0.0,self,1.1166880130767822,-1.0,2.0,374.0,Offenbach,20230314
5,2NR,Low,8.0,8.0,1.0,0.0,self,1.1835289001464844,-1.0,4.0,447.0,Offenbach,20230314
6,2NR,Med,10.0,10.0,1.0,1.0,self,1.165482997894287,1.0,11.0,454.0,Offenbach,20230314
7,2NR,Med,10.0,10.0,1.0,0.0,self,1.316066026687622,-1.0,13.0,503.0,Offenbach,20230314
8,2NR,Med,9.0,9.0,1.0,1.0,self,2.5842957496643066,1.0,17.0,526.0,Offenbach,20230314
9,2NR,High,12.0,12.0,0.0,0.0,self,1.0661170482635498,1.0,4.0,544.0,Offenbach,20230314
10,2NR,Med,10.0,10.0,1.0,0.0,self,1.4663069248199463,-1.0,5.0,579.0,Offenbach,20230314
11,2NR,High,12.0,12.0,1.0,1.0,self,0.9828479290008545,1.0,17.0,635.0,Offenbach,20230314
12,2NR,Med,10.0,10.0,0.0,1.0,self,1.0001049041748047,-1.0,11.0,658.0,Offenbach,20230314
13,2NR,Med,9.0,9.0,1.0,1.0,self,1.0839369297027588,1.0,11.0,736.0,Offenbach,20230314
14,2NR,Med,9.0,9.0,1.0,0.0,self,1.2002439498901367,-1.0,12.0,772.0,Offenbach,20230314
15,2NR,High,12.0,12.0,1.0,1.0,self,1.0335519313812256,1.0,18.0,778.0,Offenbach,20230314
16,2NR,Med,11.0,11.0,1.0,1.0,self,0.9995617866516113,1.0,11.0,800.0,Offenbach,20230314
17,2NR,Med,9.0,9.0,0.0,1.0,self,2.066383123397827,-1.0,15.0,832.0,Offenbach,20230314
18,2NR,Med,11.0,11.0,1.0,0.0,self,1.0827958583831787,-1.0,10.0,893.0,Offenbach,20230314
19,2NR,Med,11.0,11.0,1.0,1.0,self,0.9828510284423828,1.0,7.0,948.0,Offenbach,20230314
20,2NR,Med,9.0,9.0,1.0,1.0,self,1.2662770748138428,1.0,11.0,999.0,Offenbach,20230314
21,2NR,Low,7.0,7.0,0.0,0.0,self,0.9828119277954102,1.0,2.0,1002.0,Offenbach,20230314
0,3NR,High,13.0,13.0,1.0,1.0,self,1.2659120559692383,1.0,12.0,659.0,Offenbach,20230314
1,3NR,Med,11.0,11.0,1.0,1.0,self,1.1665370464324951,1.0,16.0,833.0,Offenbach,20230314
2,3NR,Low,0.0,0.0,0.0,0.0,self,2.7998738288879395,1.0,3.0,1003.0,Offenbach,20230314
