,Outcome,Performance,Performance_numerical,Gates_touched_total,Switches,Confidence,Objective_switches,Condition,Reaction_time,Corrects,Pos_in_block,trial_idx,subject,date
0,1R,Low,3.0,3.0,0.0,4.0,0.0,Actor,0.3644826412200928,1.0,0.0,1.0,AP,2021_09_09
1,1R,Low,2.0,2.0,0.0,4.0,0.0,Actor,0.33353376388549805,1.0,1.0,2.0,AP,2021_09_09
2,1R,Low,1.0,1.0,0.0,4.0,0.0,Actor,0.4152719974517822,1.0,3.0,4.0,AP,2021_09_09
3,1R,Low,7.0,7.0,0.0,4.0,0.0,Observer,1.165802001953125,1.0,4.0,5.0,AP,2021_09_09
4,1R,Low,1.0,1.0,0.0,4.0,0.0,Actor,0.382875919342041,1.0,5.0,6.0,AP,2021_09_09
5,1R,Low,2.0,2.0,0.0,4.0,0.0,Actor,0.39977097511291504,1.0,7.0,8.0,AP,2021_09_09
6,1R,Low,1.0,1.0,0.0,4.0,0.0,Actor,0.4164247512817383,1.0,8.0,9.0,AP,2021_09_09
7,1R,Low,3.0,3.0,0.0,4.0,0.0,Observer,0.4000520706176758,1.0,9.0,10.0,AP,2021_09_09
8,1R,Med,9.0,9.0,0.0,4.0,0.0,Observer,1.183237075805664,1.0,0.0,14.0,AP,2021_09_09
9,1R,Low,4.0,4.0,0.0,4.0,0.0,Observer,0.29961395263671875,1.0,1.0,15.0,AP,2021_09_09
10,1R,Low,7.0,7.0,0.0,4.0,0.0,Observer,0.2822120189666748,1.0,2.0,16.0,AP,2021_09_09
11,1R,Low,8.0,8.0,0.0,4.0,0.0,Actor,0.3660569190979004,1.0,3.0,17.0,AP,2021_09_09
12,1R,Low,3.0,3.0,0.0,4.0,0.0,Observer,0.49836111068725586,1.0,6.0,20.0,AP,2021_09_09
13,1R,Low,6.0,6.0,0.0,4.0,1.0,Observer,0.16732120513916016,0.0,8.0,22.0,AP,2021_09_09
14,1R,Med,9.0,9.0,0.0,4.0,0.0,Actor,0.3493199348449707,1.0,0.0,25.0,AP,2021_09_09
15,1R,Med,11.0,11.0,0.0,4.0,0.0,Actor,0.31679511070251465,1.0,1.0,26.0,AP,2021_09_09
16,1R,Low,2.0,2.0,0.0,4.0,0.0,Observer,0.08321094512939453,1.0,2.0,27.0,AP,2021_09_09
17,1R,Low,3.0,3.0,0.0,4.0,0.0,Observer,0.11611127853393555,1.0,3.0,28.0,AP,2021_09_09
18,1R,Low,4.0,4.0,0.0,4.0,0.0,Observer,0.01723504066467285,1.0,5.0,30.0,AP,2021_09_09
19,1R,Low,4.0,4.0,0.0,4.0,0.0,Observer,0.11582803726196289,1.0,6.0,31.0,AP,2021_09_09
20,1R,Low,3.0,3.0,0.0,4.0,0.0,Observer,0.01736593246459961,1.0,7.0,32.0,AP,2021_09_09
21,1R,Low,3.0,3.0,0.0,4.0,0.0,Observer,0.8654956817626953,1.0,9.0,34.0,AP,2021_09_09
22,1R,Low,8.0,8.0,0.0,4.0,1.0,Actor,0.24868988990783691,0.0,10.0,35.0,AP,2021_09_09
23,1R,Low,1.0,1.0,0.0,4.0,0.0,Actor-incongruent,0.33195996284484863,1.0,0.0,38.0,AP,2021_09_09
24,1R,Med,11.0,11.0,0.0,4.0,0.0,Actor,0.34801483154296875,1.0,1.0,39.0,AP,2021_09_09
25,1R,Low,6.0,6.0,0.0,4.0,0.0,Actor,0.4169290065765381,1.0,2.0,40.0,AP,2021_09_09
26,1R,Med,10.0,10.0,0.0,4.0,0.0,Actor,0.33214879035949707,1.0,3.0,41.0,AP,2021_09_09
27,1R,Low,5.0,5.0,0.0,4.0,0.0,Actor,0.19843769073486328,1.0,5.0,43.0,AP,2021_09_09
28,1R,Low,4.0,4.0,0.0,4.0,0.0,Observer,0.38276100158691406,1.0,6.0,44.0,AP,2021_09_09
29,1R,Low,5.0,5.0,0.0,4.0,0.0,Actor,0.38349103927612305,1.0,7.0,45.0,AP,2021_09_09
30,1R,Low,2.0,2.0,0.0,4.0,0.0,Observer,0.8986809253692627,1.0,9.0,47.0,AP,2021_09_09
31,1R,Low,3.0,3.0,0.0,4.0,1.0,Observer,0.2811279296875,0.0,10.0,48.0,AP,2021_09_09
32,1R,Low,2.0,2.0,0.0,4.0,0.0,Actor,0.09946393966674805,1.0,0.0,51.0,AP,2021_09_09
33,1R,Low,2.0,2.0,0.0,4.0,0.0,Observer,0.24980711936950684,1.0,1.0,52.0,AP,2021_09_09
34,1R,Low,7.0,7.0,0.0,4.0,0.0,Observer,0.0,1.0,2.0,53.0,AP,2021_09_09
35,1R,Low,2.0,2.0,0.0,4.0,0.0,Actor,0.01724982261657715,1.0,3.0,54.0,AP,2021_09_09
36,1R,Low,1.0,1.0,0.0,4.0,0.0,Actor,0.0,1.0,4.0,55.0,AP,2021_09_09
37,1R,Low,1.0,1.0,0.0,4.0,0.0,Actor,0.1825861930847168,1.0,5.0,56.0,AP,2021_09_09
38,1R,Low,1.0,1.0,0.0,4.0,1.0,Observer,0.282412052154541,0.0,9.0,60.0,AP,2021_09_09
39,1R,Low,2.0,2.0,0.0,4.0,0.0,Actor-incongruent,0.2824370861053467,1.0,0.0,66.0,AP,2021_09_09
40,1R,Low,7.0,7.0,0.0,4.0,0.0,Observer,0.21468591690063477,1.0,1.0,67.0,AP,2021_09_09
41,1R,Low,8.0,8.0,0.0,4.0,0.0,Observer,0.0,1.0,2.0,68.0,AP,2021_09_09
42,1R,Low,8.0,8.0,0.0,4.0,0.0,Actor,0.0,1.0,3.0,69.0,AP,2021_09_09
43,1R,Med,9.0,9.0,0.0,4.0,0.0,Actor,0.2828867435455322,1.0,4.0,70.0,AP,2021_09_09
44,1R,Low,6.0,6.0,0.0,4.0,0.0,Observer,0.14907598495483398,1.0,6.0,72.0,AP,2021_09_09
45,1R,Low,5.0,5.0,0.0,4.0,0.0,Actor,0.0,1.0,10.0,76.0,AP,2021_09_09
46,1R,Low,4.0,4.0,0.0,4.0,0.0,Observer,0.21618103981018066,1.0,11.0,77.0,AP,2021_09_09
47,1R,Low,3.0,3.0,0.0,4.0,0.0,Observer,0.1167449951171875,1.0,12.0,78.0,AP,2021_09_09
48,1R,Low,6.0,6.0,0.0,4.0,1.0,Actor,0.2319626808166504,0.0,14.0,80.0,AP,2021_09_09
49,1R,Low,4.0,4.0,0.0,4.0,0.0,Actor,0.3827052116394043,1.0,0.0,84.0,AP,2021_09_09
50,1R,Low,4.0,4.0,0.0,4.0,0.0,Observer,1.69989013671875,1.0,1.0,85.0,AP,2021_09_09
51,1R,Low,4.0,4.0,0.0,4.0,0.0,Observer,0.16558003425598145,1.0,2.0,86.0,AP,2021_09_09
52,1R,Low,2.0,2.0,0.0,4.0,0.0,Actor,0.6319739818572998,1.0,3.0,87.0,AP,2021_09_09
53,1R,Low,3.0,3.0,0.0,4.0,0.0,Observer,0.43176984786987305,1.0,4.0,88.0,AP,2021_09_09
54,1R,Low,4.0,4.0,0.0,4.0,0.0,Observer,0.18192410469055176,1.0,5.0,89.0,AP,2021_09_09
55,1R,Med,10.0,10.0,0.0,4.0,0.0,Actor,0.3496060371398926,1.0,6.0,90.0,AP,2021_09_09
56,1R,Low,6.0,6.0,0.0,4.0,1.0,Actor,2.015777826309204,0.0,8.0,92.0,AP,2021_09_09
57,1R,Low,2.0,2.0,0.0,4.0,0.0,Actor,0.0,1.0,0.0,98.0,AP,2021_09_09
58,1R,Low,1.0,1.0,0.0,4.0,0.0,Observer,0.4150710105895996,1.0,2.0,100.0,AP,2021_09_09
59,1R,Med,9.0,9.0,0.0,4.0,0.0,Observer-incongruent,0.24913287162780762,1.0,8.0,106.0,AP,2021_09_09
60,1R,Low,4.0,4.0,0.0,4.0,0.0,Observer,0.1651630401611328,1.0,9.0,107.0,AP,2021_09_09
61,1R,Low,3.0,3.0,0.0,4.0,1.0,Observer,0.8485710620880127,0.0,10.0,108.0,AP,2021_09_09
62,1R,Low,1.0,1.0,0.0,4.0,0.0,Actor,0.44937682151794434,1.0,0.0,112.0,AP,2021_09_09
63,1R,Low,2.0,2.0,0.0,4.0,0.0,Observer,0.4644501209259033,1.0,1.0,113.0,AP,2021_09_09
64,1R,Low,5.0,5.0,0.0,4.0,0.0,Actor,1.7815840244293213,1.0,2.0,114.0,AP,2021_09_09
65,1R,Low,3.0,3.0,0.0,4.0,0.0,Actor,0.3653879165649414,1.0,5.0,117.0,AP,2021_09_09
66,1R,High,13.0,13.0,0.0,4.0,1.0,Actor,0.3987588882446289,0.0,8.0,120.0,AP,2021_09_09
67,1R,Low,2.0,2.0,0.0,4.0,0.0,Actor,0.4982900619506836,1.0,0.0,124.0,AP,2021_09_09
68,1R,Low,5.0,5.0,0.0,4.0,0.0,Observer,0.6315429210662842,1.0,3.0,127.0,AP,2021_09_09
69,1R,Low,8.0,8.0,0.0,4.0,0.0,Observer,0.19926190376281738,1.0,4.0,128.0,AP,2021_09_09
70,1R,Low,5.0,5.0,0.0,4.0,0.0,Observer,0.7485666275024414,1.0,5.0,129.0,AP,2021_09_09
71,1R,Low,2.0,2.0,0.0,4.0,0.0,Actor,0.19855999946594238,1.0,7.0,131.0,AP,2021_09_09
72,1R,Low,7.0,7.0,0.0,4.0,0.0,Actor,0.44943881034851074,1.0,8.0,132.0,AP,2021_09_09
73,1R,Low,3.0,3.0,0.0,4.0,0.0,Observer,0.2158041000366211,1.0,9.0,133.0,AP,2021_09_09
74,1R,Low,5.0,5.0,0.0,4.0,0.0,Actor,0.06626296043395996,1.0,10.0,134.0,AP,2021_09_09
75,1R,Low,5.0,5.0,0.0,4.0,0.0,Actor,0.14729809761047363,1.0,11.0,135.0,AP,2021_09_09
76,1R,Low,5.0,5.0,0.0,4.0,0.0,Observer,0.6483099460601807,1.0,12.0,136.0,AP,2021_09_09
77,1R,Med,9.0,9.0,0.0,4.0,0.0,Actor,0.2819352149963379,1.0,13.0,137.0,AP,2021_09_09
78,1R,Low,7.0,7.0,0.0,4.0,0.0,Observer,0.33192014694213867,1.0,0.0,141.0,AP,2021_09_09
79,1R,Low,5.0,5.0,0.0,4.0,0.0,Actor,0.5653371810913086,1.0,1.0,142.0,AP,2021_09_09
80,1R,Low,2.0,2.0,0.0,4.0,0.0,Observer,0.24808025360107422,1.0,3.0,144.0,AP,2021_09_09
81,1R,Low,1.0,1.0,0.0,4.0,0.0,Observer,2.3653931617736816,1.0,5.0,146.0,AP,2021_09_09
82,1R,Low,4.0,4.0,0.0,4.0,0.0,Actor,1.8991260528564453,1.0,7.0,148.0,AP,2021_09_09
83,1R,Low,5.0,5.0,0.0,4.0,1.0,Actor,0.13146305084228516,0.0,8.0,149.0,AP,2021_09_09
84,1R,Low,2.0,2.0,0.0,4.0,0.0,Actor,0.4489409923553467,1.0,0.0,153.0,AP,2021_09_09
85,1R,Low,5.0,5.0,0.0,4.0,0.0,Actor,0.03304123878479004,1.0,1.0,154.0,AP,2021_09_09
86,1R,Med,10.0,10.0,0.0,4.0,0.0,Actor,0.3484959602355957,1.0,2.0,155.0,AP,2021_09_09
87,1R,Low,7.0,7.0,0.0,4.0,0.0,Actor,0.24850702285766602,1.0,3.0,156.0,AP,2021_09_09
88,1R,Low,1.0,1.0,0.0,4.0,0.0,Actor,0.4490947723388672,1.0,6.0,159.0,AP,2021_09_09
89,1R,Low,6.0,6.0,0.0,4.0,1.0,Actor,0.34870004653930664,0.0,7.0,160.0,AP,2021_09_09
90,1R,Low,3.0,3.0,0.0,4.0,0.0,Observer,0.29842567443847656,1.0,0.0,164.0,AP,2021_09_09
91,1R,Low,3.0,3.0,0.0,4.0,0.0,Observer,0.16478991508483887,1.0,1.0,165.0,AP,2021_09_09
92,1R,Low,2.0,2.0,0.0,4.0,0.0,Actor,0.13207387924194336,1.0,2.0,166.0,AP,2021_09_09
93,1R,Low,1.0,1.0,0.0,4.0,0.0,Actor,0.3993251323699951,1.0,3.0,167.0,AP,2021_09_09
94,1R,Low,5.0,5.0,0.0,4.0,0.0,Observer,0.06516909599304199,1.0,4.0,168.0,AP,2021_09_09
95,1R,Low,6.0,6.0,0.0,4.0,0.0,Observer,0.18126296997070312,1.0,6.0,170.0,AP,2021_09_09
96,1R,Low,4.0,4.0,0.0,4.0,0.0,Actor,0.4487640857696533,1.0,7.0,171.0,AP,2021_09_09
97,1R,Low,6.0,6.0,0.0,4.0,0.0,Actor,0.2987041473388672,1.0,8.0,172.0,AP,2021_09_09
98,1R,Low,3.0,3.0,0.0,4.0,0.0,Observer,0.04954385757446289,1.0,9.0,173.0,AP,2021_09_09
99,1R,Low,8.0,8.0,1.0,1.0,0.0,Actor,3.4824330806732178,0.0,10.0,174.0,AP,2021_09_09
100,1R,Low,5.0,5.0,0.0,4.0,0.0,Observer,0.4314289093017578,1.0,0.0,180.0,AP,2021_09_09
101,1R,High,12.0,12.0,0.0,4.0,0.0,Actor,0.36467909812927246,1.0,1.0,181.0,AP,2021_09_09
102,1R,Low,1.0,1.0,0.0,4.0,0.0,Observer,1.699416160583496,1.0,2.0,182.0,AP,2021_09_09
103,1R,Med,9.0,9.0,0.0,4.0,0.0,Actor,0.08240413665771484,1.0,3.0,183.0,AP,2021_09_09
104,1R,Low,4.0,4.0,0.0,4.0,0.0,Actor,0.2821660041809082,1.0,5.0,185.0,AP,2021_09_09
105,1R,Low,5.0,5.0,0.0,4.0,0.0,Observer,0.8148882389068604,1.0,6.0,186.0,AP,2021_09_09
106,1R,Low,1.0,1.0,0.0,4.0,0.0,Actor,0.3663208484649658,1.0,7.0,187.0,AP,2021_09_09
107,1R,High,15.0,15.0,0.0,4.0,0.0,Actor,0.31508302688598633,1.0,8.0,188.0,AP,2021_09_09
108,1R,Low,2.0,2.0,0.0,4.0,0.0,Observer,0.0,1.0,10.0,190.0,AP,2021_09_09
109,1R,Med,11.0,11.0,0.0,4.0,1.0,Observer,0.049037933349609375,0.0,11.0,191.0,AP,2021_09_09
110,1R,Med,10.0,10.0,0.0,4.0,0.0,Actor,0.4475126266479492,1.0,0.0,195.0,AP,2021_09_09
111,1R,Med,10.0,10.0,0.0,4.0,0.0,Actor,0.34894418716430664,1.0,2.0,197.0,AP,2021_09_09
112,1R,Low,5.0,5.0,0.0,4.0,0.0,Observer,0.4319620132446289,1.0,3.0,198.0,AP,2021_09_09
113,1R,Low,4.0,4.0,0.0,4.0,0.0,Observer,0.6498448848724365,1.0,5.0,200.0,AP,2021_09_09
114,1R,Low,4.0,4.0,0.0,4.0,0.0,Observer,0.0822300910949707,1.0,6.0,201.0,AP,2021_09_09
115,1R,Low,6.0,6.0,0.0,4.0,1.0,Observer,0.06682491302490234,0.0,7.0,202.0,AP,2021_09_09
116,1R,Low,1.0,1.0,0.0,4.0,0.0,Actor-incongruent,0.3152039051055908,1.0,0.0,205.0,AP,2021_09_09
117,1R,Low,3.0,3.0,0.0,4.0,0.0,Observer,0.8652610778808594,1.0,2.0,207.0,AP,2021_09_09
118,1R,Low,4.0,4.0,0.0,4.0,0.0,Observer,0.43375468254089355,1.0,4.0,209.0,AP,2021_09_09
119,1R,Low,1.0,1.0,0.0,4.0,0.0,Actor,0.33289289474487305,1.0,5.0,210.0,AP,2021_09_09
120,1R,Low,6.0,6.0,0.0,4.0,0.0,Actor,0.28200602531433105,1.0,6.0,211.0,AP,2021_09_09
121,1R,Low,3.0,3.0,0.0,4.0,0.0,Actor,0.19854402542114258,1.0,7.0,212.0,AP,2021_09_09
122,1R,Med,9.0,9.0,0.0,4.0,1.0,Actor,0.06589794158935547,0.0,8.0,213.0,AP,2021_09_09
123,1R,Low,3.0,3.0,0.0,4.0,0.0,Actor,0.4485788345336914,1.0,0.0,217.0,AP,2021_09_09
124,1R,Low,6.0,6.0,0.0,4.0,0.0,Observer,0.3482859134674072,1.0,1.0,218.0,AP,2021_09_09
125,1R,Low,1.0,1.0,0.0,4.0,0.0,Observer,0.04844498634338379,1.0,2.0,219.0,AP,2021_09_09
126,1R,Low,3.0,3.0,0.0,4.0,0.0,Actor,2.315037965774536,1.0,4.0,221.0,AP,2021_09_09
127,1R,Low,1.0,1.0,0.0,4.0,0.0,Observer,0.44979405403137207,1.0,0.0,227.0,AP,2021_09_09
128,1R,Low,4.0,4.0,0.0,4.0,0.0,Actor,0.14869999885559082,1.0,1.0,228.0,AP,2021_09_09
129,1R,Low,2.0,2.0,0.0,4.0,0.0,Actor,0.2151949405670166,1.0,2.0,229.0,AP,2021_09_09
130,1R,Low,8.0,8.0,0.0,4.0,0.0,Observer,0.4820849895477295,1.0,4.0,231.0,AP,2021_09_09
131,1R,Low,4.0,4.0,0.0,4.0,0.0,Actor,0.0,1.0,5.0,232.0,AP,2021_09_09
132,1R,Low,8.0,8.0,0.0,4.0,0.0,Actor,0.19955205917358398,1.0,7.0,234.0,AP,2021_09_09
133,1R,Low,2.0,2.0,0.0,4.0,0.0,Actor,0.48250699043273926,1.0,9.0,236.0,AP,2021_09_09
134,1R,Low,4.0,4.0,0.0,4.0,0.0,Observer,0.30021023750305176,1.0,11.0,238.0,AP,2021_09_09
135,1R,Low,1.0,1.0,0.0,4.0,1.0,Actor,0.2665541172027588,0.0,12.0,239.0,AP,2021_09_09
136,1R,Low,1.0,1.0,0.0,4.0,0.0,Observer,0.5321791172027588,1.0,0.0,242.0,AP,2021_09_09
137,1R,High,12.0,12.0,0.0,4.0,0.0,Actor,0.4655330181121826,1.0,3.0,245.0,AP,2021_09_09
138,1R,Low,4.0,4.0,0.0,4.0,0.0,Observer,0.19855117797851562,1.0,4.0,246.0,AP,2021_09_09
139,1R,Low,8.0,8.0,0.0,4.0,0.0,Actor,0.3168320655822754,1.0,5.0,247.0,AP,2021_09_09
140,1R,Low,6.0,6.0,0.0,4.0,0.0,Actor,0.09967398643493652,1.0,0.0,254.0,AP,2021_09_09
141,1R,Med,10.0,10.0,0.0,4.0,0.0,Observer,0.43352389335632324,1.0,1.0,255.0,AP,2021_09_09
142,1R,Low,5.0,5.0,0.0,4.0,0.0,Observer,0.14863991737365723,1.0,3.0,257.0,AP,2021_09_09
143,1R,Low,4.0,4.0,0.0,4.0,0.0,Actor,0.5167880058288574,1.0,5.0,259.0,AP,2021_09_09
144,1R,Low,3.0,3.0,0.0,4.0,1.0,Observer,0.5484888553619385,0.0,7.0,261.0,AP,2021_09_09
145,1R,Low,3.0,3.0,0.0,4.0,0.0,Observer,0.1325991153717041,1.0,0.0,264.0,AP,2021_09_09
146,1R,Low,7.0,7.0,0.0,4.0,0.0,Actor,2.099307060241699,1.0,2.0,266.0,AP,2021_09_09
147,1R,Low,7.0,7.0,0.0,4.0,0.0,Observer,0.6819820404052734,1.0,5.0,269.0,AP,2021_09_09
148,1R,Med,9.0,9.0,0.0,4.0,0.0,Actor-incongruent,0.0980978012084961,1.0,11.0,275.0,AP,2021_09_09
149,1R,Med,9.0,9.0,0.0,4.0,0.0,Observer,0.0,1.0,12.0,276.0,AP,2021_09_09
150,1R,Low,1.0,1.0,0.0,4.0,0.0,Observer,0.0,1.0,13.0,277.0,AP,2021_09_09
151,1R,Low,3.0,3.0,0.0,4.0,0.0,Observer,0.016134023666381836,1.0,14.0,278.0,AP,2021_09_09
152,1R,Low,8.0,8.0,0.0,4.0,1.0,Observer,0.14873671531677246,0.0,17.0,281.0,AP,2021_09_09
153,1R,Med,10.0,10.0,0.0,4.0,0.0,Actor-incongruent,0.1990368366241455,1.0,0.0,284.0,AP,2021_09_09
154,1R,Low,5.0,5.0,0.0,4.0,0.0,Actor,0.3485698699951172,1.0,1.0,285.0,AP,2021_09_09
155,1R,Low,8.0,8.0,0.0,4.0,0.0,Actor,0.3322179317474365,1.0,2.0,286.0,AP,2021_09_09
156,1R,Low,2.0,2.0,0.0,4.0,0.0,Actor,0.08218598365783691,1.0,3.0,287.0,AP,2021_09_09
157,1R,Low,2.0,2.0,0.0,4.0,0.0,Actor,0.06526899337768555,1.0,4.0,288.0,AP,2021_09_09
158,1R,Low,3.0,3.0,0.0,4.0,0.0,Actor,0.4165480136871338,1.0,5.0,289.0,AP,2021_09_09
159,1R,Low,6.0,6.0,0.0,4.0,0.0,Actor,0.41566896438598633,1.0,6.0,290.0,AP,2021_09_09
160,1R,Med,10.0,10.0,0.0,4.0,0.0,Observer-incongruent,0.31650304794311523,1.0,0.0,299.0,AP,2021_09_09
161,1R,Low,6.0,6.0,0.0,4.0,0.0,Observer,0.1314859390258789,1.0,1.0,300.0,AP,2021_09_09
162,1R,Low,4.0,4.0,0.0,4.0,0.0,Actor,0.0327610969543457,1.0,2.0,301.0,AP,2021_09_09
163,1R,Low,6.0,6.0,0.0,4.0,0.0,Actor,0.39972805976867676,1.0,3.0,302.0,AP,2021_09_09
164,1R,Low,7.0,7.0,0.0,4.0,1.0,Actor,0.04963827133178711,0.0,5.0,304.0,AP,2021_09_09
165,1R,Low,4.0,4.0,0.0,4.0,0.0,Actor-incongruent,0.34915781021118164,1.0,0.0,308.0,AP,2021_09_09
166,1R,Low,5.0,5.0,0.0,4.0,0.0,Actor,0.4659912586212158,1.0,1.0,309.0,AP,2021_09_09
167,1R,Low,7.0,7.0,0.0,4.0,0.0,Actor,0.33190298080444336,1.0,4.0,312.0,AP,2021_09_09
168,1R,Low,1.0,1.0,0.0,4.0,0.0,Actor,0.48212194442749023,1.0,5.0,313.0,AP,2021_09_09
169,1R,Low,7.0,7.0,0.0,4.0,0.0,Observer,0.39815282821655273,1.0,6.0,314.0,AP,2021_09_09
170,1R,Low,7.0,7.0,0.0,4.0,0.0,Actor,0.19875502586364746,1.0,7.0,315.0,AP,2021_09_09
171,1R,Low,1.0,1.0,0.0,4.0,0.0,Actor,0.5170509815216064,1.0,0.0,322.0,AP,2021_09_09
172,1R,Med,11.0,11.0,0.0,4.0,0.0,Actor,0.2654099464416504,1.0,1.0,323.0,AP,2021_09_09
173,1R,Low,5.0,5.0,0.0,4.0,0.0,Observer,0.29861998558044434,1.0,2.0,324.0,AP,2021_09_09
174,1R,Low,8.0,8.0,0.0,4.0,0.0,Observer,0.0,1.0,3.0,325.0,AP,2021_09_09
175,1R,Low,1.0,1.0,0.0,4.0,0.0,Actor,0.26610493659973145,1.0,4.0,326.0,AP,2021_09_09
176,1R,Low,3.0,3.0,0.0,4.0,0.0,Observer,0.132066011428833,1.0,0.0,332.0,AP,2021_09_09
177,1R,Low,5.0,5.0,0.0,4.0,0.0,Actor,0.31544995307922363,1.0,2.0,334.0,AP,2021_09_09
178,1R,Low,3.0,3.0,0.0,4.0,0.0,Actor-incongruent,0.383350133895874,1.0,6.0,338.0,AP,2021_09_09
179,1R,Low,1.0,1.0,0.0,4.0,0.0,Observer,0.032073020935058594,1.0,7.0,339.0,AP,2021_09_09
180,1R,Low,5.0,5.0,0.0,4.0,1.0,Actor-incongruent,0.29877209663391113,0.0,12.0,344.0,AP,2021_09_09
181,1R,Low,8.0,8.0,0.0,4.0,0.0,Actor-incongruent,0.43201684951782227,1.0,0.0,351.0,AP,2021_09_09
182,1R,Low,2.0,2.0,0.0,4.0,0.0,Actor,0.49872493743896484,1.0,1.0,352.0,AP,2021_09_09
183,1R,Low,2.0,2.0,0.0,4.0,0.0,Actor,0.0,1.0,3.0,354.0,AP,2021_09_09
184,1R,High,13.0,13.0,0.0,4.0,0.0,Observer,0.19997692108154297,1.0,4.0,355.0,AP,2021_09_09
185,1R,Low,3.0,3.0,0.0,4.0,0.0,Actor-incongruent,0.5151619911193848,1.0,0.0,361.0,AP,2021_09_09
186,1R,Low,1.0,1.0,0.0,4.0,0.0,Actor,0.44921398162841797,1.0,1.0,362.0,AP,2021_09_09
187,1R,Low,5.0,5.0,0.0,4.0,0.0,Actor,0.3162848949432373,1.0,2.0,363.0,AP,2021_09_09
188,1R,Med,9.0,9.0,0.0,4.0,0.0,Actor,0.4316568374633789,1.0,3.0,364.0,AP,2021_09_09
189,1R,Low,7.0,7.0,0.0,4.0,0.0,Observer,1.8320419788360596,1.0,5.0,366.0,AP,2021_09_09
190,1R,Med,10.0,10.0,0.0,4.0,1.0,Actor,0.2652418613433838,0.0,7.0,368.0,AP,2021_09_09
191,1R,Low,3.0,3.0,0.0,4.0,0.0,Actor-incongruent,1.782081127166748,1.0,0.0,371.0,AP,2021_09_09
192,1R,Low,2.0,2.0,0.0,4.0,0.0,Observer,0.44916796684265137,1.0,2.0,373.0,AP,2021_09_09
193,1R,Low,2.0,2.0,0.0,4.0,0.0,Actor,0.2154712677001953,1.0,4.0,375.0,AP,2021_09_09
194,1R,Low,1.0,1.0,0.0,4.0,0.0,Actor,0.04864501953125,1.0,5.0,376.0,AP,2021_09_09
195,1R,Low,7.0,7.0,0.0,4.0,0.0,Observer,0.4323561191558838,1.0,7.0,378.0,AP,2021_09_09
196,1R,Low,4.0,4.0,0.0,4.0,0.0,Actor,0.4659261703491211,1.0,8.0,379.0,AP,2021_09_09
197,1R,Low,6.0,6.0,0.0,4.0,0.0,Observer,0.06662678718566895,1.0,9.0,380.0,AP,2021_09_09
198,1R,Med,11.0,11.0,0.0,4.0,1.0,Actor,0.4998359680175781,0.0,10.0,381.0,AP,2021_09_09
199,1R,Low,5.0,5.0,0.0,4.0,0.0,Observer,0.5500428676605225,1.0,0.0,387.0,AP,2021_09_09
200,1R,Low,7.0,7.0,0.0,4.0,0.0,Observer,0.3159928321838379,1.0,1.0,388.0,AP,2021_09_09
201,1R,Low,3.0,3.0,0.0,4.0,0.0,Actor,0.31536173820495605,1.0,3.0,390.0,AP,2021_09_09
202,1R,Low,5.0,5.0,0.0,4.0,0.0,Actor,0.4656679630279541,1.0,4.0,391.0,AP,2021_09_09
203,1R,Low,6.0,6.0,0.0,4.0,0.0,Observer,0.36735105514526367,1.0,5.0,392.0,AP,2021_09_09
204,1R,Low,8.0,8.0,0.0,4.0,0.0,Observer,0.4648399353027344,1.0,6.0,393.0,AP,2021_09_09
205,1R,Low,2.0,2.0,0.0,4.0,0.0,Observer,0.3154146671295166,1.0,7.0,394.0,AP,2021_09_09
206,1R,Low,7.0,7.0,0.0,4.0,1.0,Observer,0.11580395698547363,0.0,8.0,395.0,AP,2021_09_09
207,1R,Low,7.0,7.0,0.0,4.0,0.0,Actor-incongruent,0.38170289993286133,1.0,0.0,402.0,AP,2021_09_09
208,1R,Low,6.0,6.0,0.0,4.0,0.0,Actor,0.5325770378112793,1.0,1.0,403.0,AP,2021_09_09
209,1R,Low,4.0,4.0,0.0,4.0,0.0,Actor,0.3479189872741699,1.0,2.0,404.0,AP,2021_09_09
210,1R,Med,11.0,11.0,0.0,4.0,1.0,Observer,0.016686201095581055,0.0,4.0,406.0,AP,2021_09_09
211,1R,Med,9.0,9.0,0.0,4.0,0.0,Actor-incongruent,0.31534576416015625,1.0,0.0,410.0,AP,2021_09_09
212,1R,Low,1.0,1.0,0.0,4.0,0.0,Actor,0.5339200496673584,1.0,1.0,411.0,AP,2021_09_09
213,1R,Low,2.0,2.0,0.0,4.0,0.0,Actor,0.2814137935638428,1.0,4.0,414.0,AP,2021_09_09
214,1R,Low,4.0,4.0,0.0,4.0,0.0,Observer,0.13222312927246094,1.0,5.0,415.0,AP,2021_09_09
215,1R,Low,2.0,2.0,0.0,4.0,0.0,Actor,0.41603875160217285,1.0,6.0,416.0,AP,2021_09_09
216,1R,Low,3.0,3.0,0.0,4.0,0.0,Actor,0.18239736557006836,1.0,7.0,417.0,AP,2021_09_09
217,1R,Low,5.0,5.0,0.0,4.0,1.0,Observer,0.0,0.0,8.0,418.0,AP,2021_09_09
218,1R,Low,2.0,2.0,0.0,4.0,0.0,Observer,0.04904603958129883,1.0,0.0,421.0,AP,2021_09_09
219,1R,Low,2.0,2.0,0.0,4.0,0.0,Actor,0.69858717918396,1.0,3.0,424.0,AP,2021_09_09
220,1R,Low,1.0,1.0,0.0,4.0,0.0,Actor,4.349102020263672,1.0,4.0,425.0,AP,2021_09_09
221,1R,Low,4.0,4.0,0.0,4.0,0.0,Actor,0.19856882095336914,1.0,6.0,427.0,AP,2021_09_09
222,1R,Low,2.0,2.0,0.0,4.0,0.0,Observer,0.7488172054290771,1.0,7.0,428.0,AP,2021_09_09
223,1R,Low,2.0,2.0,0.0,4.0,0.0,Actor,0.3328258991241455,1.0,0.0,437.0,AP,2021_09_09
224,1R,Low,1.0,1.0,0.0,4.0,0.0,Actor,0.14873695373535156,1.0,1.0,438.0,AP,2021_09_09
225,1R,Med,11.0,11.0,0.0,4.0,1.0,Observer,0.5493979454040527,0.0,3.0,440.0,AP,2021_09_09
226,1R,Low,7.0,7.0,0.0,4.0,0.0,Actor,0.28247618675231934,1.0,0.0,446.0,AP,2021_09_09
227,1R,Low,1.0,1.0,0.0,4.0,0.0,Actor,0.5665640830993652,1.0,1.0,447.0,AP,2021_09_09
228,1R,Low,8.0,8.0,0.0,4.0,0.0,Observer,0.4822499752044678,1.0,3.0,449.0,AP,2021_09_09
229,1R,Low,1.0,1.0,0.0,4.0,0.0,Actor,1.8982152938842773,1.0,4.0,450.0,AP,2021_09_09
230,1R,Med,10.0,10.0,0.0,4.0,1.0,Actor,2.1148250102996826,0.0,5.0,451.0,AP,2021_09_09
231,1R,Low,6.0,6.0,0.0,4.0,0.0,Actor,0.6480481624603271,1.0,0.0,456.0,AP,2021_09_09
232,1R,Low,4.0,4.0,0.0,4.0,0.0,Actor,0.28266000747680664,1.0,2.0,458.0,AP,2021_09_09
233,1R,Low,3.0,3.0,0.0,4.0,0.0,Actor,0.0,1.0,3.0,459.0,AP,2021_09_09
234,1R,Low,4.0,4.0,0.0,4.0,0.0,Actor,0.3830242156982422,1.0,4.0,460.0,AP,2021_09_09
235,1R,Low,5.0,5.0,0.0,4.0,1.0,Actor,0.2989680767059326,0.0,7.0,463.0,AP,2021_09_09
236,1R,Low,5.0,5.0,0.0,4.0,0.0,Observer,0.0,1.0,0.0,466.0,AP,2021_09_09
237,1R,Low,4.0,4.0,0.0,4.0,0.0,Actor,0.48186397552490234,1.0,1.0,467.0,AP,2021_09_09
238,1R,Low,1.0,1.0,0.0,4.0,0.0,Observer,0.0,1.0,3.0,469.0,AP,2021_09_09
239,1R,Low,7.0,7.0,0.0,4.0,0.0,Observer,0.04851889610290527,1.0,4.0,470.0,AP,2021_09_09
240,1R,Low,4.0,4.0,0.0,4.0,0.0,Observer,0.5982940196990967,1.0,5.0,471.0,AP,2021_09_09
241,1R,Low,7.0,7.0,0.0,4.0,0.0,Observer,0.0,1.0,6.0,472.0,AP,2021_09_09
242,1R,Med,10.0,10.0,0.0,4.0,0.0,Actor,0.29808712005615234,1.0,7.0,473.0,AP,2021_09_09
243,1R,Low,8.0,8.0,0.0,4.0,0.0,Observer,0.49811410903930664,1.0,8.0,474.0,AP,2021_09_09
244,1R,Low,4.0,4.0,0.0,4.0,0.0,Observer,0.5150570869445801,1.0,0.0,478.0,AP,2021_09_09
245,1R,Low,7.0,7.0,0.0,4.0,0.0,Actor,0.5166199207305908,1.0,2.0,480.0,AP,2021_09_09
246,1R,Low,7.0,7.0,0.0,4.0,0.0,Observer,0.415604829788208,1.0,3.0,481.0,AP,2021_09_09
247,1R,Low,3.0,3.0,0.0,4.0,0.0,Actor,0.6988952159881592,1.0,5.0,483.0,AP,2021_09_09
248,1R,Low,1.0,1.0,0.0,4.0,1.0,Observer-incongruent,0.2664461135864258,0.0,9.0,487.0,AP,2021_09_09
249,1R,Low,2.0,2.0,0.0,4.0,0.0,Observer,0.016569852828979492,1.0,0.0,490.0,AP,2021_09_09
250,1R,Low,8.0,8.0,0.0,4.0,0.0,Actor,0.19852805137634277,1.0,4.0,494.0,AP,2021_09_09
251,1R,Low,7.0,7.0,0.0,4.0,0.0,Observer,0.18242883682250977,1.0,5.0,495.0,AP,2021_09_09
252,1R,Low,6.0,6.0,0.0,4.0,0.0,Observer,0.49862194061279297,1.0,7.0,497.0,AP,2021_09_09
253,1R,Low,8.0,8.0,0.0,4.0,0.0,Observer,0.0,1.0,8.0,498.0,AP,2021_09_09
254,1R,Low,8.0,8.0,0.0,4.0,0.0,Actor,0.5984089374542236,1.0,10.0,500.0,AP,2021_09_09
255,1R,Low,8.0,8.0,0.0,4.0,0.0,Actor,0.049926042556762695,1.0,0.0,503.0,AP,2021_09_09
256,1R,Low,5.0,5.0,0.0,4.0,0.0,Observer,0.0,1.0,3.0,506.0,AP,2021_09_09
257,1R,Low,3.0,3.0,0.0,4.0,0.0,Observer,0.48262715339660645,1.0,8.0,511.0,AP,2021_09_09
258,1R,Low,3.0,3.0,0.0,4.0,0.0,Actor,0.1324007511138916,1.0,9.0,512.0,AP,2021_09_09
259,1R,Low,8.0,8.0,0.0,4.0,1.0,Observer,0.0,0.0,10.0,513.0,AP,2021_09_09
260,1R,Low,2.0,2.0,0.0,4.0,0.0,Actor,0.5162630081176758,1.0,0.0,517.0,AP,2021_09_09
261,1R,Low,1.0,1.0,0.0,4.0,0.0,Observer,0.634289026260376,1.0,1.0,518.0,AP,2021_09_09
262,1R,Med,10.0,10.0,0.0,4.0,0.0,Actor,0.5321290493011475,1.0,2.0,519.0,AP,2021_09_09
263,1R,Low,7.0,7.0,0.0,4.0,0.0,Actor,0.49800992012023926,1.0,4.0,521.0,AP,2021_09_09
264,1R,Low,1.0,1.0,0.0,4.0,0.0,Observer,0.016553878784179688,1.0,6.0,523.0,AP,2021_09_09
0,1NR,Med,9.0,9.0,0.0,4.0,0.0,Actor,0.698822021484375,1.0,2.0,3.0,AP,2021_09_09
1,1NR,Low,8.0,8.0,0.0,4.0,0.0,Actor,0.266538143157959,1.0,6.0,7.0,AP,2021_09_09
2,1NR,High,12.0,12.0,0.0,3.0,1.0,Actor,1.9653630256652832,0.0,10.0,11.0,AP,2021_09_09
3,1NR,Med,10.0,10.0,0.0,4.0,0.0,Actor,0.19905877113342285,1.0,4.0,18.0,AP,2021_09_09
4,1NR,Med,9.0,9.0,0.0,4.0,0.0,Observer,0.532588005065918,1.0,7.0,21.0,AP,2021_09_09
5,1NR,High,14.0,14.0,0.0,4.0,1.0,Observer,0.432466983795166,0.0,9.0,23.0,AP,2021_09_09
6,1NR,Low,7.0,7.0,0.0,4.0,0.0,Observer,0.38168907165527344,1.0,4.0,29.0,AP,2021_09_09
7,1NR,Med,9.0,9.0,0.0,4.0,0.0,Observer,0.6322650909423828,1.0,8.0,33.0,AP,2021_09_09
8,1NR,High,13.0,13.0,0.0,3.0,1.0,Actor,2.1155190467834473,0.0,11.0,36.0,AP,2021_09_09
9,1NR,Med,10.0,10.0,0.0,4.0,0.0,Observer,0.5497310161590576,1.0,4.0,42.0,AP,2021_09_09
10,1NR,Med,10.0,10.0,0.0,3.0,0.0,Actor,1.515643835067749,1.0,8.0,46.0,AP,2021_09_09
11,1NR,Med,9.0,9.0,0.0,3.0,1.0,Observer,0.26641106605529785,0.0,11.0,49.0,AP,2021_09_09
12,1NR,Med,9.0,9.0,0.0,4.0,0.0,Actor,0.3830089569091797,1.0,6.0,57.0,AP,2021_09_09
13,1NR,Low,7.0,7.0,0.0,4.0,1.0,Observer,0.46447110176086426,0.0,10.0,61.0,AP,2021_09_09
14,1NR,Med,9.0,9.0,0.0,4.0,0.0,Observer,0.5317039489746094,1.0,5.0,71.0,AP,2021_09_09
15,1NR,Med,11.0,11.0,0.0,4.0,0.0,Observer,0.715728759765625,1.0,7.0,73.0,AP,2021_09_09
16,1NR,Med,11.0,11.0,0.0,4.0,0.0,Actor,0.5491769313812256,1.0,13.0,79.0,AP,2021_09_09
17,1NR,Med,11.0,11.0,0.0,4.0,1.0,Observer,0.29663777351379395,0.0,15.0,81.0,AP,2021_09_09
18,1NR,Med,9.0,9.0,0.0,4.0,0.0,Actor,0.4828379154205322,1.0,7.0,91.0,AP,2021_09_09
19,1NR,Med,11.0,11.0,0.0,4.0,1.0,Observer,1.9981482028961182,0.0,9.0,93.0,AP,2021_09_09
20,1NR,Low,7.0,7.0,0.0,4.0,0.0,Observer,0.5174148082733154,1.0,1.0,99.0,AP,2021_09_09
21,1NR,Med,11.0,11.0,0.0,4.0,0.0,Observer,0.4663550853729248,1.0,3.0,101.0,AP,2021_09_09
22,1NR,High,13.0,13.0,0.0,4.0,1.0,Observer,0.2649111747741699,0.0,11.0,109.0,AP,2021_09_09
23,1NR,High,13.0,13.0,0.0,4.0,0.0,Observer,0.26452088356018066,1.0,3.0,115.0,AP,2021_09_09
24,1NR,Med,11.0,11.0,1.0,2.0,0.0,Actor,0.03350090980529785,0.0,6.0,118.0,AP,2021_09_09
25,1NR,Med,10.0,10.0,0.0,3.0,1.0,Actor,0.4649240970611572,0.0,9.0,121.0,AP,2021_09_09
26,1NR,Med,11.0,11.0,0.0,4.0,0.0,Actor,0.632540225982666,1.0,1.0,125.0,AP,2021_09_09
27,1NR,Low,8.0,8.0,0.0,4.0,0.0,Observer,0.5162842273712158,1.0,6.0,130.0,AP,2021_09_09
28,1NR,Med,11.0,11.0,0.0,4.0,1.0,Observer,0.29833507537841797,0.0,14.0,138.0,AP,2021_09_09
29,1NR,High,12.0,12.0,0.0,4.0,0.0,Actor,0.5653049945831299,1.0,2.0,143.0,AP,2021_09_09
30,1NR,High,12.0,12.0,0.0,3.0,0.0,Actor,0.31485700607299805,1.0,4.0,145.0,AP,2021_09_09
31,1NR,High,14.0,14.0,0.0,3.0,0.0,Actor,0.6815059185028076,1.0,6.0,147.0,AP,2021_09_09
32,1NR,High,13.0,13.0,0.0,3.0,1.0,Actor,0.16512322425842285,0.0,9.0,150.0,AP,2021_09_09
33,1NR,Low,7.0,7.0,0.0,4.0,0.0,Observer,0.28190183639526367,1.0,4.0,157.0,AP,2021_09_09
34,1NR,Med,11.0,11.0,0.0,3.0,1.0,Actor,0.8821775913238525,0.0,8.0,161.0,AP,2021_09_09
35,1NR,Low,8.0,8.0,0.0,4.0,0.0,Actor,0.38231563568115234,1.0,5.0,169.0,AP,2021_09_09
36,1NR,Low,8.0,8.0,0.0,4.0,0.0,Observer,0.7496411800384521,1.0,4.0,184.0,AP,2021_09_09
37,1NR,High,13.0,13.0,0.0,3.0,0.0,Observer,0.11569905281066895,1.0,9.0,189.0,AP,2021_09_09
38,1NR,Med,10.0,10.0,0.0,3.0,1.0,Observer,0.6981711387634277,0.0,12.0,192.0,AP,2021_09_09
39,1NR,Low,8.0,8.0,0.0,4.0,0.0,Observer,0.5486531257629395,1.0,1.0,196.0,AP,2021_09_09
40,1NR,Med,10.0,10.0,0.0,3.0,0.0,Actor,0.06646013259887695,1.0,4.0,199.0,AP,2021_09_09
41,1NR,Low,7.0,7.0,0.0,3.0,1.0,Observer,0.06612777709960938,0.0,8.0,203.0,AP,2021_09_09
42,1NR,Med,11.0,11.0,0.0,4.0,0.0,Observer,0.09896087646484375,1.0,1.0,206.0,AP,2021_09_09
43,1NR,Med,11.0,11.0,0.0,4.0,0.0,Actor,0.6992990970611572,1.0,3.0,208.0,AP,2021_09_09
44,1NR,Med,9.0,9.0,0.0,3.0,1.0,Actor,0.9665570259094238,0.0,9.0,214.0,AP,2021_09_09
45,1NR,Med,9.0,9.0,0.0,4.0,0.0,Observer,0.3647761344909668,1.0,3.0,220.0,AP,2021_09_09
46,1NR,Med,10.0,10.0,0.0,4.0,0.0,Observer,2.182326078414917,1.0,5.0,222.0,AP,2021_09_09
47,1NR,Med,9.0,9.0,0.0,4.0,0.0,Observer,0.0,1.0,3.0,230.0,AP,2021_09_09
48,1NR,Med,11.0,11.0,0.0,3.0,0.0,Actor,0.3651289939880371,1.0,6.0,233.0,AP,2021_09_09
49,1NR,Low,8.0,8.0,0.0,3.0,0.0,Observer,0.3157780170440674,1.0,8.0,235.0,AP,2021_09_09
50,1NR,Med,10.0,10.0,0.0,4.0,0.0,Observer,0.2317209243774414,1.0,10.0,237.0,AP,2021_09_09
51,1NR,Med,11.0,11.0,0.0,3.0,1.0,Observer,0.2320723533630371,0.0,13.0,240.0,AP,2021_09_09
52,1NR,High,13.0,13.0,0.0,4.0,0.0,Actor,1.8315961360931396,1.0,1.0,243.0,AP,2021_09_09
53,1NR,Med,9.0,9.0,0.0,3.0,0.0,Actor,0.5976541042327881,1.0,6.0,248.0,AP,2021_09_09
54,1NR,Med,11.0,11.0,0.0,4.0,0.0,Actor,0.7492527961730957,1.0,2.0,256.0,AP,2021_09_09
55,1NR,Med,9.0,9.0,0.0,4.0,0.0,Actor,0.2320268154144287,1.0,4.0,258.0,AP,2021_09_09
56,1NR,Med,9.0,9.0,0.0,3.0,0.0,Actor,0.6646878719329834,1.0,6.0,260.0,AP,2021_09_09
57,1NR,High,13.0,13.0,0.0,3.0,1.0,Actor,0.1309969425201416,0.0,8.0,262.0,AP,2021_09_09
58,1NR,Med,10.0,10.0,0.0,3.0,0.0,Actor,0.4828372001647949,1.0,1.0,265.0,AP,2021_09_09
59,1NR,Med,10.0,10.0,0.0,3.0,0.0,Actor,0.3157980442047119,1.0,3.0,267.0,AP,2021_09_09
60,1NR,Med,11.0,11.0,0.0,4.0,0.0,Actor,2.7482879161834717,1.0,6.0,270.0,AP,2021_09_09
61,1NR,High,13.0,13.0,1.0,2.0,0.0,Actor,0.18212890625,0.0,15.0,279.0,AP,2021_09_09
62,1NR,Med,9.0,9.0,0.0,3.0,1.0,Actor,0.41567182540893555,0.0,18.0,282.0,AP,2021_09_09
63,1NR,Med,9.0,9.0,0.0,4.0,0.0,Observer,0.06515884399414062,1.0,7.0,291.0,AP,2021_09_09
64,1NR,Low,7.0,7.0,0.0,3.0,0.0,Observer,0.49979114532470703,1.0,4.0,303.0,AP,2021_09_09
65,1NR,High,12.0,12.0,0.0,3.0,1.0,Actor,1.799062967300415,0.0,6.0,305.0,AP,2021_09_09
66,1NR,Med,10.0,10.0,0.0,4.0,0.0,Observer,0.24969005584716797,1.0,2.0,310.0,AP,2021_09_09
67,1NR,High,12.0,12.0,0.0,4.0,0.0,Observer,0.21618390083312988,1.0,8.0,316.0,AP,2021_09_09
68,1NR,Med,10.0,10.0,0.0,4.0,0.0,Observer,0.04990410804748535,1.0,5.0,327.0,AP,2021_09_09
69,1NR,Low,8.0,8.0,0.0,3.0,0.0,Actor,1.2157511711120605,1.0,1.0,333.0,AP,2021_09_09
70,1NR,Low,7.0,7.0,0.0,4.0,0.0,Observer,0.0,1.0,3.0,335.0,AP,2021_09_09
71,1NR,Med,10.0,10.0,0.0,4.0,0.0,Observer,0.3152639865875244,1.0,8.0,340.0,AP,2021_09_09
72,1NR,Med,10.0,10.0,0.0,3.0,1.0,Actor,0.48354601860046387,0.0,13.0,345.0,AP,2021_09_09
73,1NR,Med,9.0,9.0,0.0,4.0,0.0,Observer,0.3654928207397461,1.0,2.0,353.0,AP,2021_09_09
74,1NR,Low,8.0,8.0,0.0,4.0,0.0,Observer,0.03314399719238281,1.0,5.0,356.0,AP,2021_09_09
75,1NR,Low,8.0,8.0,0.0,3.0,0.0,Observer,0.44870924949645996,1.0,4.0,365.0,AP,2021_09_09
76,1NR,Med,11.0,11.0,0.0,3.0,0.0,Actor,0.0,1.0,6.0,367.0,AP,2021_09_09
77,1NR,Med,9.0,9.0,0.0,3.0,1.0,Actor,0.315540075302124,0.0,8.0,369.0,AP,2021_09_09
78,1NR,Med,9.0,9.0,0.0,3.0,0.0,Actor,0.5815989971160889,1.0,1.0,372.0,AP,2021_09_09
79,1NR,High,13.0,13.0,0.0,4.0,0.0,Actor,0.6994857788085938,1.0,3.0,374.0,AP,2021_09_09
80,1NR,Low,4.0,4.0,0.0,4.0,0.0,Observer,0.03209495544433594,1.0,6.0,377.0,AP,2021_09_09
81,1NR,Med,9.0,9.0,0.0,4.0,1.0,Observer,0.5818922519683838,0.0,11.0,382.0,AP,2021_09_09
82,1NR,Low,8.0,8.0,0.0,4.0,0.0,Observer,0.44811272621154785,1.0,2.0,389.0,AP,2021_09_09
83,1NR,High,13.0,13.0,0.0,4.0,1.0,Observer,0.13203907012939453,0.0,9.0,396.0,AP,2021_09_09
84,1NR,Low,8.0,8.0,0.0,4.0,0.0,Observer,0.18242406845092773,1.0,3.0,405.0,AP,2021_09_09
85,1NR,Med,9.0,9.0,0.0,3.0,1.0,Actor,2.015368938446045,0.0,5.0,407.0,AP,2021_09_09
86,1NR,Med,11.0,11.0,0.0,4.0,0.0,Actor,0.31533002853393555,1.0,2.0,412.0,AP,2021_09_09
87,1NR,High,15.0,15.0,0.0,4.0,1.0,Observer,0.0,0.0,9.0,419.0,AP,2021_09_09
88,1NR,Med,11.0,11.0,0.0,3.0,0.0,Actor,0.9320099353790283,1.0,1.0,422.0,AP,2021_09_09
89,1NR,Med,9.0,9.0,0.0,3.0,0.0,Actor,0.13288402557373047,1.0,5.0,426.0,AP,2021_09_09
90,1NR,Med,11.0,11.0,0.0,3.0,1.0,Actor,4.147771835327148,0.0,8.0,429.0,AP,2021_09_09
91,1NR,High,12.0,12.0,0.0,4.0,0.0,Actor,0.5498509407043457,1.0,2.0,439.0,AP,2021_09_09
92,1NR,Med,10.0,10.0,0.0,3.0,1.0,Actor,0.7650246620178223,0.0,4.0,441.0,AP,2021_09_09
93,1NR,Low,8.0,8.0,0.0,4.0,0.0,Actor,0.7326111793518066,1.0,2.0,448.0,AP,2021_09_09
94,1NR,Low,8.0,8.0,0.0,3.0,1.0,Actor,0.41585373878479004,0.0,6.0,452.0,AP,2021_09_09
95,1NR,Med,9.0,9.0,0.0,4.0,0.0,Actor,0.0,1.0,1.0,457.0,AP,2021_09_09
96,1NR,High,12.0,12.0,0.0,4.0,0.0,Observer,0.08208513259887695,1.0,5.0,461.0,AP,2021_09_09
97,1NR,Med,11.0,11.0,0.0,2.0,1.0,Observer,0.7154340744018555,0.0,8.0,464.0,AP,2021_09_09
98,1NR,Low,8.0,8.0,0.0,4.0,0.0,Actor,1.2659246921539307,1.0,2.0,468.0,AP,2021_09_09
99,1NR,Low,7.0,7.0,0.0,4.0,1.0,Observer,0.466198205947876,0.0,9.0,475.0,AP,2021_09_09
100,1NR,Med,9.0,9.0,0.0,4.0,0.0,Observer,0.5836353302001953,1.0,1.0,479.0,AP,2021_09_09
101,1NR,Med,11.0,11.0,0.0,4.0,0.0,Observer,0.0,1.0,4.0,482.0,AP,2021_09_09
102,1NR,Med,11.0,11.0,0.0,4.0,0.0,Observer,0.5152888298034668,1.0,6.0,484.0,AP,2021_09_09
103,1NR,High,12.0,12.0,0.0,3.0,1.0,Actor,0.0,0.0,10.0,488.0,AP,2021_09_09
104,1NR,Med,10.0,10.0,0.0,4.0,0.0,Observer,0.3320930004119873,1.0,1.0,491.0,AP,2021_09_09
105,1NR,Med,9.0,9.0,0.0,4.0,0.0,Observer,0.0,1.0,6.0,496.0,AP,2021_09_09
106,1NR,Med,9.0,9.0,0.0,3.0,0.0,Actor,0.5493180751800537,1.0,9.0,499.0,AP,2021_09_09
107,1NR,Med,10.0,10.0,0.0,3.0,0.0,Actor,0.28188395500183105,1.0,11.0,501.0,AP,2021_09_09
108,1NR,Low,8.0,8.0,0.0,4.0,0.0,Observer,0.39846181869506836,1.0,1.0,504.0,AP,2021_09_09
109,1NR,Med,11.0,11.0,0.0,4.0,0.0,Actor,0.2148728370666504,1.0,4.0,507.0,AP,2021_09_09
110,1NR,Med,9.0,9.0,0.0,4.0,1.0,Observer,0.11645221710205078,0.0,11.0,514.0,AP,2021_09_09
111,1NR,Med,9.0,9.0,0.0,3.0,0.0,Actor,0.08341693878173828,1.0,3.0,520.0,AP,2021_09_09
112,1NR,Med,9.0,9.0,0.0,4.0,0.0,Observer,0.265592098236084,1.0,5.0,522.0,AP,2021_09_09
0,2NR,Med,9.0,21.0,0.0,3.0,1.0,Observer,0.41562819480895996,0.0,11.0,12.0,AP,2021_09_09
1,2NR,Med,11.0,21.0,0.0,3.0,0.0,Observer,0.5825469493865967,1.0,5.0,19.0,AP,2021_09_09
2,2NR,Med,11.0,25.0,1.0,2.0,1.0,Observer,0.34929919242858887,1.0,10.0,24.0,AP,2021_09_09
3,2NR,Low,8.0,21.0,1.0,2.0,1.0,Actor,0.4989299774169922,1.0,12.0,37.0,AP,2021_09_09
4,2NR,High,14.0,23.0,1.0,3.0,1.0,Actor,0.39914703369140625,1.0,12.0,50.0,AP,2021_09_09
5,2NR,Med,10.0,19.0,0.0,4.0,0.0,Observer,0.39946722984313965,1.0,7.0,58.0,AP,2021_09_09
6,2NR,Med,11.0,18.0,0.0,4.0,1.0,Actor,0.43216705322265625,0.0,11.0,62.0,AP,2021_09_09
7,2NR,High,12.0,23.0,1.0,2.0,0.0,Actor,0.3326539993286133,0.0,8.0,74.0,AP,2021_09_09
8,2NR,High,13.0,24.0,1.0,2.0,1.0,Actor,0.38335680961608887,1.0,16.0,82.0,AP,2021_09_09
9,2NR,Med,11.0,22.0,0.0,4.0,1.0,Actor,0.41563987731933594,0.0,10.0,94.0,AP,2021_09_09
10,2NR,Med,10.0,21.0,0.0,3.0,0.0,Actor,0.6158452033996582,1.0,4.0,102.0,AP,2021_09_09
11,2NR,High,13.0,26.0,0.0,4.0,1.0,Actor,0.39998412132263184,0.0,12.0,110.0,AP,2021_09_09
12,2NR,Med,11.0,24.0,0.0,4.0,0.0,Actor,0.016568899154663086,1.0,4.0,116.0,AP,2021_09_09
13,2NR,Med,11.0,21.0,1.0,2.0,1.0,Actor,0.36522436141967773,1.0,10.0,122.0,AP,2021_09_09
14,2NR,Med,11.0,22.0,0.0,3.0,0.0,Observer,0.41573405265808105,1.0,2.0,126.0,AP,2021_09_09
15,2NR,High,12.0,23.0,0.0,3.0,1.0,Observer,0.3317430019378662,0.0,15.0,139.0,AP,2021_09_09
16,2NR,Med,11.0,24.0,0.0,2.0,1.0,Actor,0.7651877403259277,0.0,10.0,151.0,AP,2021_09_09
17,2NR,Low,6.0,13.0,0.0,3.0,0.0,Observer,0.14875078201293945,1.0,5.0,158.0,AP,2021_09_09
18,2NR,Med,11.0,22.0,1.0,2.0,1.0,Actor,0.33289122581481934,1.0,9.0,162.0,AP,2021_09_09
19,2NR,Low,8.0,18.0,1.0,2.0,1.0,Actor,0.0657191276550293,1.0,13.0,193.0,AP,2021_09_09
20,2NR,Med,11.0,18.0,1.0,2.0,1.0,Actor,0.5322017669677734,1.0,9.0,204.0,AP,2021_09_09
21,2NR,High,12.0,21.0,1.0,2.0,1.0,Actor,0.3491649627685547,1.0,10.0,215.0,AP,2021_09_09
22,2NR,Med,11.0,21.0,0.0,3.0,0.0,Actor,0.0,1.0,6.0,223.0,AP,2021_09_09
23,2NR,High,15.0,26.0,1.0,3.0,1.0,Observer,0.1333160400390625,1.0,14.0,241.0,AP,2021_09_09
24,2NR,Med,11.0,24.0,0.0,3.0,0.0,Actor,0.8481442928314209,1.0,2.0,244.0,AP,2021_09_09
25,2NR,Low,8.0,17.0,1.0,2.0,0.0,Actor,0.4314920902252197,0.0,7.0,249.0,AP,2021_09_09
26,2NR,High,14.0,27.0,1.0,2.0,1.0,Actor,0.3666958808898926,1.0,9.0,263.0,AP,2021_09_09
27,2NR,Low,7.0,17.0,0.0,2.0,0.0,Observer,1.9653289318084717,1.0,4.0,268.0,AP,2021_09_09
28,2NR,High,12.0,23.0,1.0,2.0,0.0,Actor,0.30005502700805664,0.0,7.0,271.0,AP,2021_09_09
29,2NR,Med,11.0,20.0,1.0,2.0,1.0,Observer,0.0,1.0,19.0,283.0,AP,2021_09_09
30,2NR,Low,8.0,17.0,1.0,2.0,1.0,Observer,0.43206191062927246,1.0,8.0,292.0,AP,2021_09_09
31,2NR,Low,8.0,20.0,1.0,2.0,1.0,Observer,0.3667588233947754,1.0,7.0,306.0,AP,2021_09_09
32,2NR,High,12.0,22.0,0.0,3.0,0.0,Actor,0.16544508934020996,1.0,3.0,311.0,AP,2021_09_09
33,2NR,Med,9.0,21.0,0.0,3.0,0.0,Actor,0.9155809879302979,1.0,9.0,317.0,AP,2021_09_09
34,2NR,High,13.0,23.0,0.0,3.0,0.0,Observer,0.2817847728729248,1.0,6.0,328.0,AP,2021_09_09
35,2NR,High,13.0,20.0,1.0,2.0,0.0,Actor,0.3155360221862793,0.0,4.0,336.0,AP,2021_09_09
36,2NR,High,13.0,23.0,0.0,3.0,0.0,Actor,0.4988212585449219,1.0,9.0,341.0,AP,2021_09_09
37,2NR,High,13.0,23.0,1.0,2.0,1.0,Actor,0.19946002960205078,1.0,14.0,346.0,AP,2021_09_09
38,2NR,Med,11.0,19.0,0.0,3.0,1.0,Observer,0.5480189323425293,0.0,6.0,357.0,AP,2021_09_09
39,2NR,High,12.0,21.0,1.0,2.0,1.0,Actor,0.265125036239624,1.0,9.0,370.0,AP,2021_09_09
40,2NR,High,12.0,21.0,1.0,2.0,1.0,Observer,0.21561908721923828,1.0,12.0,383.0,AP,2021_09_09
41,2NR,Med,9.0,22.0,0.0,2.0,1.0,Observer,0.7155177593231201,0.0,10.0,397.0,AP,2021_09_09
42,2NR,Low,8.0,17.0,0.0,3.0,1.0,Actor,0.848731279373169,0.0,6.0,408.0,AP,2021_09_09
43,2NR,Med,11.0,22.0,0.0,3.0,0.0,Actor,0.7483830451965332,1.0,3.0,413.0,AP,2021_09_09
44,2NR,Med,10.0,25.0,1.0,2.0,1.0,Actor-incongruent,0.19961118698120117,1.0,10.0,420.0,AP,2021_09_09
45,2NR,High,12.0,23.0,0.0,2.0,0.0,Actor,0.18076705932617188,1.0,2.0,423.0,AP,2021_09_09
46,2NR,High,12.0,23.0,1.0,2.0,1.0,Actor,0.9649636745452881,1.0,9.0,430.0,AP,2021_09_09
47,2NR,Med,10.0,20.0,0.0,2.0,1.0,Observer,0.5816667079925537,0.0,5.0,442.0,AP,2021_09_09
48,2NR,High,12.0,20.0,0.0,3.0,1.0,Observer,0.5498771667480469,0.0,7.0,453.0,AP,2021_09_09
49,2NR,Low,8.0,20.0,0.0,3.0,0.0,Actor,0.8156979084014893,1.0,6.0,462.0,AP,2021_09_09
50,2NR,Med,9.0,20.0,1.0,2.0,1.0,Observer,0.03419804573059082,1.0,9.0,465.0,AP,2021_09_09
51,2NR,Med,9.0,16.0,0.0,3.0,1.0,Observer,0.0,0.0,10.0,476.0,AP,2021_09_09
52,2NR,Low,8.0,19.0,0.0,2.0,0.0,Observer,0.6656980514526367,1.0,7.0,485.0,AP,2021_09_09
53,2NR,High,14.0,26.0,1.0,2.0,1.0,Actor,0.16555118560791016,1.0,11.0,489.0,AP,2021_09_09
54,2NR,Med,11.0,21.0,0.0,3.0,0.0,Actor,0.08283400535583496,1.0,2.0,492.0,AP,2021_09_09
55,2NR,Med,11.0,21.0,1.0,2.0,1.0,Observer,0.09913897514343262,1.0,12.0,502.0,AP,2021_09_09
56,2NR,High,12.0,20.0,0.0,3.0,0.0,Observer,0.8653790950775146,1.0,2.0,505.0,AP,2021_09_09
57,2NR,High,12.0,23.0,1.0,2.0,0.0,Actor,0.19869089126586914,0.0,5.0,508.0,AP,2021_09_09
58,2NR,Med,11.0,20.0,0.0,3.0,1.0,Actor,0.39911794662475586,0.0,12.0,515.0,AP,2021_09_09
0,3NR,Med,11.0,32.0,1.0,2.0,1.0,Actor,0.43270206451416016,1.0,12.0,13.0,AP,2021_09_09
1,3NR,Med,9.0,28.0,0.0,4.0,0.0,Observer,0.19842910766601562,1.0,8.0,59.0,AP,2021_09_09
2,3NR,Med,9.0,27.0,1.0,2.0,1.0,Actor,0.2997136116027832,1.0,12.0,63.0,AP,2021_09_09
3,3NR,Med,9.0,31.0,0.0,3.0,1.0,Observer,0.4325108528137207,0.0,11.0,95.0,AP,2021_09_09
4,3NR,Med,11.0,32.0,1.0,2.0,0.0,Actor,0.43224382400512695,0.0,5.0,103.0,AP,2021_09_09
5,3NR,Med,11.0,37.0,1.0,3.0,1.0,Actor-incongruent,0.48272109031677246,1.0,13.0,111.0,AP,2021_09_09
6,3NR,Med,11.0,32.0,1.0,2.0,1.0,Observer-incongruent,0.5152308940887451,1.0,11.0,123.0,AP,2021_09_09
7,3NR,Med,9.0,32.0,1.0,2.0,1.0,Observer,0.31536388397216797,1.0,16.0,140.0,AP,2021_09_09
8,3NR,Med,11.0,35.0,1.0,3.0,1.0,Observer,0.4156076908111572,1.0,11.0,152.0,AP,2021_09_09
9,3NR,High,12.0,34.0,1.0,3.0,1.0,Observer-incongruent,0.34867191314697266,1.0,10.0,163.0,AP,2021_09_09
10,3NR,Med,11.0,29.0,1.0,3.0,1.0,Observer-incongruent,0.13174819946289062,1.0,14.0,194.0,AP,2021_09_09
11,3NR,High,14.0,35.0,1.0,3.0,1.0,Observer-incongruent,0.2982461452484131,1.0,11.0,216.0,AP,2021_09_09
12,3NR,Med,9.0,30.0,1.0,2.0,1.0,Observer,0.31589603424072266,1.0,7.0,224.0,AP,2021_09_09
13,3NR,Med,9.0,32.0,1.0,3.0,0.0,Observer-incongruent,0.0,0.0,8.0,272.0,AP,2021_09_09
14,3NR,High,12.0,29.0,1.0,2.0,1.0,Observer-incongruent,0.09852814674377441,1.0,9.0,293.0,AP,2021_09_09
15,3NR,Med,9.0,29.0,1.0,3.0,1.0,Observer-incongruent,0.24990272521972656,1.0,8.0,307.0,AP,2021_09_09
16,3NR,Med,9.0,30.0,1.0,2.0,1.0,Observer,0.6664068698883057,1.0,10.0,318.0,AP,2021_09_09
17,3NR,Med,9.0,32.0,1.0,2.0,0.0,Actor,0.01652979850769043,0.0,7.0,329.0,AP,2021_09_09
18,3NR,Med,11.0,34.0,1.0,2.0,0.0,Observer,0.6335396766662598,0.0,10.0,342.0,AP,2021_09_09
19,3NR,High,13.0,36.0,1.0,1.0,1.0,Observer-incongruent,0.43191099166870117,1.0,15.0,347.0,AP,2021_09_09
20,3NR,Low,7.0,26.0,1.0,2.0,1.0,Observer,0.01628899574279785,1.0,7.0,358.0,AP,2021_09_09
21,3NR,Med,11.0,32.0,1.0,2.0,1.0,Observer-incongruent,0.9168329238891602,1.0,13.0,384.0,AP,2021_09_09
22,3NR,High,12.0,34.0,1.0,3.0,1.0,Actor,0.46582674980163574,1.0,11.0,398.0,AP,2021_09_09
23,3NR,High,12.0,29.0,1.0,2.0,1.0,Actor,0.38248181343078613,1.0,7.0,409.0,AP,2021_09_09
24,3NR,High,12.0,35.0,1.0,3.0,1.0,Observer-incongruent,0.2982509136199951,1.0,10.0,431.0,AP,2021_09_09
25,3NR,Med,10.0,30.0,1.0,2.0,1.0,Observer,0.0,1.0,6.0,443.0,AP,2021_09_09
26,3NR,Med,11.0,31.0,1.0,2.0,1.0,Actor,0.09949898719787598,1.0,8.0,454.0,AP,2021_09_09
27,3NR,Med,10.0,26.0,1.0,2.0,1.0,Observer,1.080718994140625,1.0,11.0,477.0,AP,2021_09_09
28,3NR,Med,10.0,29.0,1.0,2.0,0.0,Actor,0.31559181213378906,0.0,8.0,486.0,AP,2021_09_09
29,3NR,Low,8.0,29.0,0.0,1.0,0.0,Observer,0.015621185302734375,1.0,3.0,493.0,AP,2021_09_09
30,3NR,High,12.0,32.0,1.0,2.0,1.0,Actor,0.0,1.0,13.0,516.0,AP,2021_09_09
0,4NR,High,14.0,45.0,1.0,3.0,1.0,Actor-incongruent,0.6169180870056152,1.0,12.0,96.0,AP,2021_09_09
1,4NR,Low,8.0,38.0,1.0,3.0,1.0,Observer-incongruent,0.4661428928375244,1.0,8.0,225.0,AP,2021_09_09
2,4NR,Med,9.0,41.0,1.0,3.0,1.0,Observer-incongruent,0.2988407611846924,1.0,14.0,385.0,AP,2021_09_09
3,4NR,High,13.0,47.0,1.0,3.0,1.0,Observer-incongruent,0.44989967346191406,1.0,12.0,399.0,AP,2021_09_09
4,4NR,Med,10.0,45.0,1.0,3.0,1.0,Observer-incongruent,0.7993490695953369,1.0,11.0,432.0,AP,2021_09_09
5,4NR,Med,11.0,41.0,1.0,2.0,1.0,Observer-incongruent,0.33121681213378906,1.0,7.0,444.0,AP,2021_09_09
6,4NR,High,12.0,43.0,1.0,2.0,1.0,Observer-incongruent,0.31638598442077637,1.0,9.0,455.0,AP,2021_09_09
