Unnamed: 0,trial_idx,trial_start_time,agent_choices,choice_a0,choice_a1,better_choice,correct_a0,correct_a1,correct_choices,navigation_init_time,navigation_init_idx,navigation_end_time,observer,player,player_choice,observer_choice,poll_probs,prop_touched_polls,reaction_time,reward,reward_time,total_polls,touched_polls,difficulty,trial_aborted,trial_duration,date_time,trial_num,switched_self,n_pre_switch_self,switched_actor,n_pre_switch_actor,history,alt_history,pos_in_block,pos_in_block_obj,attention_narrow,attention_wide,attention_full,attention_control_narrow,attention_control_wide,attention_control_full,attention_narrow_L,attention_wide_L,attention_full_L,attention_control_narrow_L,attention_control_wide_L,attention_control_full_L
0,0,1670615630.833762,"[-1.0, -1.0]",-1.0,-1.0,1.0,-1.0,-1.0,"[-1.0, -1.0]",1670615633.233377,144,7.714436054229736,1,0,-1,-1,0.0,0.5333333333333333,"[1.5986640453338623, 0.9978382587432861]",0.0,7.714436054229736,15,8,1.9289798685905784,0,8.71429991722107,2022_12_09_14_53_49,1,"[1, 1]","[1, 1]","[1, 1]","[1, 1]",1NRO,1NR,0.0,1,,,,,,,,,,,,
1,1,1670615642.3312829,"[1.0, 1.0]",1.0,1.0,1.0,1.0,1.0,"[1.0, 1.0]",1670615649.982034,459,8.749320983886719,0,1,1,1,0.15,0.6666666666666666,"[2.266364336013794, 6.849421262741089]",1.0,8.749320983886719,3,2,1.2465069129296789,0,9.749319314956663,2022_12_09_14_54_01,2,"[0, 1]","[3, 1]","[0, 1]","[2, 1]",1R,1R,0.0,2,,,,,,,,,,,,
2,2,1670615654.930418,"[1.0, -1.0]",1.0,-1.0,1.0,1.0,-1.0,"[1.0, -1.0]",1670615657.466125,151,7.832463979721069,0,1,-1,1,0.0,0.1333333333333333,"[1.7164688110351562, 1.2834851741790771]",0.0,7.832463979721069,15,2,2.5893943195899944,0,8.832271099090576,2022_12_09_14_54_13,3,"[0, 0]","[2, 16]","[1, 0]","[1, 8]",1NRO,1NR,1.0,3,,,,,,,,,,,,
3,3,1670615666.530018,"[1.0, -1.0]",1.0,-1.0,1.0,1.0,-1.0,"[1.0, -1.0]",1670615671.4978611,298,10.265891790390016,0,1,-1,1,0.0,0.3333333333333333,"[4.165392875671387, 0.982428789138794]",0.0,10.265891790390016,15,5,2.1989096973313305,0,11.265236854553224,2022_12_09_14_54_25,4,"[1, 0]","[1, 15]","[0, 0]","[2, 7]",2NRO,2NR,2.0,4,,,,,,,,,,,,
4,4,1670615680.695564,"[-1.0, -1.0]",-1.0,-1.0,1.0,-1.0,-1.0,"[-1.0, -1.0]",1670615682.663327,118,7.15020489692688,1,0,-1,-1,0.0,0.6666666666666666,"[1.1664540767669678, 0.9823880195617676]",0.0,7.15020489692688,15,10,1.778255885135611,0,8.150252103805542,2022_12_09_14_54_39,5,"[1, 0]","[1, 14]","[1, 0]","[1, 6]",3NRO,3NR,3.0,5,,,,,,,,,,,,
5,5,1670615691.6112058,"[1.0, -1.0]",1.0,-1.0,1.0,1.0,-1.0,"[1.0, -1.0]",1670615712.4129589,1247,26.09814715385437,0,1,-1,1,0.0,0.2,"[2.833261013031006, 19.999138116836548]",0.0,26.09814715385437,15,3,2.4438067891427853,0,27.09819221496582,2022_12_09_14_54_50,6,"[0, 0]","[8, 13]","[1, 0]","[1, 5]",4NRO,4NR,4.0,6,,,,,,,,,,,,
6,6,1670615722.359089,"[1.0, -1.0]",1.0,-1.0,1.0,1.0,-1.0,"[1.0, -1.0]",1670615734.711149,740,17.649205923080444,0,1,-1,1,0.0,0.2666666666666666,"[2.466696262359619, 11.549413204193115]",0.0,17.649205923080444,15,4,1.6562540868209623,0,18.648620128631592,2022_12_09_14_55_21,7,"[0, 0]","[7, 12]","[1, 0]","[1, 4]",5NRO,5NR,5.0,7,,,,,,,,,,,,
7,7,1670615767.1895769,"[1.0, -1.0]",1.0,-1.0,1.0,1.0,-1.0,"[1.0, -1.0]",1670615776.490947,558,14.600366115570068,0,1,-1,1,0.0,0.2666666666666666,"[6.549554109573364, 8.499377965927124]",0.0,14.600366115570068,15,4,2.1806625430149755,0,15.599963188171388,2022_12_09_14_56_06,8,"[0, 0]","[6, 11]","[1, 0]","[1, 3]",6NRO,6NR,6.0,8,,,,,,,,,,,,
8,8,1670616107.916057,"[1.0, -1.0]",1.0,-1.0,1.0,1.0,-1.0,"[1.0, -1.0]",1670616114.185128,375,11.365272760391235,0,1,-1,1,0.0,0.3333333333333333,"[5.466844797134399, 4.383098840713501]",0.0,11.365272760391235,15,5,1.843581174546304,0,12.365320920944214,2022_12_09_15_01_46,9,"[0, 0]","[5, 10]","[1, 0]","[1, 2]",7NRO,7NR,7.0,9,,,,,,,,,,,,
9,9,1670616191.926666,"[1.0, -1.0]",1.0,-1.0,1.0,1.0,-1.0,"[1.0, -1.0]",1670616194.545343,157,5.084518909454346,1,0,1,-1,0.15,0.5714285714285714,"[1.8170838356018066, 1.0333428382873535]",1.0,5.084518909454346,7,4,1.72026481568555,0,6.084326982498169,2022_12_09_15_03_10,10,"[0, 0]","[4, 9]","[0, 1]","[2, 1]",1R,1R,8.0,10,,,,,,,,,,,,
10,10,1670616200.6761951,"[1.0, -1.0]",1.0,-1.0,1.0,1.0,-1.0,"[1.0, -1.0]",1670616207.49397,409,11.916059732437134,0,1,-1,1,0.0,0.4,"[6.016291856765747, 4.917069673538208]",0.0,11.916059732437134,15,6,1.9374097776806227,0,12.932754755020142,2022_12_09_15_03_19,11,"[0, 0]","[3, 8]","[1, 0]","[1, 2]",1NRO,1NR,9.0,11,,,,,,,,,,,,
11,11,1670617112.4613929,"[1.0, -1.0]",1.0,-1.0,-1.0,-1.0,1.0,"[-1.0, 1.0]",1670617118.346546,353,11.034256219863892,1,0,1,-1,0.0,0.6666666666666666,"[2.349396228790283, 5.0828752517700195]",0.0,11.034256219863892,15,10,1.918812050825652,0,12.033133029937744,2022_12_09_15_18_31,12,"[0, 0]","[2, 7]","[0, 1]","[3, 1]",1NRG,2NR,10.0,1,,,,,,,,,,,,
12,12,1670617127.42657,"[1.0, -1.0]",1.0,-1.0,-1.0,-1.0,1.0,"[-1.0, 1.0]",1670617130.8787751,207,4.550218105316162,0,1,-1,1,0.15,0.6666666666666666,"[2.1169679164886475, 2.6497111320495605]",1.0,4.550218105316162,3,2,1.6922205179317014,0,5.55089807510376,2022_12_09_15_18_46,13,"[1, 0]","[1, 6]","[0, 0]","[2, 4]",1R,1R,0.0,2,,,,,,,,,,,,
13,13,1670617135.625798,"[-1.0, -1.0]",-1.0,-1.0,-1.0,1.0,1.0,"[1.0, 1.0]",1670617137.5778098,117,5.050230026245117,0,1,-1,-1,0.15,0.4444444444444444,"[1.150453805923462, 0.9838790893554688]",1.0,5.050230026245117,9,4,1.4729584323520069,0,6.050040006637573,2022_12_09_15_18_54,14,"[1, 0]","[1, 5]","[1, 0]","[1, 3]",1R,1R,1.0,3,,,,,,,,,,,,
14,14,1670617144.342172,"[1.0, -1.0]",1.0,-1.0,-1.0,-1.0,1.0,"[-1.0, 1.0]",1670617146.1282802,107,5.2494871616363525,0,1,-1,1,0.15,0.8,"[0.9828300476074219, 0.9828300476074219]",1.0,5.2494871616363525,10,8,1.6569568258156069,0,6.250169038772583,2022_12_09_15_19_03,15,"[0, 0]","[2, 4]","[1, 0]","[1, 2]",1R,1R,2.0,4,,,,,,,,,,,,
15,15,1670617153.258632,"[1.0, -1.0]",1.0,-1.0,-1.0,-1.0,1.0,"[-1.0, 1.0]",1670617155.1936798,116,7.232120037078857,1,0,1,-1,0.0,0.7333333333333333,"[1.1333491802215576, 0.9829649925231934]",0.0,7.232120037078857,15,11,1.6122829484717682,0,8.232210159301758,2022_12_09_15_19_12,16,"[1, 0]","[1, 3]","[1, 1]","[1, 1]",1NRO,1NR,3.0,5,,,,,,,,,,,,
16,16,1670617164.224489,"[-1.0, -1.0]",-1.0,-1.0,-1.0,1.0,1.0,"[1.0, 1.0]",1670617166.725615,150,5.650434970855713,1,0,-1,-1,0.15,0.4444444444444444,"[1.6992220878601074, 1.016294240951538]",1.0,5.650434970855713,9,4,2.05096241502812,0,6.649122953414917,2022_12_09_15_19_23,17,"[0, 0]","[4, 2]","[0, 0]","[3, 2]",1R,1R,4.0,6,,,,,,,,,,,,
17,17,1670617173.573596,"[-1.0, -1.0]",-1.0,-1.0,-1.0,1.0,1.0,"[1.0, 1.0]",1670617175.825818,135,7.349436044692993,0,1,-1,-1,0.15,0.6666666666666666,"[1.450678825378418, 0.9997401237487793]",0.0,7.349436044692993,15,10,1.5620088768297933,0,8.349455118179321,2022_12_09_15_19_32,18,"[0, 1]","[3, 1]","[0, 1]","[2, 1]",1NR,1NR,5.0,7,,,,,,,,,,,,
18,18,1670617184.690507,"[-1.0, 1.0]",-1.0,1.0,-1.0,1.0,-1.0,"[1.0, -1.0]",1670617187.174868,149,7.582030057907104,0,1,1,-1,0.0,0.7333333333333333,"[0.9995999336242676, 1.6825180053710938]",0.0,7.582030057907104,15,11,1.6577516054009505,0,8.581804037094116,2022_12_09_15_19_43,19,"[0, 1]","[2, 1]","[1, 1]","[1, 1]",1NRO,2NR,6.0,8,,,,,,,,,,,,
19,19,1670617196.0388422,"[-1.0, -1.0]",-1.0,-1.0,-1.0,1.0,1.0,"[1.0, 1.0]",1670617198.206692,129,2.949867010116577,0,1,-1,-1,0.15,0.5,"[1.349970817565918, 0.9833526611328125]",1.0,2.949867010116577,2,1,1.4156045515882238,0,3.949854850769043,2022_12_09_15_19_54,20,"[1, 0]","[1, 3]","[1, 0]","[1, 2]",1R,1R,7.0,9,,,,,,,,,,,,
20,20,1670617202.538476,"[1.0, -1.0]",1.0,-1.0,-1.0,-1.0,1.0,"[-1.0, 1.0]",1670617205.7071629,190,8.268903017044067,1,0,1,-1,0.0,0.7333333333333333,"[2.3662731647491455, 0.9835348129272461]",0.0,8.268903017044067,15,11,1.72649719265003,0,9.266528129577637,2022_12_09_15_20_01,21,"[1, 0]","[1, 2]","[1, 1]","[1, 1]",1NRO,1NR,8.0,10,,,,,,,,,,,,
21,21,1670617214.604919,"[-1.0, -1.0]",-1.0,-1.0,-1.0,1.0,1.0,"[1.0, 1.0]",1670617216.538548,116,7.082864999771118,0,1,-1,-1,0.15,0.8,"[1.1319611072540283, 1.0323750972747803]",0.0,7.082864999771118,15,12,1.1819865517188777,0,8.082458972930908,2022_12_09_15_20_13,22,"[1, 1]","[1, 1]","[1, 1]","[1, 1]",1NRG,2NR,9.0,11,,,,,,,,,,,,
22,22,1670617225.436726,"[1.0, 1.0]",1.0,1.0,1.0,1.0,1.0,"[1.0, 1.0]",1670617227.8217442,143,7.483077764511108,1,0,1,1,0.15,0.8,"[1.583378791809082, 1.334289789199829]",1.0,7.483077764511108,15,12,1.6419381862207572,0,8.48372769355774,2022_12_09_15_20_24,23,"[0, 1]","[5, 1]","[0, 1]","[2, 1]",1R,1R,0.0,1,,,,,,,,,,,,
23,23,1670617236.686222,"[1.0, -1.0]",1.0,-1.0,1.0,1.0,-1.0,"[1.0, -1.0]",1670617238.4885912,108,6.91610598564148,0,1,-1,1,0.0,0.5333333333333333,"[1.0002288818359375, 0.9831387996673584]",0.0,6.91610598564148,15,8,2.295737415187607,0,7.915692090988159,2022_12_09_15_20_35,24,"[0, 1]","[4, 1]","[1, 1]","[1, 1]",1NRO,1NR,1.0,2,,,,,,,,,,,,
24,24,1670617247.352553,"[1.0, 1.0]",1.0,1.0,1.0,1.0,1.0,"[1.0, 1.0]",1670617249.303478,117,5.049530267715454,1,0,1,1,0.15,0.7777777777777778,"[1.1493282318115234, 1.0327281951904297]",1.0,5.049530267715454,9,7,1.699835207028528,0,6.049259185791016,2022_12_09_15_20_46,25,"[0, 1]","[3, 1]","[0, 1]","[2, 1]",1R,1R,2.0,3,,,,,,,,,,,,
25,25,1670617256.068195,"[1.0, -1.0]",1.0,-1.0,1.0,1.0,-1.0,"[1.0, -1.0]",1670617258.653856,155,7.8821258544921875,0,1,-1,1,0.0,0.6,"[1.0499329566955566, 1.782918930053711]",0.0,7.8821258544921875,15,9,2.393826172832083,0,8.882411003112793,2022_12_09_15_20_55,26,"[0, 0]","[2, 8]","[1, 0]","[1, 2]",1NRO,1NR,3.0,4,,,,,,,,,,,,
26,26,1670617267.733561,"[1.0, -1.0]",1.0,-1.0,1.0,1.0,-1.0,"[1.0, -1.0]",1670617269.969398,134,4.384649991989136,1,0,1,-1,0.15,0.5,"[1.1504919528961182, 1.433650016784668]",1.0,4.384649991989136,6,3,1.9489277110616912,0,5.384629964828491,2022_12_09_15_21_06,27,"[1, 0]","[1, 7]","[1, 1]","[1, 1]",1R,1R,4.0,5,,,,,,,,,,,,
27,27,1670619314.9759429,"[-1.0, -1.0]",-1.0,-1.0,1.0,-1.0,-1.0,"[-1.0, -1.0]",1670619321.109002,368,11.332290172576904,1,0,-1,-1,0.0,0.6666666666666666,"[5.332512140274048, 3.814972162246704]",0.0,11.332290172576904,15,10,1.4194074897312536,0,12.332167148590088,2022_12_09_15_55_13,28,"[1, 0]","[1, 6]","[1, 0]","[1, 2]",1NRO,1NR,5.0,6,,,,,,,,,,,,
28,28,1670619330.257094,"[1.0, -1.0]",1.0,-1.0,1.0,1.0,-1.0,"[1.0, -1.0]",1670619332.1589508,114,7.0674889087677,1,0,1,-1,0.15,0.5333333333333333,"[1.1000633239746094, 0.983583927154541]",0.0,7.0674889087677,15,8,1.5790781146663493,0,8.066975116729736,2022_12_09_15_55_29,29,"[0, 0]","[7, 5]","[0, 1]","[3, 1]",1NRG,2NR,6.0,7,,,,,,,,,,,,
29,29,1670619409.96692,"[1.0, -1.0]",1.0,-1.0,1.0,1.0,-1.0,"[1.0, -1.0]",1670619426.033692,963,21.16559910774231,1,0,1,-1,0.15,0.6666666666666666,"[1.148346185684204, 15.26463508605957]",0.0,21.16559910774231,15,10,1.956180695714667,0,22.18070411682129,2022_12_09_15_56_48,30,"[0, 0]","[6, 4]","[0, 1]","[2, 1]",2NRG,3NR,7.0,8,,,,,,,,,,,,
30,30,1670619458.4787772,"[1.0, -1.0]",1.0,-1.0,1.0,1.0,-1.0,"[1.0, -1.0]",1670619463.1815948,282,9.89919376373291,0,1,-1,1,0.0,0.6666666666666666,"[3.9006457328796387, 1.9997119903564453]",0.0,9.89919376373291,15,10,1.5764733746278052,0,10.8990957736969,2022_12_09_15_57_37,31,"[0, 0]","[5, 3]","[1, 0]","[1, 5]",1NRO,4NR,8.0,9,,,,,,,,,,,,
31,31,1670619472.261463,"[1.0, -1.0]",1.0,-1.0,1.0,1.0,-1.0,"[1.0, -1.0]",1670619474.5302668,136,7.43262505531311,0,1,-1,1,0.0,0.5333333333333333,"[1.4668149948120117, 0.9833521842956543]",0.0,7.43262505531311,15,8,2.3063913264052776,0,8.432449102401733,2022_12_09_15_57_51,32,"[0, 0]","[4, 2]","[1, 0]","[1, 4]",2NRO,5NR,9.0,10,,,,,,,,,,,,
32,32,1670619483.4609668,"[1.0, -1.0]",1.0,-1.0,1.0,1.0,-1.0,"[1.0, -1.0]",1670619485.546039,125,3.851350069046021,1,0,1,-1,0.15,0.6,"[1.2830541133880615, 0.9830482006072998]",1.0,3.851350069046021,5,3,1.6382332377758533,0,4.851203203201294,2022_12_09_15_58_02,33,"[0, 1]","[3, 1]","[0, 0]","[3, 3]",1R,1R,10.0,11,,,,,,,,,,,,
33,33,1670619490.926432,"[1.0, 1.0]",1.0,1.0,1.0,1.0,1.0,"[1.0, 1.0]",1670619493.127779,132,3.300542116165161,0,1,1,1,0.15,0.6666666666666666,"[1.4004490375518799, 1.2504031658172607]",1.0,3.300542116165161,3,2,1.3962644464716678,0,4.299530029296875,2022_12_09_15_58_09,34,"[0, 0]","[2, 2]","[0, 0]","[2, 2]",1R,1R,11.0,12,,,,,,,,,,,,
34,34,1670619497.809835,"[1.0, 1.0]",1.0,1.0,-1.0,-1.0,-1.0,"[-1.0, -1.0]",1670619500.844488,182,8.348881006240845,1,0,1,1,0.0,0.7333333333333333,"[1.433021068572998, 2.2329840660095215]",0.0,8.348881006240845,15,11,1.4836432871431002,0,9.349318027496338,2022_12_09_15_58_16,35,"[1, 1]","[1, 1]","[1, 1]","[1, 1]",1NR,1NR,12.0,1,,,,,,,,,,,,
35,35,1670619509.975592,"[-1.0, -1.0]",-1.0,-1.0,-1.0,1.0,1.0,"[1.0, 1.0]",1670619513.044681,184,6.233458995819092,1,0,-1,-1,0.15,0.7777777777777778,"[1.0828590393066406, 2.2669010162353516]",1.0,6.233458995819092,9,7,1.4533149239695162,0,7.2333362102508545,2022_12_09_15_58_28,36,"[0, 1]","[11, 1]","[0, 1]","[2, 1]",1R,1R,0.0,2,,,,,,,,,,,,
36,36,1670619519.9249852,"[-1.0, 1.0]",-1.0,1.0,-1.0,1.0,-1.0,"[1.0, -1.0]",1670619523.960068,242,9.349914789199827,0,1,1,-1,0.0,0.5333333333333333,"[1.0830519199371338, 3.2333037853240967]",0.0,9.349914789199827,15,8,1.606001693662638,0,10.3498797416687,2022_12_09_15_58_38,37,"[0, 1]","[10, 1]","[1, 1]","[1, 1]",1NRO,1NR,1.0,3,,,,,,,,,,,,
37,37,1670619533.123722,"[-1.0, -1.0]",-1.0,-1.0,-1.0,1.0,1.0,"[1.0, 1.0]",1670619535.40877,137,4.066565036773682,0,1,-1,-1,0.15,0.4,"[1.4835798740386963, 0.983773946762085]",1.0,4.066565036773682,5,2,2.02772929900627,0,5.066016912460327,2022_12_09_15_58_52,38,"[0, 0]","[9, 4]","[0, 0]","[9, 4]",1R,1R,2.0,4,,,,,,,,,,,,
38,38,1670619540.806925,"[-1.0, -1.0]",-1.0,-1.0,-1.0,1.0,1.0,"[1.0, 1.0]",1670619543.291126,149,3.59988784790039,1,0,-1,-1,0.15,0.3333333333333333,"[1.6829781532287598, 0.9828338623046875]",1.0,3.59988784790039,3,1,1.2516763831725377,0,4.6001598834991455,2022_12_09_15_58_59,39,"[0, 0]","[8, 3]","[0, 0]","[8, 3]",1R,1R,3.0,5,,,,,,,,,,,,
39,39,1670619548.006403,"[-1.0, -1.0]",-1.0,-1.0,-1.0,1.0,1.0,"[1.0, 1.0]",1670619549.790787,107,5.566905975341797,1,0,-1,-1,0.15,0.7272727272727273,"[0.9829311370849609, 0.9829311370849609]",1.0,5.566905975341797,11,8,1.4472155736481709,0,6.566625118255615,2022_12_09_15_59_06,40,"[0, 0]","[7, 2]","[0, 0]","[7, 2]",1R,1R,4.0,6,,,,,,,,,,,,
40,40,1670619557.2395,"[-1.0, -1.0]",-1.0,-1.0,-1.0,1.0,1.0,"[1.0, 1.0]",1670619559.4235818,131,3.3003408908843994,1,0,-1,-1,0.15,1.0,"[1.383018970489502, 1.0991668701171875]",1.0,3.3003408908843994,3,3,2.080095501145113,0,4.299651861190796,2022_12_09_15_59_16,41,"[0, 1]","[6, 1]","[0, 1]","[6, 1]",1R,1R,5.0,7,,,,,,,,,,,,
41,41,1670619564.1221828,"[-1.0, 1.0]",-1.0,1.0,-1.0,1.0,-1.0,"[1.0, -1.0]",1670619568.0571048,236,5.734523296356201,1,0,-1,1,0.15,0.6,"[0.9832251071929932, 3.1330971717834473]",1.0,5.734523296356201,5,3,1.7834325149503791,0,6.733475208282471,2022_12_09_15_59_23,42,"[0, 0]","[5, 2]","[0, 1]","[5, 1]",1R,1R,6.0,8,,,,,,,,,,,,
42,42,1670619573.554482,"[-1.0, 1.0]",-1.0,1.0,-1.0,1.0,-1.0,"[1.0, -1.0]",1670619577.873097,258,4.817663908004761,1,0,-1,1,0.15,1.0,"[0.9830441474914551, 3.5168540477752686]",1.0,4.817663908004761,1,1,2.176379174747659,0,5.817167043685913,2022_12_09_15_59_32,43,"[0, 1]","[4, 1]","[0, 0]","[4, 3]",1R,1R,7.0,9,,,,,,,,,,,,
43,43,1670619582.037769,"[-1.0, -1.0]",-1.0,-1.0,-1.0,1.0,1.0,"[1.0, 1.0]",1670619585.0551229,181,7.115390777587891,0,1,-1,-1,0.15,1.0,"[1.065613031387329, 2.215942859649658]",1.0,7.115390777587891,12,12,1.5332882319068186,0,8.117027044296265,2022_12_09_15_59_40,44,"[0, 0]","[3, 2]","[0, 0]","[3, 2]",1R,1R,8.0,10,,,,,,,,,,,,
44,44,1670619592.920053,"[-1.0, -1.0]",-1.0,-1.0,-1.0,1.0,1.0,"[1.0, 1.0]",1670619595.821024,174,6.433134078979492,1,0,-1,-1,0.15,0.7,"[2.0996768474578857, 0.9832460880279541]",1.0,6.433134078979492,10,7,1.829015961704255,0,7.432575941085815,2022_12_09_15_59_51,45,"[0, 1]","[2, 1]","[0, 1]","[2, 1]",1R,1R,9.0,11,,,,,,,,,,,,
45,45,1670619603.0855958,"[-1.0, 1.0]",-1.0,1.0,1.0,-1.0,1.0,"[-1.0, 1.0]",1670619607.787694,282,9.80234718322754,1,0,-1,1,0.0,0.7333333333333333,"[1.382883071899414, 3.900689125061035]",0.0,9.80234718322754,15,11,1.6422227809640362,0,10.799983263015749,2022_12_09_16_00_02,46,"[1, 0]","[1, 4]","[1, 1]","[1, 1]",1NR,1NR,10.0,1,,,,,,,,,,,,
46,46,1670619616.768867,"[1.0, 1.0]",1.0,1.0,1.0,1.0,1.0,"[1.0, 1.0]",1670619619.0525792,137,4.065813064575195,0,1,1,1,0.15,0.4,"[1.0161778926849365, 1.4825670719146729]",1.0,4.065813064575195,5,2,2.1767854802851523,0,5.064955949783325,2022_12_09_16_00_15,47,"[0, 0]","[6, 3]","[0, 0]","[6, 3]",1R,1R,0.0,2,,,,,,,,,,,,
47,47,1670619624.450782,"[1.0, 1.0]",1.0,1.0,1.0,1.0,1.0,"[1.0, 1.0]",1670619630.635424,370,7.616567850112915,0,1,1,1,0.15,0.75,"[1.4832968711853027, 5.3837668895721436]",1.0,7.616567850112915,4,3,1.463106404026709,0,8.616794109344482,2022_12_09_16_00_23,48,"[0, 0]","[5, 2]","[0, 0]","[5, 2]",1R,1R,1.0,3,,,,,,,,,,,,
48,48,1670619635.866574,"[1.0, 1.0]",1.0,1.0,1.0,1.0,1.0,"[1.0, 1.0]",1670619638.4676712,156,3.4839370250701904,1,0,1,1,0.15,0.5,"[1.7997779846191406, 0.9832310676574707]",1.0,3.4839370250701904,2,1,1.281855915508589,0,4.484287023544312,2022_12_09_16_00_34,49,"[0, 1]","[4, 1]","[0, 1]","[4, 1]",1R,1R,2.0,4,,,,,,,,,,,,
49,49,1670619642.949557,"[1.0, -1.0]",1.0,-1.0,1.0,1.0,-1.0,"[1.0, -1.0]",1670619644.885508,116,3.368557929992676,1,0,1,-1,0.15,0.25,"[0.9995629787445068, 1.133565902709961]",1.0,3.368557929992676,4,1,1.4848658513600037,0,4.367644786834717,2022_12_09_16_00_41,50,"[0, 1]","[3, 1]","[0, 0]","[3, 3]",1R,1R,3.0,5,,,,,,,,,,,,
50,50,1670619649.899627,"[1.0, 1.0]",1.0,1.0,1.0,1.0,1.0,"[1.0, 1.0]",1670619653.6669152,225,4.533447980880737,0,1,1,1,0.15,0.5,"[0.9830570220947266, 2.9661641120910645]",1.0,4.533447980880737,2,1,1.6111371913121697,0,5.532673120498657,2022_12_09_16_00_48,51,"[0, 0]","[2, 2]","[0, 0]","[2, 2]",1R,1R,4.0,6,,,,,,,,,,,,
51,51,1670619658.081784,"[1.0, 1.0]",1.0,1.0,1.0,1.0,1.0,"[1.0, 1.0]",1670619661.58286,210,8.59998607635498,0,1,1,1,0.15,0.7333333333333333,"[2.6999459266662598, 0.9997038841247559]",0.0,8.59998607635498,15,11,1.4315101783556927,0,9.599736213684082,2022_12_09_16_00_57,52,"[1, 1]","[1, 1]","[1, 1]","[1, 1]",1NR,1NR,5.0,7,,,,,,,,,,,,
52,52,1670619670.515052,"[-1.0, -1.0]",-1.0,-1.0,1.0,-1.0,-1.0,"[-1.0, -1.0]",1670619673.465489,177,8.0657799243927,0,1,-1,-1,0.0,0.7333333333333333,"[0.9823689460754395, 2.149348735809326]",0.0,8.0657799243927,15,11,1.3785154269280273,0,9.065485954284668,2022_12_09_16_01_09,53,"[0, 0]","[3, 3]","[0, 0]","[3, 3]",1NRO,2NR,6.0,8,,,,,,,,,,,,
53,53,1670619682.363924,"[-1.0, -1.0]",-1.0,-1.0,1.0,-1.0,-1.0,"[-1.0, -1.0]",1670619686.431542,244,9.233287811279297,0,1,-1,-1,0.0,0.6,"[3.0325307846069336, 3.265920877456665]",0.0,9.233287811279297,15,9,1.9594623132745383,0,10.23207688331604,2022_12_09_16_01_21,54,"[0, 0]","[2, 2]","[0, 0]","[2, 2]",2NRO,3NR,7.0,9,,,,,,,,,,,,
54,54,1670619695.446198,"[-1.0, -1.0]",-1.0,-1.0,1.0,-1.0,-1.0,"[-1.0, -1.0]",1670619697.3137002,112,6.983009099960327,1,0,-1,-1,0.0,0.6,"[1.0664849281311035, 0.9827861785888672]",0.0,6.983009099960327,15,9,1.8524110137747327,0,7.982269048690796,2022_12_09_16_01_34,55,"[1, 1]","[1, 1]","[1, 1]","[1, 1]",3NRO,4NR,8.0,10,,,,,,,,,,,,
55,55,1670619706.178869,"[1.0, 1.0]",1.0,1.0,1.0,1.0,1.0,"[1.0, 1.0]",1670619711.413223,314,6.032942056655884,0,1,1,1,0.15,1.0,"[1.1671888828277588, 4.433272123336792]",1.0,6.032942056655884,2,2,1.798569920702959,0,7.0334320068359375,2022_12_09_16_01_45,56,"[0, 0]","[3, 3]","[0, 0]","[3, 3]",1R,1R,9.0,11,,,,,,,,,,,,
56,56,1670619715.927846,"[1.0, 1.0]",1.0,1.0,1.0,1.0,1.0,"[1.0, 1.0]",1670619720.4955058,274,6.000095844268799,0,1,1,1,0.15,0.75,"[1.133263111114502, 3.766334056854248]",1.0,6.000095844268799,4,3,1.6464226290026704,0,6.999924898147583,2022_12_09_16_01_54,57,"[0, 0]","[2, 2]","[0, 0]","[2, 2]",1R,1R,10.0,12,,,,,,,,,,,,
57,57,1670619725.660638,"[1.0, 1.0]",1.0,1.0,-1.0,-1.0,-1.0,"[-1.0, -1.0]",1670619727.7288032,124,7.366052150726318,0,1,1,1,0.0,0.7333333333333333,"[1.2666981220245361, 1.2498769760131836]",0.0,7.366052150726318,15,11,1.258394496915139,0,8.365752220153809,2022_12_09_16_02_04,58,"[1, 1]","[1, 1]","[1, 1]","[1, 1]",1NR,1NR,11.0,1,,,,,,,,,,,,
58,58,1670619736.7930171,"[-1.0, -1.0]",-1.0,-1.0,-1.0,1.0,1.0,"[1.0, 1.0]",1670619739.5443609,165,7.95007586479187,1,0,-1,-1,0.15,0.6666666666666666,"[1.9494359493255615, 0.9830930233001709]",0.0,7.95007586479187,15,10,1.6792330651026466,0,8.950186967849731,2022_12_09_16_02_15,59,"[0, 0]","[9, 17]","[0, 0]","[9, 12]",1NRO,2NR,12.0,2,,,,,,,,,,,,
59,59,1670619748.542455,"[-1.0, -1.0]",-1.0,-1.0,-1.0,1.0,1.0,"[1.0, 1.0]",1670619751.392996,171,4.333423852920532,1,0,-1,-1,0.15,0.5,"[1.266894817352295, 2.0495691299438477]",1.0,4.333423852920532,4,2,1.4023223038413917,0,5.333175182342529,2022_12_09_16_02_27,60,"[0, 0]","[8, 16]","[0, 0]","[8, 11]",1R,1R,0.0,3,,,,,,,,,,,,
60,60,1670619756.5092,"[-1.0, -1.0]",-1.0,-1.0,-1.0,1.0,1.0,"[1.0, 1.0]",1670619760.325884,229,4.916014194488525,1,0,-1,-1,0.15,0.6666666666666666,"[1.4491901397705078, 3.0155980587005615]",1.0,4.916014194488525,3,2,1.9940025373384551,0,5.915888071060181,2022_12_09_16_02_35,61,"[0, 0]","[7, 15]","[0, 0]","[7, 10]",1R,1R,1.0,4,,,,,,,,,,,,
61,61,1670619765.091299,"[-1.0, -1.0]",-1.0,-1.0,-1.0,1.0,1.0,"[1.0, 1.0]",1670619767.193171,126,6.533184051513672,0,1,-1,-1,0.15,0.5384615384615384,"[1.300062894821167, 1.199920892715454]",1.0,6.533184051513672,13,7,1.905043415695496,0,7.53291392326355,2022_12_09_16_02_44,62,"[0, 0]","[6, 14]","[0, 0]","[6, 9]",1R,1R,2.0,5,,,,,,,,,,,,
62,62,1670619775.357513,"[-1.0, -1.0]",-1.0,-1.0,-1.0,1.0,1.0,"[1.0, 1.0]",1670619777.858198,150,5.933255910873413,0,1,-1,-1,0.15,0.7,"[1.6997151374816895, 1.4159150123596191]",1.0,5.933255910873413,10,7,2.096086849102968,0,6.932492971420288,2022_12_09_16_02_54,63,"[0, 0]","[5, 13]","[0, 0]","[5, 8]",1R,1R,3.0,6,,,,,,,,,,,,
63,63,1670619784.9896069,"[-1.0, -1.0]",-1.0,-1.0,-1.0,1.0,1.0,"[1.0, 1.0]",1670619787.074608,125,2.8498899936676025,0,1,-1,-1,0.15,0.5,"[1.2833261489868164, 0.9834690093994141]",1.0,2.8498899936676025,2,1,2.1462344667697377,0,3.849523305892944,2022_12_09_16_03_03,64,"[0, 0]","[4, 12]","[0, 0]","[4, 7]",1R,1R,4.0,7,,,,,,,,,,,,
64,64,1670619791.406197,"[-1.0, -1.0]",-1.0,-1.0,-1.0,1.0,1.0,"[1.0, 1.0]",1670619793.440434,122,3.583486795425415,0,1,-1,-1,0.15,0.75,"[1.2332878112792969, 0.9827299118041992]",1.0,3.583486795425415,4,3,1.3248335540055791,0,4.583498001098633,2022_12_09_16_03_10,65,"[0, 0]","[3, 11]","[0, 0]","[3, 6]",1R,1R,5.0,8,,,,,,,,,,,,
65,65,1670619798.58847,"[-1.0, -1.0]",-1.0,-1.0,-1.0,1.0,1.0,"[1.0, 1.0]",1670619800.423381,110,7.000005006790161,0,1,-1,-1,0.15,0.8,"[1.0330979824066162, 0.9998750686645508]",0.0,7.000005006790161,15,12,2.3581368718235938,0,7.99950385093689,2022_12_09_16_03_17,66,"[0, 0]","[2, 10]","[0, 0]","[2, 5]",1NR,1NR,6.0,9,,,,,,,,,,,,
66,66,1670619809.338024,"[-1.0, -1.0]",-1.0,-1.0,-1.0,1.0,1.0,"[1.0, 1.0]",1670619811.806701,148,3.600490093231201,1,0,-1,-1,0.15,0.3333333333333333,"[1.0674340724945068, 1.667186975479126]",1.0,3.600490093231201,3,1,2.364609717135195,0,4.600345134735107,2022_12_09_16_03_28,67,"[1, 0]","[1, 9]","[1, 0]","[1, 4]",1R,1R,7.0,10,,,,,,,,,,,,
67,67,1670619839.4534411,"[1.0, -1.0]",1.0,-1.0,-1.0,-1.0,1.0,"[-1.0, 1.0]",1670619841.272008,109,2.965592861175537,0,1,-1,1,0.15,0.3333333333333333,"[1.0161468982696533, 1.0161468982696533]",1.0,2.965592861175537,3,1,2.487902638999064,0,3.965175867080689,2022_12_09_16_03_58,68,"[0, 0]","[9, 8]","[1, 0]","[1, 3]",1R,1R,8.0,11,,,,,,,,,,,,
68,68,1670619845.9854872,"[1.0, -1.0]",1.0,-1.0,-1.0,-1.0,1.0,"[-1.0, 1.0]",1670619848.087883,126,6.000202894210815,0,1,-1,1,0.15,0.7272727272727273,"[1.2166407108306885, 1.2995147705078125]",1.0,6.000202894210815,11,8,1.457380828688723,0,6.999620676040649,2022_12_09_16_04_04,69,"[0, 0]","[8, 7]","[1, 0]","[1, 2]",1R,1R,9.0,12,,,,,,,,,,,,
69,69,1670619855.685107,"[1.0, -1.0]",1.0,-1.0,-1.0,-1.0,1.0,"[-1.0, 1.0]",1670619858.1371782,147,7.550557851791382,1,0,1,-1,0.0,0.6666666666666666,"[1.6496288776397705, 0.9831290245056152]",0.0,7.550557851791382,15,10,1.680340034209745,0,8.54983901977539,2022_12_09_16_04_14,70,"[0, 0]","[7, 6]","[0, 1]","[4, 1]",1NRO,1NR,10.0,13,,,,,,,,,,,,
70,70,1670619867.000548,"[1.0, -1.0]",1.0,-1.0,1.0,1.0,-1.0,"[1.0, -1.0]",1670619881.885479,892,15.98530888557434,1,0,1,-1,0.15,0.3333333333333333,"[1.300055742263794, 14.081990957260132]",1.0,15.98530888557434,3,1,2.3401326901010764,0,16.98431372642517,2022_12_09_16_04_25,71,"[0, 0]","[6, 5]","[0, 1]","[3, 1]",1R,1R,0.0,1,,,,,,,,,,,,
71,71,1670619887.18344,"[1.0, -1.0]",1.0,-1.0,1.0,1.0,-1.0,"[1.0, -1.0]",1670619892.801203,336,8.733225107192993,1,0,1,-1,0.15,0.5555555555555556,"[1.365365982055664, 4.816061019897461]",1.0,8.733225107192993,9,5,2.2767860304022243,0,9.733201026916504,2022_12_09_16_04_46,72,"[0, 0]","[5, 4]","[0, 1]","[2, 1]",1R,1R,1.0,2,,,,,,,,,,,,
72,72,1670619899.731542,"[1.0, -1.0]",1.0,-1.0,1.0,1.0,-1.0,"[1.0, -1.0]",1670619907.633595,474,13.217001914978027,0,1,-1,1,0.0,0.4666666666666667,"[1.0171918869018555, 7.100401878356934]",0.0,13.217001914978027,15,7,1.4030877737022986,0,14.217079877853394,2022_12_09_16_04_58,73,"[0, 0]","[4, 3]","[1, 0]","[1, 3]",1NRO,1NR,2.0,3,,,,,,,,,,,,
73,73,1670619939.912454,"[1.0, -1.0]",1.0,-1.0,1.0,1.0,-1.0,"[1.0, -1.0]",1670619952.780802,771,18.16680693626404,0,1,-1,1,0.0,0.4,"[12.049278259277344, 9.982264995574951]",0.0,18.16680693626404,15,6,1.1725196105366122,0,19.16506409645081,2022_12_09_16_05_38,74,"[0, 0]","[3, 2]","[1, 0]","[1, 2]",2NRO,2NR,3.0,4,,,,,,,,,,,,
74,74,1670621951.971431,"[1.0, -1.0]",1.0,-1.0,1.0,1.0,-1.0,"[1.0, -1.0]",1670621954.590724,157,7.916051149368286,0,1,-1,1,0.0,0.4666666666666667,"[1.8172860145568848, 1.6180059909820557]",0.0,7.916051149368286,15,7,1.6153336734583186,0,8.91593599319458,2022_12_09_16_39_10,75,"[0, 1]","[2, 1]","[1, 1]","[1, 1]",3NRO,3NR,4.0,5,,,,,,,,,,,,
75,75,1670621963.6712651,"[1.0, 1.0]",1.0,1.0,1.0,1.0,1.0,"[1.0, 1.0]",1670621966.08957,144,7.716638803482056,0,1,1,1,0.15,0.5333333333333333,"[1.5161547660827637, 1.5996410846710205]",0.0,7.716638803482056,15,8,2.3665876412170723,0,8.716333866119385,2022_12_09_16_39_22,76,"[1, 1]","[1, 1]","[1, 1]","[1, 1]",1NRG,4NR,5.0,6,,,,,,,,,,,,
76,76,1670621975.170397,"[-1.0, -1.0]",-1.0,-1.0,1.0,-1.0,-1.0,"[-1.0, -1.0]",1670621977.670827,150,7.799428939819336,1,0,-1,-1,0.0,0.6,"[1.6997318267822266, 1.3501458168029785]",0.0,7.799428939819336,15,9,2.19741151068245,0,8.799484014511108,2022_12_09_16_39_34,77,"[1, 0]","[1, 3]","[1, 0]","[1, 6]",1NRO,5NR,6.0,7,,,,,,,,,,,,
77,77,1670621986.7528472,"[1.0, -1.0]",1.0,-1.0,1.0,1.0,-1.0,"[1.0, -1.0]",1670621991.037861,256,9.58201289176941,0,1,-1,1,0.0,0.4,"[1.9659767150878906, 3.482825994491577]",0.0,9.58201289176941,15,6,2.178815681585947,0,10.581790924072266,2022_12_09_16_39_45,78,"[0, 0]","[2, 2]","[1, 0]","[1, 5]",2NRO,6NR,7.0,8,,,,,,,,,,,,
78,78,1670622000.20243,"[1.0, -1.0]",1.0,-1.0,1.0,1.0,-1.0,"[1.0, -1.0]",1670622002.836794,158,5.734053134918213,1,0,1,-1,0.15,0.5555555555555556,"[1.7487709522247314, 1.8322899341583252]",1.0,5.734053134918213,9,5,1.633537902776898,0,6.733703136444092,2022_12_09_16_39_59,79,"[1, 1]","[1, 1]","[1, 0]","[1, 4]",1R,1R,8.0,9,,,,,,,,,,,,
79,79,1670622009.634655,"[-1.0, 1.0]",-1.0,1.0,1.0,-1.0,1.0,"[-1.0, 1.0]",1670622014.3199518,280,9.983496904373167,1,0,-1,1,0.0,0.6666666666666666,"[0.9825730323791504, 3.8830299377441406]",0.0,9.983496904373167,15,10,1.7375149855012983,0,10.982746124267578,2022_12_09_16_40_08,80,"[0, 1]","[2, 1]","[0, 0]","[2, 3]",1NRO,1NR,9.0,10,,,,,,,,,,,,
80,80,1670622046.39827,"[-1.0, -1.0]",-1.0,-1.0,1.0,-1.0,-1.0,"[-1.0, -1.0]",1670622056.2325718,589,15.131922960281372,0,1,-1,-1,0.0,0.2666666666666666,"[9.032490015029907, 7.965799331665039]",0.0,15.131922960281372,15,4,1.3932238113050022,0,16.13167905807495,2022_12_09_16_40_45,81,"[1, 0]","[1, 2]","[1, 0]","[1, 2]",2NRO,2NR,10.0,11,,,,,,,,,,,,
81,81,1670622088.595842,"[1.0, -1.0]",1.0,-1.0,1.0,1.0,-1.0,"[1.0, -1.0]",1670622093.330477,284,10.048532009124756,0,1,-1,1,0.0,0.2666666666666666,"[3.932562828063965, 2.2160067558288574]",0.0,10.048532009124756,15,4,1.790728744903146,0,11.048985719680786,2022_12_09_16_41_27,82,"[0, 1]","[2, 1]","[1, 1]","[1, 1]",3NRO,3NR,11.0,12,,,,,,,,,,,,
82,82,1670622973.3511229,"[1.0, 1.0]",1.0,1.0,-1.0,-1.0,-1.0,"[-1.0, -1.0]",1670622976.4354408,185,8.183736085891724,1,0,1,1,0.0,0.5333333333333333,"[2.283182144165039, 1.5329270362854004]",0.0,8.183736085891724,15,8,1.0888434467176829,0,9.182477235794067,2022_12_09_16_56_12,83,"[1, 1]","[1, 1]","[1, 1]","[1, 1]",1NRG,4NR,12.0,1,,,,,,,,,,,,
83,83,1670622985.317291,"[-1.0, -1.0]",-1.0,-1.0,-1.0,1.0,1.0,"[1.0, 1.0]",1670622988.368955,183,3.4830029010772705,1,0,-1,-1,0.15,1.0,"[2.2499358654022217, 0.9825751781463623]",1.0,3.4830029010772705,1,1,1.2982774727661446,0,4.483052968978882,2022_12_09_16_56_24,84,"[0, 0]","[12, 10]","[0, 0]","[18, 10]",1R,1R,0.0,2,,,,,,,,,,,,
84,84,1670622992.3999271,"[-1.0, -1.0]",-1.0,-1.0,-1.0,1.0,1.0,"[1.0, 1.0]",1670622994.334317,116,2.783087730407715,1,0,-1,-1,0.15,0.5,"[1.1159427165985107, 1.132863998413086]",1.0,2.783087730407715,2,1,2.184236159376309,0,3.783437013626098,2022_12_09_16_56_31,85,"[0, 0]","[11, 9]","[0, 0]","[17, 9]",1R,1R,1.0,3,,,,,,,,,,,,
85,85,1670622998.749364,"[-1.0, -1.0]",-1.0,-1.0,-1.0,1.0,1.0,"[1.0, 1.0]",1670623009.6157088,652,16.165446281433105,0,1,-1,-1,0.15,0.0666666666666666,"[0.9830021858215332, 10.065973997116089]",0.0,16.165446281433105,15,1,1.672623790519816,0,17.18188500404358,2022_12_09_16_56_37,86,"[0, 0]","[10, 8]","[0, 0]","[16, 8]",1NR,1NR,2.0,4,,,,,,,,,,,,
86,86,1670623019.1147468,"[-1.0, -1.0]",-1.0,-1.0,-1.0,1.0,1.0,"[1.0, 1.0]",1670623021.299844,131,3.967280149459839,1,0,-1,-1,0.15,0.8,"[1.0656192302703857, 1.382986307144165]",1.0,3.967280149459839,5,4,1.518602601657469,0,4.965702295303345,2022_12_09_16_56_58,87,"[0, 0]","[9, 7]","[0, 0]","[15, 7]",1R,1R,3.0,5,,,,,,,,,,,,
87,87,1670623026.7145972,"[-1.0, -1.0]",-1.0,-1.0,-1.0,1.0,1.0,"[1.0, 1.0]",1670623029.065718,141,5.132089853286743,0,1,-1,-1,0.15,0.5,"[1.5490257740020752, 0.9828946590423584]",1.0,5.132089853286743,8,4,1.9107512449127904,0,6.132577657699585,2022_12_09_16_57_05,88,"[0, 0]","[8, 6]","[0, 0]","[14, 6]",1R,1R,4.0,6,,,,,,,,,,,,
88,88,1670623035.496366,"[-1.0, -1.0]",-1.0,-1.0,-1.0,1.0,1.0,"[1.0, 1.0]",1670623037.3317142,110,5.282889127731323,0,1,-1,-1,0.15,0.5,"[1.033167839050293, 0.9829518795013428]",1.0,5.282889127731323,10,5,2.800885710568882,0,6.28367018699646,2022_12_09_16_57_14,89,"[0, 0]","[7, 5]","[0, 0]","[13, 5]",1R,1R,5.0,7,,,,,,,,,,,,
89,89,1670623044.478868,"[-1.0, -1.0]",-1.0,-1.0,-1.0,1.0,1.0,"[1.0, 1.0]",1670623046.829988,141,3.167296886444092,1,0,-1,-1,0.15,0.5,"[1.5502169132232666, 0.9837920665740967]",1.0,3.167296886444092,2,1,1.575016408135779,0,4.167146921157837,2022_12_09_16_57_23,90,"[0, 0]","[6, 4]","[0, 0]","[12, 4]",1R,1R,6.0,8,,,,,,,,,,,,
90,90,1670623051.2288058,"[-1.0, -1.0]",-1.0,-1.0,-1.0,1.0,1.0,"[1.0, 1.0]",1670623053.114285,113,2.3170223236083984,1,0,-1,-1,0.15,1.0,"[1.0839312076568604, 0.9826700687408447]",1.0,2.3170223236083984,1,1,1.6330472701652654,0,3.316662073135376,2022_12_09_16_57_30,91,"[0, 0]","[5, 3]","[0, 0]","[11, 3]",1R,1R,7.0,9,,,,,,,,,,,,
91,91,1670623057.095328,"[-1.0, -1.0]",-1.0,-1.0,-1.0,1.0,1.0,"[1.0, 1.0]",1670623060.6623528,214,4.666553020477295,1,0,-1,-1,0.15,0.6666666666666666,"[1.132645845413208, 2.765955924987793]",1.0,4.666553020477295,3,2,1.329206909696481,0,5.666546821594238,2022_12_09_16_57_36,92,"[0, 0]","[4, 2]","[0, 0]","[10, 2]",1R,1R,8.0,10,,,,,,,,,,,,
92,92,1670623065.4108229,"[-1.0, -1.0]",-1.0,-1.0,-1.0,1.0,1.0,"[1.0, 1.0]",1670623067.212472,108,6.9171671867370605,0,1,-1,-1,0.15,0.6666666666666666,"[0.9841432571411133, 1.0001792907714844]",0.0,6.9171671867370605,15,10,1.92493114160649,0,7.918231010437012,2022_12_09_16_57_44,93,"[0, 1]","[3, 1]","[0, 1]","[9, 1]",1NR,1NR,9.0,11,,,,,,,,,,,,
93,93,1670623076.0771918,"[-1.0, 1.0]",-1.0,1.0,-1.0,1.0,-1.0,"[1.0, -1.0]",1670623078.729106,159,3.4349231719970703,1,0,-1,1,0.15,0.5,"[1.8496813774108887, 1.5165741443634033]",1.0,3.4349231719970703,2,1,1.767837193526421,0,4.434276103973389,2022_12_09_16_57_55,94,"[0, 0]","[2, 3]","[0, 1]","[8, 1]",1R,1R,10.0,12,,,,,,,,,,,,
94,94,1670623083.1099992,"[-1.0, 1.0]",-1.0,1.0,1.0,-1.0,1.0,"[-1.0, 1.0]",1670623087.444892,260,7.450149774551392,0,1,1,-1,0.15,0.3333333333333333,"[1.615952730178833, 3.5331177711486816]",1.0,7.450149774551392,9,3,2.5236758714241327,0,8.450273752212524,2022_12_09_16_58_02,95,"[1, 0]","[1, 2]","[0, 0]","[7, 2]",1R,1R,0.0,1,,,,,,,,,,,,
95,95,1670623094.342602,"[1.0, 1.0]",1.0,1.0,1.0,1.0,1.0,"[1.0, 1.0]",1670623096.661053,138,7.432909965515137,0,1,1,1,0.15,0.6,"[0.9833500385284424, 1.516813039779663]",0.0,7.432909965515137,15,9,1.2430409563686566,0,8.432641983032227,2022_12_09_16_58_13,96,"[0, 1]","[7, 1]","[0, 1]","[6, 1]",1NR,1NR,1.0,2,,,,,,,,,,,,
96,96,1670623105.542124,"[1.0, -1.0]",1.0,-1.0,1.0,1.0,-1.0,"[1.0, -1.0]",1670623107.377475,110,5.632843017578125,1,0,1,-1,0.15,0.6363636363636364,"[1.0325078964233398, 0.9991939067840576]",1.0,5.632843017578125,11,7,1.6458446428751083,0,6.633358001708984,2022_12_09_16_58_24,97,"[0, 0]","[6, 5]","[0, 1]","[5, 1]",1R,1R,2.0,3,,,,,,,,,,,,
97,97,1670623114.874082,"[1.0, -1.0]",1.0,-1.0,1.0,1.0,-1.0,"[1.0, -1.0]",1670623116.659618,107,5.933263778686523,1,0,1,-1,0.15,0.6666666666666666,"[0.9844820499420166, 0.9844820499420166]",1.0,5.933263778686523,12,8,1.7971645471363578,0,6.933758020401001,2022_12_09_16_58_33,98,"[0, 0]","[5, 4]","[0, 1]","[4, 1]",1R,1R,3.0,4,,,,,,,,,,,,
98,98,1670623124.490874,"[1.0, -1.0]",1.0,-1.0,1.0,1.0,-1.0,"[1.0, -1.0]",1670623126.592286,126,3.217534065246582,1,0,1,-1,0.15,0.3333333333333333,"[1.299393892288208, 0.9832301139831543]",1.0,3.217534065246582,3,1,1.7702225415183024,0,4.2170939445495605,2022_12_09_16_58_43,99,"[0, 0]","[4, 3]","[0, 1]","[3, 1]",1R,1R,4.0,5,,,,,,,,,,,,
99,99,1670623131.289719,"[1.0, -1.0]",1.0,-1.0,1.0,1.0,-1.0,"[1.0, -1.0]",1670623133.076488,107,4.218327045440674,1,0,1,-1,0.15,0.5714285714285714,"[0.9833950996398926, 0.9833950996398926]",1.0,4.218327045440674,7,4,2.797321309428331,0,5.218189001083374,2022_12_09_16_58_50,100,"[0, 0]","[3, 2]","[0, 1]","[2, 1]",1R,1R,5.0,6,,,,,,,,,,,,
100,100,1670623139.139212,"[1.0, -1.0]",1.0,-1.0,1.0,1.0,-1.0,"[1.0, -1.0]",1670623140.97462,110,7.150025844573975,0,1,-1,1,0.0,0.4666666666666667,"[0.983407735824585, 1.0332379341125488]",0.0,7.150025844573975,15,7,1.4908553457667797,0,8.14895486831665,2022_12_09_16_58_58,101,"[0, 1]","[2, 1]","[1, 1]","[1, 1]",1NRO,1NR,6.0,7,,,,,,,,,,,,
101,101,1670623150.038743,"[1.0, 1.0]",1.0,1.0,1.0,1.0,1.0,"[1.0, 1.0]",1670623152.473463,146,4.266914129257202,1,0,1,1,0.15,0.6,"[1.5164539813995361, 1.6343679428100586]",1.0,4.266914129257202,5,3,2.2454944140079,0,5.266439914703369,2022_12_09_16_59_08,102,"[1, 1]","[1, 1]","[1, 1]","[1, 1]",1R,1R,7.0,8,,,,,,,,,,,,
102,102,1670623157.938036,"[-1.0, -1.0]",-1.0,-1.0,1.0,-1.0,-1.0,"[-1.0, -1.0]",1670623160.305831,142,7.66555380821228,0,1,-1,-1,0.0,0.7333333333333333,"[1.016664981842041, 1.5664970874786377]",0.0,7.66555380821228,15,11,1.5751871400426989,0,8.665565013885498,2022_12_09_16_59_16,103,"[0, 0]","[4, 8]","[0, 0]","[4, 5]",1NRO,1NR,8.0,9,,,,,,,,,,,,
103,103,1670623169.3879738,"[-1.0, -1.0]",-1.0,-1.0,1.0,-1.0,-1.0,"[-1.0, -1.0]",1670623173.138488,224,9.048994064331056,1,0,-1,-1,0.0,0.7333333333333333,"[2.948880195617676, 1.049187183380127]",0.0,9.048994064331056,15,11,2.078507043549611,0,10.048896074295044,2022_12_09_16_59_28,104,"[0, 0]","[3, 7]","[0, 0]","[3, 4]",2NRO,2NR,9.0,10,,,,,,,,,,,,
104,104,1670623182.2869189,"[-1.0, -1.0]",-1.0,-1.0,1.0,-1.0,-1.0,"[-1.0, -1.0]",1670623185.2874382,180,8.098851203918457,0,1,-1,-1,0.0,0.7333333333333333,"[0.9832360744476318, 2.1992199420928955]",0.0,8.098851203918457,15,11,1.3777129511646118,0,9.099362134933472,2022_12_09_16_59_41,105,"[0, 0]","[2, 6]","[0, 0]","[2, 3]",3NRO,3NR,10.0,11,,,,,,,,,,,,
105,105,1670623194.185184,"[-1.0, -1.0]",-1.0,-1.0,1.0,-1.0,-1.0,"[-1.0, -1.0]",1670623197.0200808,169,7.93311595916748,1,0,-1,-1,0.0,0.6666666666666666,"[2.033306121826172, 1.1495628356933594]",0.0,7.93311595916748,15,10,1.4967051097854889,0,8.932468891143799,2022_12_09_16_59_53,106,"[1, 0]","[1, 5]","[1, 0]","[1, 2]",4NRO,4NR,11.0,12,,,,,,,,,,,,
106,106,1670623205.901336,"[1.0, -1.0]",1.0,-1.0,-1.0,-1.0,1.0,"[-1.0, 1.0]",1670623207.853556,117,7.066648244857788,1,0,1,-1,0.0,0.7333333333333333,"[1.1496028900146484, 0.9996070861816406]",0.0,7.066648244857788,15,11,1.3843244887486426,0,8.066110134124756,2022_12_09_17_00_04,107,"[1, 0]","[1, 4]","[1, 1]","[1, 1]",1NRG,5NR,12.0,1,,,,,,,,,,,,
107,107,1670623216.717747,"[-1.0, -1.0]",-1.0,-1.0,-1.0,1.0,1.0,"[1.0, 1.0]",1670623220.202524,208,8.582481145858765,0,1,-1,-1,0.15,0.5333333333333333,"[2.665761947631836, 0.9825568199157715]",0.0,8.582481145858765,15,8,1.75008486153263,0,9.581614971160889,2022_12_09_17_00_15,108,"[0, 0]","[4, 3]","[0, 0]","[5, 3]",1NRO,6NR,13.0,2,,,,,,,,,,,,
108,108,1670623229.116958,"[-1.0, -1.0]",-1.0,-1.0,-1.0,1.0,1.0,"[1.0, 1.0]",1670623233.633922,271,5.283640146255493,0,1,-1,-1,0.15,0.5,"[2.082646131515503, 3.716024160385132]",1.0,5.283640146255493,2,1,1.6746978217637014,0,6.283047914505005,2022_12_09_17_00_28,109,"[0, 0]","[3, 2]","[0, 0]","[4, 2]",1R,1R,0.0,3,,,,,,,,,,,,
109,109,1670623238.082412,"[-1.0, -1.0]",-1.0,-1.0,-1.0,1.0,1.0,"[1.0, 1.0]",1670623240.9507358,172,6.100665092468262,1,0,-1,-1,0.15,0.4444444444444444,"[2.066878080368042, 1.3671140670776367]",1.0,6.100665092468262,9,4,2.389742913063514,0,7.0996949672698975,2022_12_09_17_00_37,110,"[0, 1]","[2, 1]","[0, 1]","[3, 1]",1R,1R,1.0,4,,,,,,,,,,,,
110,110,1670623247.898308,"[-1.0, 1.0]",-1.0,1.0,-1.0,1.0,-1.0,"[1.0, -1.0]",1670623249.734095,110,7.132918119430542,0,1,1,-1,0.0,0.7333333333333333,"[1.0341119766235352, 0.9834809303283691]",0.0,7.132918119430542,15,11,1.3190467293658394,0,8.132761001586914,2022_12_09_17_00_46,111,"[1, 0]","[1, 2]","[0, 0]","[2, 2]",1NRO,1NR,2.0,5,,,,,,,,,,,,
111,111,1670623258.7813609,"[1.0, 1.0]",1.0,1.0,-1.0,-1.0,-1.0,"[-1.0, -1.0]",1670623263.18175,264,9.665503978729248,0,1,1,1,0.0,0.8,"[3.599611282348633, 2.1331520080566406]",0.0,9.665503978729248,15,12,1.981817734488496,0,10.665310144424438,2022_12_09_17_00_57,112,"[1, 1]","[1, 1]","[1, 1]","[1, 1]",2NRO,2NR,3.0,6,,,,,,,,,,,,
112,112,1670623272.312886,"[-1.0, -1.0]",-1.0,-1.0,-1.0,1.0,1.0,"[1.0, 1.0]",1670623274.831381,151,4.683691024780273,0,1,-1,-1,0.15,0.8333333333333334,"[1.7166509628295898, 1.7003750801086426]",1.0,4.683691024780273,6,5,1.398175592026143,0,5.683711051940918,2022_12_09_17_01_11,113,"[0, 0]","[5, 5]","[0, 0]","[5, 5]",1R,1R,4.0,7,,,,,,,,,,,,
113,113,1670623280.646876,"[-1.0, -1.0]",-1.0,-1.0,-1.0,1.0,1.0,"[1.0, 1.0]",1670623283.5806358,176,3.7162811756134033,1,0,-1,-1,0.15,1.0,"[2.13254714012146, 0.9823131561279297]",1.0,3.7162811756134033,2,2,1.6467873560395656,0,4.716542959213257,2022_12_09_17_01_19,114,"[0, 0]","[4, 4]","[0, 0]","[4, 4]",1R,1R,5.0,8,,,,,,,,,,,,
114,114,1670623287.962242,"[-1.0, -1.0]",-1.0,-1.0,-1.0,1.0,1.0,"[1.0, 1.0]",1670623291.013376,183,8.348856687545776,0,1,-1,-1,0.15,0.8,"[1.2834608554840088, 2.250231981277466]",1.0,8.348856687545776,15,12,1.7941152246334624,0,9.349086999893188,2022_12_09_17_01_26,115,"[0, 0]","[3, 3]","[0, 0]","[3, 3]",1R,1R,6.0,9,,,,,,,,,,,,
115,115,1670623300.111319,"[-1.0, -1.0]",-1.0,-1.0,-1.0,1.0,1.0,"[1.0, 1.0]",1670623304.0629818,237,9.050498008728027,0,1,-1,-1,0.15,0.6666666666666666,"[3.150367021560669, 1.083348035812378]",1.0,9.050498008728027,15,10,1.2865577651010411,0,10.050041913986206,2022_12_09_17_01_39,116,"[0, 0]","[2, 2]","[0, 0]","[2, 2]",1R,1R,7.0,10,,,,,,,,,,,,
116,116,1670623313.011173,"[-1.0, -1.0]",-1.0,-1.0,-1.0,1.0,1.0,"[1.0, 1.0]",1670623315.478368,148,7.583125114440918,1,0,-1,-1,0.15,0.6666666666666666,"[1.666029930114746, 0.9824998378753662]",0.0,7.583125114440918,15,10,1.7846634049445738,0,8.583863973617554,2022_12_09_17_01_51,117,"[1, 1]","[1, 1]","[1, 1]","[1, 1]",1NR,1NR,8.0,11,,,,,,,,,,,,
117,117,1670623324.376631,"[1.0, 1.0]",1.0,1.0,-1.0,-1.0,-1.0,"[-1.0, -1.0]",1670623326.32746,117,7.050242185592651,1,0,1,1,0.0,0.8666666666666667,"[1.1326439380645752, 1.1492979526519775]",0.0,7.050242185592651,15,13,1.1552426726678942,0,8.049292087554932,2022_12_09_17_02_03,118,"[1, 1]","[1, 1]","[1, 1]","[1, 1]",1NRO,2NR,9.0,12,,,,,,,,,,,,
118,118,1670623335.1761029,"[-1.0, -1.0]",-1.0,-1.0,-1.0,1.0,1.0,"[1.0, 1.0]",1670623339.477556,258,8.09949517250061,0,1,-1,-1,0.15,0.8181818181818182,"[1.1657862663269043, 3.5004260540008545]",1.0,8.09949517250061,11,9,1.38250074250687,0,9.09934425354004,2022_12_09_17_02_14,119,"[1, 0]","[1, 2]","[1, 0]","[1, 2]",1R,1R,10.0,13,,,,,,,,,,,,
119,119,1670623347.091692,"[1.0, -1.0]",1.0,-1.0,1.0,1.0,-1.0,"[1.0, -1.0]",1670623350.0282502,176,8.099487066268921,0,1,-1,1,0.0,0.8666666666666667,"[2.1334171295166016, 0.9999079704284668]",0.0,8.099487066268921,15,13,1.7551665511761532,0,9.098408937454224,2022_12_09_17_02_26,120,"[0, 1]","[8, 1]","[1, 1]","[1, 1]",1NR,1NR,11.0,1,,,,,,,,,,,,
120,120,1670623358.990957,"[1.0, 1.0]",1.0,1.0,1.0,1.0,1.0,"[1.0, 1.0]",1670623361.325632,140,6.11769700050354,0,1,1,1,0.15,0.8181818181818182,"[1.5336861610412598, 1.3002231121063232]",1.0,6.11769700050354,11,9,1.5789782651328856,0,7.134137868881226,2022_12_09_17_02_37,121,"[0, 0]","[7, 3]","[0, 0]","[5, 3]",1R,1R,0.0,2,,,,,,,,,,,,
121,121,1670623368.8400571,"[1.0, 1.0]",1.0,1.0,1.0,1.0,1.0,"[1.0, 1.0]",1670623371.241846,144,3.5169830322265625,1,0,1,1,0.15,0.6666666666666666,"[1.5994949340820312, 0.9995558261871338]",1.0,3.5169830322265625,3,2,1.5696880285870964,0,4.516812086105347,2022_12_09_17_02_47,122,"[0, 0]","[6, 2]","[0, 0]","[4, 2]",1R,1R,1.0,3,,,,,,,,,,,,
122,122,1670623375.9564009,"[1.0, 1.0]",1.0,1.0,1.0,1.0,1.0,"[1.0, 1.0]",1670623379.424146,208,8.566620111465454,0,1,1,1,0.15,0.8666666666666667,"[0.9830350875854492, 2.666361093521118]",0.0,8.566620111465454,15,13,1.6420208025800345,0,9.566259145736694,2022_12_09_17_02_54,123,"[0, 1]","[5, 1]","[0, 1]","[3, 1]",1NR,1NR,2.0,4,,,,,,,,,,,,
123,123,1670623388.355113,"[1.0, -1.0]",1.0,-1.0,1.0,1.0,-1.0,"[1.0, -1.0]",1670623395.274398,414,9.350965023040771,1,0,1,-1,0.15,0.5714285714285714,"[1.5671510696411133, 6.117191791534424]",1.0,9.350965023040771,7,4,1.5431402655623885,0,10.35102105140686,2022_12_09_17_03_07,124,"[0, 0]","[4, 3]","[0, 1]","[2, 1]",1R,1R,3.0,5,,,,,,,,,,,,
124,124,1670623401.570837,"[1.0, -1.0]",1.0,-1.0,1.0,1.0,-1.0,"[1.0, -1.0]",1670623403.690133,127,7.24920392036438,0,1,-1,1,0.0,0.4666666666666667,"[1.317361831665039, 1.1336109638214111]",0.0,7.24920392036438,15,7,2.5844497710440746,0,8.249318838119507,2022_12_09_17_03_20,125,"[0, 0]","[3, 2]","[1, 0]","[1, 2]",1NRO,1NR,4.0,6,,,,,,,,,,,,
125,125,1670623412.570626,"[1.0, -1.0]",1.0,-1.0,1.0,1.0,-1.0,"[1.0, -1.0]",1670623416.288946,222,9.015996932983398,0,1,-1,1,0.0,0.4,"[1.7498691082000732, 2.899722099304199]",0.0,9.015996932983398,15,6,1.2760362203820157,0,10.015666961669922,2022_12_09_17_03_31,126,"[0, 1]","[2, 1]","[1, 1]","[1, 1]",2NRO,2NR,5.0,7,,,,,,,,,,,,
126,126,1670623425.437216,"[1.0, 1.0]",1.0,1.0,1.0,1.0,1.0,"[1.0, 1.0]",1670623428.6542668,193,5.648935794830322,1,0,1,1,0.15,0.7142857142857143,"[1.9985499382019043, 2.417062759399414]",1.0,5.648935794830322,7,5,1.3108931854350594,0,6.648785829544067,2022_12_09_17_03_44,127,"[1, 1]","[1, 1]","[1, 1]","[1, 1]",1R,1R,6.0,8,,,,,,,,,,,,
127,127,1670623434.7854989,"[-1.0, -1.0]",-1.0,-1.0,1.0,-1.0,-1.0,"[-1.0, -1.0]",1670623442.119788,439,12.517091035842896,0,1,-1,-1,0.0,0.8666666666666667,"[0.9836361408233643, 6.533045053482056]",0.0,12.517091035842896,15,13,1.168847950268601,0,13.516118049621582,2022_12_09_17_03_53,128,"[1, 0]","[1, -1]","[1, 0]","[1, 4]",1NRO,1NR,7.0,9,,,,,,,,,,,,
128,128,1670623451.2843552,"[1.0, -1.0]",1.0,-1.0,1.0,1.0,-1.0,"[1.0, -1.0]",1670623455.33669,243,9.232548713684082,0,1,-1,1,0.0,0.2666666666666666,"[1.5168278217315674, 3.249835968017578]",0.0,9.232548713684082,15,4,2.01930865700194,0,10.250011920928957,2022_12_09_17_04_10,129,"[0, 0]","[3, -1]","[1, 0]","[1, 3]",2NRO,2NR,8.0,10,,,,,,,,,,,,
129,129,1670623464.383435,"[1.0, -1.0]",1.0,-1.0,1.0,1.0,-1.0,"[1.0, -1.0]",1670623468.268862,233,9.182747840881348,0,1,-1,1,0.0,0.2666666666666666,"[1.566545009613037, 3.0833940505981445]",0.0,9.182747840881348,15,4,1.949067223501096,0,10.182996034622192,2022_12_09_17_04_23,130,"[0, 0]","[2, -1]","[1, 0]","[1, 2]",3NRO,3NR,9.0,11,,,,,,,,,,,,
130,130,1670623477.415597,"[1.0, -1.0]",1.0,-1.0,-1.0,-1.0,1.0,"[-1.0, 1.0]",1670623492.400334,898,20.2839150428772,1,0,1,-1,0.0,0.5333333333333333,"[1.2167980670928955, 14.183272123336792]",0.0,20.2839150428772,15,8,2.1402763813164274,0,21.283682823181152,2022_12_09_17_04_36,131,"[1, 0]","[1, -1]","[1, 1]","[1, 1]",1NRG,4NR,10.0,1,,,,,,,,,,,,
131,131,1670623502.080804,"[-1.0, -1.0]",-1.0,-1.0,-1.0,1.0,1.0,"[1.0, 1.0]",1670623507.115362,301,5.48375391960144,0,1,-1,-1,0.15,1.0,"[1.4997308254241943, 4.233028888702393]",1.0,5.48375391960144,1,1,1.4109254397077229,0,6.483019113540649,2022_12_09_17_05_01,132,"[0, 0]","[-1, -1]","[0, 0]","[-1, -1]",1R,1R,0.0,2,,,,,,,,,,,,
132,132,1670623511.263625,"[-1.0, -1.0]",-1.0,-1.0,-1.0,1.0,1.0,"[1.0, 1.0]",1670623513.664701,144,5.83279013633728,1,0,-1,-1,0.15,0.6,"[1.5327239036560059, 1.5996129512786865]",1.0,5.83279013633728,10,6,1.8109115730907288,0,6.8323609828948975,2022_12_09_17_05_10,133,"[0, 0]","[0, 0]","[0, 0]","[0, 0]",1R,1R,1.0,3,,,,,,,,,,,,
